120 733 565 453 631 583 635
154 481 746 250 320 374 693
151 362 87 518 43 16 33
154 528 623 502 513 453 372
155 90 138 107 518 16 33
154 561 513 554 393 485 499
123 113 249 800 309 95 105
154 353 24 436 465 500 25
123 114 381 156 209 185 134
151 623 528 607 516 417 493
70 141 338 752 510 607 420
126 599 606 51 247 631 140
70 553 360 832 462 243 734
155 19 436 531 508 505 89
155 248 666 277 246 577 383
123 1 498 790 502 407 485
120 821 19 20 509 303 580
148 704 583 50 491 218 383
154 593 304 602 643 284 654
94 845 541 864 348 540 349
153 470 662 728 393 499 510
134 526 509 404 500 510 563
140 650 259 263 94 47 173
68 377 419 384 21 195 770
15 755 648 778 451 856 756
151 752 588 499 607 431 373
78 711 722 346 477 466 78
120 194 881 52 71 423 271
97 318 583 821 503 516 565
155 379 408 390 380 523 671
107 587 303 596 565 498 513
31 20 972 732 592 431 516
150 607 394 563 499 821 469
123 961 622 747 414 550 603
154 535 749 433 570 432 573
72 813 682 545 607 485 526
113 682 644 806 545 493 652
140 821 417 581 420 562 552
123 823 393 583 401 618 420
138 678 460 191 584 317 316
121 130 162 435 60 36 67
151 381 477 105 185 210 104
94 594 977 19 175 89 444
82 790 576 143 551 407 453
127 721 68 133 65 157 158
155 130 142 131 38 159 254
148 650 808 75 191 172 174
140 398 236 147 146 45 9
97 587 265 509 444 25 470
78 783 553 733 315 526 420
127 81 434 173 316 400 94
151 635 503 244 360 533 315
151 466 346 224 300 79 537
133 494 191 316 262 115 47
123 954 481 332 601 326 367
67 875 226 571 174 75 464
151 588 587 513 420 417 607
155 375 474 261 145 276 22
97 333 782 618 728 553 492
148 554 628 403 526 561 420
123 20 526 583 629 607 470
59 644 152 768 565 394 372
44 833 386 448 75 263 82
27 587 462 501 704 140 420
123 873 563 498 492 596 510
138 631 143 606 246 492 141
94 765 67 424 12 42 162
117 703 733 468 383 243 246
154 410 572 294 212 211 376
113 806 768 592 403 516 510
155 230 101 402 126 221 269
140 828 516 470 401 373 393
80 628 371 610 395 492 583
154 521 182 57 310 200 73
107 810 291 487 486 522 763
70 335 892 662 561 516 565
138 395 545 471 581 563 516
84 754 110 24 97 582 25
140 661 43 17 16 427 362
155 110 508 509 88 303 582
127 381 249 207 96 382 134
80 813 790 783 737 431 401
154 548 600 471 526 492 393
151 963 719 549 367 642 413
123 175 631 516 596 502 403
140 943 145 103 76 23 268
155 26 43 366 107 138 64
123 783 516 629 498 600 393
155 453 510 502 516 420 554
148 528 682 533 513 562 516
123 964 387 210 156 105 155
65 928 801 725 656 794 657
154 227 129 241 112 15 14
72 840 683 557 341 340 370
154 779 343 152 347 153 312
109 606 393 501 498 356 371
94 464 596 737 561 576 469
123 876 400 128 82 121 205
72 635 277 461 503 244 360
155 136 156 477 134 137 155
138 703 609 333 491 371 247
140 871 250 367 481 549 334
35 862 768 645 596 431 372
133 437 562 618 469 505 517
42 308 663 460 174 263 121
154 565 662 391 499 401 403
148 552 403 563 393 588 592
78 728 588 371 501 652 492
121 185 426 429 305 267 477
140 886 587 417 607 471 553
27 531 545 748 752 469 470
155 562 513 563 372 502 407
154 607 490 417 431 561 555
155 322 323 438 534 456 61
133 83 191 172 316 169 262
117 99 97 436 437 264 19
140 870 189 112 256 184 15
70 143 465 592 404 505 353
155 556 500 595 89 509 470
153 393 838 394 391 592 499
154 474 221 23 126 269 22
154 588 561 631 499 493 565
151 404 644 647 391 581 607
120 786 205 128 400 47 172
140 646 503 618 607 470 401
86 555 886 682 587 553 372
155 368 133 74 35 68 66
72 907 867 622 747 483 593
15 682 528 333 823 734 420
154 474 41 261 276 101 120
122 224 841 358 578 295 300
25 275 478 735 430 617 48
155 23 76 474 149 145 402
133 808 82 111 47 584 262
93 501 728 592 510 652 315
126 748 25 20 459 837 458
59 831 279 583 740 787 580
129 498 175 459 595 553 517
155 118 85 62 162 12 60
155 120 149 126 375 260 76
68 450 698 355 738 354 727
155 214 54 66 65 100 158
155 565 628 592 373 453 510
88 530 393 469 587 507 444
134 681 99 20 509 436 635
84 590 491 373 647 468 244
123 575 132 445 102 81 7
140 827 391 453 652 728 471
84 189 870 784 119 14 15
155 372 553 629 545 710 517
113 977 97 470 264 175 508
42 672 295 136 209 477 78
96 940 737 420 553 562 588
59 513 950 509 674 748 469
66 759 724 86 68 158 54
140 25 507 490 407 517 403
120 623 233 501 590 468 583
94 870 196 189 44 190 178
155 142 159 254 454 130 198
72 545 505 458 595 459 517
33 740 611 343 404 303 565
122 470 704 333 215 356 660
97 501 728 647 499 533 503
155 251 332 693 320 329 342
120 383 728 526 503 552 141
155 2 816 59 36 118 8
155 40 269 103 402 221 58
123 818 21 18 84 1 195
155 435 8 2 46 258 85
67 666 647 576 565 552 243
155 392 276 103 268 22 40
148 460 169 317 172 47 173
25 811 741 968 687 686 788
151 808 317 48 93 172 316
133 142 46 435 49 39 42
133 733 417 453 583 246 492
155 331 622 363 716 659 739
123 352 182 199 311 56 183
123 611 89 20 670 437 264
154 506 580 242 109 108 282
140 338 275 82 262 169 75
67 420 885 337 357 406 498
31 502 231 279 611 787 507
151 601 693 339 549 367 329
123 338 592 563 394 652 403
123 612 401 782 499 391 407
140 823 635 403 517 507 562
155 459 508 509 670 500 436
97 704 528 394 493 393 420
107 827 218 503 315 471 243
123 855 498 652 401 806 372
151 954 693 339 342 547 367
138 165 393 565 588 615 394
140 663 514 478 94 48 75
155 103 149 40 58 41 120
154 404 662 431 600 471 607
140 173 121 115 83 275 263
70 505 463 516 533 485 248
155 36 46 61 62 59 37
78 782 768 468 371 563 393
155 261 149 41 145 120 103
155 459 508 89 500 531 88
154 18 239 10 31 21 84
140 675 670 459 508 89 20
140 42 254 527 198 142 67
42 886 393 820 956 863 553
140 703 420 315 356 383 246
59 458 526 353 505 592 507
155 246 277 577 501 383 243
68 451 872 360 371 745 756
94 861 393 660 502 404 469
151 790 629 503 498 618 694
72 790 596 315 356 420 431
122 815 503 431 623 652 248
51 430 102 174 173 81 48
80 635 394 491 492 395 403
140 458 492 561 401 517 576
14 721 724 68 92 231 158
154 220 816 162 42 37 46
67 794 701 496 497 699 725
80 567 734 303 246 243 244
154 178 129 189 197 44 241
97 873 631 682 628 516 401
123 42 70 254 527 159 142
94 163 255 381 136 154 382
122 407 468 277 360 51 612
44 396 560 252 300 225 537
127 183 839 252 346 358 300
151 862 499 552 498 581 555
155 747 622 414 489 283 421
107 827 813 453 554 420 728
43 803 191 132 92 170 75
133 728 463 592 583 561 492
155 76 230 221 217 41 261
123 343 582 110 531 508 303
107 660 821 500 563 517 516
155 250 746 330 693 334 425
84 551 393 635 403 407 533
154 286 366 16 138 64 87
97 927 507 510 592 493 420
151 676 41 40 76 261 126
48 805 346 845 349 537 558
151 138 361 362 125 16 33
155 459 264 465 470 635 403
154 528 561 431 499 502 510
151 484 302 292 186 151 63
123 76 14 119 197 190 112
155 694 417 404 533 401 555
133 870 44 129 197 636 184
107 356 463 533 485 393 552
133 400 132 77 6 48 81
113 694 768 631 628 417 492
155 59 61 12 258 37 42
148 293 168 112 119 184 197
66 356 927 576 499 470 492
44 783 880 629 555 576 493
155 747 602 483 363 304 654
127 34 443 262 82 92 170
97 538 220 765 36 11 59
151 239 384 257 13 21 1
122 480 728 510 431 607 576
25 842 872 778 648 785 869
151 754 531 476 19 88 99
123 202 207 96 800 240 273
140 852 879 348 558 637 537
107 838 644 583 453 592 513
140 316 115 128 494 75 48
76 182 521 147 4 200 199
121 875 66 74 214 86 351
140 828 581 526 561 562 492
51 316 121 34 445 115 169
140 173 115 83 111 275 170
140 548 528 868 576 562 417
151 112 402 221 103 276 22
148 161 636 184 44 197 14
68 733 660 28 465 303 218
154 421 716 304 550 602 643
86 868 500 596 581 420 417
121 635 491 704 243 383 733
133 315 576 513 502 244 420
153 316 263 172 169 584 48
123 104 608 300 224 79 477
153 728 469 587 503 401 373
113 551 554 628 498 647 533
61 893 442 637 730 307 306
126 905 636 106 184 196 119
58 895 988 364 640 983 639
155 587 607 493 554 517 647
51 650 808 169 259 434 173
123 717 399 711 78 295 718
121 462 373 652 533 490 660
62 737 896 555 592 394 493
113 386 833 263 443 115 82
25 492 892 110 635 509 470
59 623 24 404 594 444 517
42 514 808 34 624 170 434
90 561 507 595 680 394 403
155 139 96 95 122 800 105
94 726 99 680 476 437 595
155 39 69 527 254 38 131
123 907 643 654 483 421 593
133 266 26 17 286 299 91
155 523 408 671 380 390 411
94 652 234 143 371 360 315
148 623 806 607 517 628 553
66 885 704 391 710 431 498
72 465 752 562 513 373 470
107 575 494 262 400 94 75
148 485 356 507 502 248 552
127 201 627 253 113 137 104
107 670 635 97 24 556 444
86 353 733 140 233 51 360
155 339 330 251 481 367 320
33 595 618 596 782 607 517
66 185 760 224 252 79 477
151 771 426 305 267 446 299
140 490 526 503 618 401 562
131 485 594 680 508 470 404
58 545 46 628 513 756 498
155 127 494 285 83 47 75
140 232 81 7 170 231 92
120 729 54 30 133 158 720
113 34 575 275 94 169 170
133 555 215 51 551 652 420
140 703 468 51 492 277 383
155 320 332 547 425 481 719
134 645 343 583 395 485 470
155 260 261 230 58 41 22
42 488 720 572 376 211 157
148 443 430 617 735 494 308
76 679 537 106 633 79 295
107 316 226 6 82 93 47
33 157 942 898 769 124 203
148 623 694 510 628 373 417
155 468 333 491 277 660 248
33 808 650 338 786 191 584
50 581 530 868 528 444 516
154 469 554 565 502 431 600
97 977 110 465 88 99 175
14 176 970 930 5 830 757
109 468 606 631 551 141 492
155 101 103 22 120 58 392
155 19 24 99 459 500 556
142 828 821 737 682 552 407
72 619 500 373 565 485 401
140 838 552 528 470 485 420
117 587 404 838 581 372 517
25 395 674 611 436 264 444
148 516 463 490 395 600 552
72 728 615 740 660 395 607
133 491 407 516 393 468 420
92 487 890 449 313 314 763
61 623 587 303 458 576 393
123 371 682 629 395 502 492
154 424 435 12 11 118 8
50 872 452 649 648 451 756
155 23 40 269 126 101 76
68 703 143 545 587 453 501
151 650 263 94 478 174 173
72 783 554 629 394 513 393
97 823 545 510 553 407 453
154 427 286 125 27 43 64
151 774 716 602 616 659 489
94 821 623 644 513 420 647
155 492 51 140 243 360 215
66 911 395 545 581 407 417
140 403 554 503 548 485 565
151 262 127 285 48 400 115
151 831 242 109 506 589 282
151 710 588 631 576 554 552
72 954 601 425 746 330 342
66 855 873 576 492 431 372
154 533 581 587 373 417 554
155 159 198 70 131 216 39
78 404 587 140 612 592 583
127 437 469 498 502 556 403
15 398 830 700 194 236 5
154 67 424 11 85 59 46
155 113 114 273 104 415 253
155 16 90 64 125 17 87
113 828 50 510 647 631 393
107 561 916 666 246 577 248
142 97 436 670 582 19 175
44 935 157 294 212 376 211
120 416 29 368 74 65 351
42 623 728 666 215 468 503
154 387 477 185 154 209 201
122 163 255 154 156 137 382
51 362 223 227 14 352 633
44 581 868 383 371 333 420
133 868 631 618 393 600 562
96 338 554 490 652 588 470
127 426 366 26 518 446 91
151 870 256 190 241 15 168
154 470 631 507 576 629 562
72 536 942 673 769 203 124
155 101 126 269 217 402 276
111 782 635 552 600 548 420
113 886 813 563 510 526 401
123 761 2 258 37 12 49
123 827 360 233 50 333 243
154 166 125 427 27 362 361
42 511 744 536 124 123 512
133 515 698 763 727 496 699
97 539 435 424 162 49 62
113 551 662 768 431 373 407
155 674 88 25 459 175 470
97 783 644 499 391 553 502
97 455 235 826 117 116 144
67 493 351 368 74 65 470
120 531 391 592 498 553 595
155 49 61 220 42 60 258
94 821 790 513 710 453 587
123 595 581 790 548 806 553
117 790 528 623 492 391 401
140 601 339 693 425 251 374
151 457 182 183 310 56 199
66 827 0 517 499 596 629
151 767 593 739 643 421 622
112 694 768 588 502 404 618
72 682 143 461 234 360 420
154 704 660 247 315 243 420
122 23 196 197 44 129 112
151 623 395 565 562 631 401
154 410 572 211 376 294 212
123 846 360 533 733 247 244
120 525 143 315 606 50 590
140 139 113 202 412 148 273
107 115 876 231 34 75 204
94 710 465 490 500 395 401
76 590 383 372 734 371 243
154 158 368 65 66 214 29
155 407 565 517 596 498 503
155 652 555 490 561 498 453
155 577 491 140 143 248 420
61 737 403 776 647 533 469
97 823 806 470 502 372 453
138 905 633 227 178 197 190
78 545 592 752 892 548 516
142 458 97 88 517 459 89
142 627 96 249 202 255 273
154 410 572 376 294 212 211
154 816 258 424 42 2 59
151 262 494 127 82 48 115
97 0 528 592 431 555 596
123 867 739 616 363 622 593
140 753 716 747 602 654 414
59 998 305 382 104 477 154
113 596 545 768 548 561 417
155 72 384 0 63 257 1
120 611 554 502 372 404 353
151 601 642 425 334 329 251
148 552 694 782 393 372 553
155 476 508 459 582 25 19
123 72 490 453 576 565 596
140 868 391 471 694 417 372
138 868 545 526 373 528 517
155 368 30 68 86 29 54
140 632 614 775 529 377 378
26 472 599 499 500 503 490
120 281 235 301 116 144 455
66 140 359 461 495 745 243
123 986 439 566 364 482 723
123 617 82 275 47 262 121
155 402 103 101 76 375 221
138 34 317 262 172 170 93
66 553 927 279 507 464 469
68 279 635 99 476 509 469
94 978 813 581 372 553 545
133 448 443 803 47 231 169
140 827 555 623 391 629 471
70 650 434 81 263 75 584
126 185 760 79 78 105 477
67 956 461 662 596 498 863
44 839 409 718 295 466 78
58 663 786 400 262 172 204
121 130 11 118 220 42 39
140 565 670 175 509 264 444
120 206 352 223 578 183 310
113 646 652 631 516 401 507
140 275 478 191 584 173 263
62 666 623 737 576 485 502
122 636 392 145 676 23 112
151 682 694 782 553 471 562
148 404 528 453 507 490 562
154 161 633 112 241 44 14
153 187 45 272 236 5 9
155 2 49 32 60 46 424
113 98 582 670 556 89 88
148 206 183 182 200 311 73
154 548 644 516 526 471 391
138 806 563 393 407 561 372
117 902 616 767 602 603 747
122 733 89 459 507 264 635
15 225 672 167 679 358 78
129 594 463 635 600 680 404
72 927 243 631 463 490 248
44 624 494 172 173 317 47
151 460 81 262 47 48 263
155 481 330 549 642 367 425
150 831 109 242 506 580 589
148 838 682 554 647 493 492
154 403 587 471 401 407 417
140 612 629 417 490 453 492
151 567 666 215 248 599 577
140 912 415 627 104 202 114
92 544 9 793 5 45 848
151 82 92 77 6 81 169
123 141 647 372 581 502 420
97 443 231 172 174 478 263
155 133 35 368 30 74 29
123 142 8 36 62 46 42
97 827 662 490 576 372 629
129 704 790 694 407 244 420
151 303 143 244 660 218 215
121 32 142 254 216 67 2
140 861 533 498 592 469 517
120 114 608 237 79 477 134
123 244 592 372 562 552 420
120 697 52 71 53 881 696
97 823 463 51 315 248 420
123 491 607 588 517 576 492
125 181 312 779 152 193 245
72 732 528 404 581 493 502
155 693 481 374 425 321 413
43 296 737 425 374 334 821
70 776 533 590 50 371 548
154 465 556 436 20 437 264
127 562 24 556 88 248 500
96 703 590 360 745 234 501
62 784 196 112 189 293 44
155 552 391 555 372 401 490
125 773 564 578 300 772 477
72 713 386 170 111 115 285
146 806 587 528 555 581 492
65 163 95 201 137 255 382
50 580 670 561 562 465 403
72 393 461 277 660 244 468
155 133 86 65 74 30 35
151 171 129 119 44 112 106
50 635 731 508 594 338 303
155 565 562 631 502 391 373
123 28 420 485 490 517 500
123 264 498 553 562 628 485
140 754 505 175 436 444 19
154 607 592 628 553 629 516
86 892 395 493 431 565 607
140 943 76 260 221 23 22
123 818 72 0 13 257 195
134 505 828 490 492 404 592
51 343 338 555 485 787 565
113 677 174 82 317 263 262
155 36 42 8 59 220 12
122 959 670 88 508 500 531
94 861 244 752 471 561 516
151 813 470 513 401 372 417
50 591 395 670 88 403 19
113 533 507 175 505 635 470
111 548 612 468 51 660 243
155 251 367 326 321 746 693
155 402 149 230 41 22 221
56 699 244 725 885 498 701
127 63 598 238 597 1 239
127 17 267 429 266 33 91
97 127 575 81 204 624 47
140 353 110 99 508 25 505
140 631 704 246 491 277 244
92 98 806 470 629 694 20
138 869 853 854 932 691 692
153 548 629 768 592 623 372
155 552 561 401 628 503 469
148 694 565 393 662 503 407
155 145 120 474 40 261 392
120 732 401 554 528 420 279
151 676 119 161 112 106 15
151 469 548 393 533 562 417
140 507 587 618 513 562 498
154 501 606 141 333 420 277
133 553 458 444 303 407 469
151 67 435 32 8 59 2
86 412 240 209 156 104 134
148 815 733 315 140 246 371
107 462 551 315 247 577 371
155 521 310 199 57 457 206
151 595 24 88 556 437 509
151 633 578 358 223 270 295
96 367 647 507 401 562 821
93 726 395 508 470 507 594
151 255 309 240 139 207 134
148 629 356 407 563 431 507
97 588 545 533 372 553 562
97 972 587 628 618 562 391
113 278 343 498 453 576 490
140 305 138 366 17 90 91
51 782 453 940 776 631 517
155 138 64 16 17 366 87
122 907 304 603 643 421 593
149 660 499 768 576 618 647
97 463 652 821 493 607 552
138 551 710 431 548 631 502
123 382 249 96 207 240 134
154 716 421 283 363 550 284
56 339 5 821 404 505 325
86 782 243 513 644 471 502
155 465 476 20 582 500 88
97 861 768 782 493 563 516
107 341 318 683 369 340 370
113 567 561 356 660 468 244
76 635 89 398 5 469 505
103 633 784 293 119 171 15
123 588 50 247 248 360 492
150 403 393 552 631 600 401
25 755 778 354 451 856 756
27 846 768 545 827 526 492
155 217 474 149 58 375 261
155 329 334 425 326 320 330
155 199 310 200 311 56 521
155 218 140 315 583 243 660
94 842 698 449 727 763 450
148 285 275 443 494 400 121
25 297 689 878 537 637 298
127 465 499 563 583 505 395
72 135 660 498 499 587 431
155 408 390 523 379 411 380
117 233 353 660 246 143 360
154 556 465 175 437 459 531
72 901 575 494 128 82 75
151 171 129 161 15 106 197
72 733 501 588 652 471 492
133 609 516 553 498 244 431
25 556 533 787 752 892 470
123 916 583 652 373 498 407
150 587 404 628 469 631 513
107 80 226 263 83 81 205
66 592 745 501 599 233 492
94 311 718 222 295 300 183
58 734 24 502 565 264 553
155 29 74 214 66 86 65
97 901 6 259 93 231 75
122 563 165 153 296 152 821
76 526 469 246 490 516 629
33 553 24 680 582 437 500
97 103 636 119 184 190 112
154 548 629 607 562 372 492
123 606 516 600 394 565 583
155 631 404 393 485 555 607
72 395 141 553 510 587 631
148 782 490 404 516 372 391
123 844 516 631 553 431 565
155 14 227 189 106 15 636
51 677 80 316 48 7 93
153 565 526 555 710 517 431
78 369 335 47 478 318 231
154 381 105 156 209 210 136
44 139 113 185 209 137 255
154 676 41 103 261 276 101
142 95 156 137 207 105 255
155 310 200 199 457 56 311
148 581 588 469 629 652 517
138 728 838 507 394 470 420
113 541 864 558 349 348 540
123 911 565 629 631 401 516
123 196 227 633 241 178 44
154 392 402 149 126 230 221
140 577 395 500 562 420 248
126 89 555 563 502 465 500
140 821 513 470 728 516 493
55 513 910 439 648 649 756
123 533 704 140 333 246 243
154 474 41 392 268 40 230
154 424 435 12 46 162 11
120 597 135 384 18 1 239
122 823 629 587 583 631 647
123 963 481 693 326 334 425
151 877 481 250 332 329 251
127 248 461 548 503 51 243
24 780 661 647 590 243 525
154 286 366 87 125 43 64
123 935 212 572 376 294 211
126 748 556 88 175 469 675
126 607 88 444 19 576 403
155 29 68 214 100 368 54
67 113 139 27 90 33 255
155 320 329 250 374 746 339
70 265 680 754 88 508 303
113 821 660 629 485 552 502
155 217 375 58 23 120 474
155 659 284 483 421 643 603
148 828 395 517 372 420 682
123 462 592 513 498 554 492
127 534 3 37 36 438 61
122 708 662 499 420 471 404
155 131 454 69 198 254 39
68 708 615 231 740 580 404
151 128 263 259 83 121 82
155 36 46 32 85 42 8
151 629 548 407 545 710 517
155 48 170 128 75 83 111
122 505 533 493 576 607 507
151 402 268 676 269 145 76
120 771 87 17 138 91 299
122 763 532 108 282 580 831
113 662 660 528 647 607 485
117 555 407 838 391 499 490
151 415 96 139 104 148 273
72 393 577 733 218 277 248
97 252 718 679 399 466 79
154 547 821 367 342 374 330
44 399 223 237 252 608 300
96 446 64 361 427 17 90
44 278 243 592 618 453 583
151 475 257 195 21 135 63
155 32 60 162 85 59 2
151 567 215 491 371 243 420
58 810 439 946 487 909 522
132 635 577 462 599 733 660
123 114 207 179 96 122 148
123 461 710 563 431 403 498
123 114 207 122 309 95 148
123 963 719 320 251 345 642
68 666 461 635 500 583 599
44 353 592 175 459 89 500
123 1 516 492 407 431 485
151 275 317 191 47 173 48
44 479 167 87 107 43 33
140 753 739 603 643 414 283
50 638 697 52 791 696 422
138 645 395 652 592 526 373
44 611 444 682 623 372 507
131 347 507 565 821 153 343
92 65 485 734 393 628 351
51 832 510 248 141 553 420
155 268 392 149 217 126 120
120 732 501 315 248 420 279
155 197 256 189 44 178 15
123 838 596 526 453 552 401
50 701 975 778 656 885 725
122 448 808 316 172 478 94
59 734 790 600 533 548 647
154 143 468 501 277 577 247
48 451 114 327 354 785 856
97 815 394 599 631 471 420
148 119 227 171 293 14 197
138 776 545 471 526 592 502
94 681 754 531 20 437 635
127 562 383 660 246 782 492
97 802 247 561 583 533 248
25 445 370 443 478 48 231
155 250 693 374 345 549 251
155 800 309 96 139 273 207
154 653 406 336 357 337 385
154 782 503 545 581 407 471
148 734 407 533 243 244 248
150 682 565 510 768 596 417
154 407 647 533 493 652 552
94 868 353 583 533 635 420
138 94 127 494 308 169 111
155 272 147 146 194 9 271
155 392 474 149 120 260 76
133 34 275 83 48 102 170
154 44 636 189 15 106 112
140 507 561 391 485 403 492
140 494 6 132 80 169 170
44 443 514 81 34 6 93
155 368 68 29 66 214 65
138 500 581 587 554 631 583
59 650 34 430 308 205 48
103 505 490 516 498 20 403
51 343 143 728 471 233 420
59 338 814 83 170 231 75
155 489 716 602 747 550 283
103 776 555 644 453 469 503
127 246 553 453 607 599 502
140 362 518 366 107 43 33
154 767 659 654 483 603 602
68 579 115 478 191 263 259
151 470 790 806 645 526 401
72 436 647 516 545 391 470
113 663 317 259 93 48 47
113 662 647 404 583 581 373
151 660 233 234 50 360 243
155 489 616 284 622 331 483
151 774 602 767 284 483 283
154 148 800 179 249 96 240
127 652 247 140 333 592 490
151 506 580 532 282 109 242
155 158 66 86 30 54 29
155 498 629 555 806 420 596
140 594 28 99 19 437 444
151 862 588 600 555 516 420
155 425 332 693 251 329 339
48 306 646 731 338 469 464
107 503 577 343 490 393 356
120 233 682 581 618 583 371
76 471 635 213 219 652 404
151 409 399 760 78 300 79
155 230 268 221 149 22 392
66 756 990 453 555 607 513
154 503 490 528 431 583 499
76 834 769 488 157 124 203
151 528 592 629 596 499 516
33 248 737 873 768 513 431
123 232 133 54 100 30 158
155 366 17 91 43 138 64
123 799 135 21 195 1 63
58 917 561 594 404 391 509
127 186 475 72 384 292 63
25 916 338 623 576 485 660
123 23 636 189 190 171 15
107 382 415 387 255 201 134
78 266 477 16 43 305 90
31 730 851 634 879 558 637
123 961 622 489 739 414 602
25 528 694 674 500 469 516
142 154 415 253 387 134 104
122 491 372 403 431 407 660
154 407 629 596 431 607 391
121 844 779 153 296 347 395
155 145 101 76 217 676 260
125 485 611 635 507 768 623
59 810 291 946 487 486 522
151 838 555 470 490 401 502
154 660 51 50 277 247 315
154 200 183 182 56 310 57
97 972 555 821 393 404 391
133 444 485 554 552 469 565
97 803 650 93 172 174 47
151 765 32 118 162 61 8
155 31 72 63 18 13 195
120 582 502 728 552 470 265
94 77 430 47 127 128 205
121 555 347 343 153 165 403
125 499 141 50 468 554 561
31 203 86 721 724 158 157
66 827 463 533 403 431 526
140 128 443 259 263 205 170
123 734 565 401 562 596 628
140 402 392 676 268 101 276
97 51 431 500 417 516 420
62 850 588 333 660 395 492
120 709 510 498 555 553 595
122 72 644 581 629 562 485
151 663 128 127 48 47 83
140 765 424 32 258 8 11
123 640 641 439 482 365 364
35 912 96 136 412 255 105
153 392 402 41 474 230 375
123 15 221 58 230 269 23
154 474 221 126 402 261 230
154 32 67 85 59 118 12
107 343 50 394 503 372 393
126 137 309 96 273 201 255
143 587 303 490 485 218 407
78 24 595 404 407 476 500
59 174 7 111 82 6 48
140 650 316 75 93 584 191
151 623 528 499 417 555 471
155 215 491 247 371 277 492
155 27 125 138 366 87 91
123 102 172 191 94 173 93
143 742 365 566 723 641 439
113 596 866 548 545 662 607
113 383 513 734 517 490 583
25 465 319 391 469 629 395
50 590 19 554 587 303 420
154 41 474 145 260 149 402
72 503 612 666 704 51 360
134 728 458 517 507 498 373
134 234 490 215 492 360 501
155 503 581 492 517 391 502
42 366 286 78 537 427 17
154 37 67 2 59 42 60
43 776 615 680 556 444 470
154 712 153 312 347 165 152
154 719 601 367 334 251 320
123 80 448 275 82 259 170
123 455 148 255 415 134 114
151 293 227 168 197 44 184
151 674 110 303 19 89 88
126 580 624 34 80 740 231
155 250 374 693 326 367 547
97 680 24 674 88 89 444
123 609 498 493 453 728 431
117 538 42 765 85 59 162
155 393 562 554 647 528 453
123 835 321 330 332 367 326
155 684 836 570 432 433 630
123 278 517 607 395 565 660
155 41 260 126 145 149 392
155 436 175 264 476 508 505
122 191 226 82 169 400 317
155 533 513 728 548 493 607
120 559 358 300 295 537 560
107 946 810 486 763 487 522
123 249 136 382 155 154 134
50 885 620 596 493 619 644
150 635 508 680 509 507 444
107 790 353 623 356 471 407
27 436 581 776 628 734 517
133 404 526 813 728 628 516
148 510 356 682 404 431 407
123 623 315 577 243 599 246
155 144 188 301 117 160 235
127 243 407 463 631 233 492
123 362 366 87 138 90 125
155 505 88 303 465 437 175
154 258 816 49 36 8 12
93 704 607 50 548 492 244
154 269 375 76 217 58 261
140 42 130 527 159 67 142
126 201 839 300 608 185 477
50 806 195 533 623 135 485
72 210 96 415 202 273 255
122 520 577 247 215 371 606
123 338 628 629 652 373 565
72 356 279 513 470 394 490
125 587 586 585 758 548 453
121 198 62 37 2 49 216
146 628 395 563 548 561 502
154 259 575 48 94 111 47
155 503 391 554 526 485 596
151 259 494 285 400 83 121
121 227 221 268 145 230 112
133 240 627 113 255 139 104
97 247 662 790 782 526 471
25 591 674 510 505 436 25
93 798 627 105 412 255 154
93 574 12 765 162 59 535
151 828 516 588 373 393 493
154 514 316 434 174 47 75
154 800 148 309 207 105 240
97 644 501 612 246 140 492
51 156 249 113 114 139 105
154 838 563 517 485 499 562
138 870 293 197 190 168 178
59 610 19 583 248 505 395
148 635 556 582 465 20 444
123 249 137 209 382 154 134
94 678 275 478 174 47 316
113 821 576 548 581 587 373
155 659 622 550 654 602 739
154 508 675 476 25 509 19
123 322 2 11 36 435 61
140 670 99 754 582 20 88
140 765 118 32 42 2 11
154 554 629 596 420 576 517
140 538 32 60 62 162 8
140 754 531 476 175 25 582
151 505 236 146 4 45 5
59 737 623 353 635 652 404
155 374 334 330 320 332 250
138 50 499 471 552 315 453
148 541 349 558 605 348 540
24 787 923 51 635 733 611
151 615 431 592 588 470 517
140 469 490 248 682 373 517
44 861 89 471 554 498 517
72 510 815 612 660 383 420
151 93 445 92 80 204 205
151 248 499 516 492 403 471
150 645 516 417 806 470 471
42 90 136 466 760 300 477
155 95 96 122 800 207 104
123 877 693 549 367 547 374
69 590 896 510 502 394 244
123 806 623 470 583 533 628
140 371 768 513 403 431 373
122 140 581 431 561 652 490
94 790 333 461 583 360 498
155 432 630 570 836 574 684
155 224 237 252 346 409 225
153 443 448 275 205 83 170
83 551 244 768 552 356 647
154 618 600 583 493 499 510
140 395 510 453 596 652 499
25 745 964 96 477 104 155
155 367 329 549 320 342 547
78 644 555 609 315 526 492
155 1 21 18 257 0 135
94 546 395 806 499 492 728
137 548 612 277 248 631 371
59 679 638 608 537 655 78
94 359 704 660 141 371 577
127 209 139 95 148 201 134
117 469 526 248 502 552 493
48 531 823 911 516 647 470
138 838 526 498 403 490 499
153 563 607 548 596 453 485
151 647 553 403 417 431 533
155 342 367 250 325 374 251
151 514 275 259 93 94 75
113 782 631 652 404 420 576
94 940 360 587 218 660 552
123 866 592 628 493 470 629
93 856 912 155 105 114 785
66 453 863 468 234 461 50
70 223 477 722 760 79 300
97 648 365 723 566 482 439
154 112 293 190 119 129 106
151 754 476 303 99 88 19
155 67 38 39 198 454 70
43 480 837 97 444 25 675
154 236 272 9 146 45 4
155 22 276 145 402 120 40
97 232 226 263 443 121 205
148 244 510 587 141 631 420
123 274 404 502 303 607 395
107 611 548 395 552 248 420
93 803 191 400 584 317 115
140 178 221 40 276 145 23
155 483 602 421 283 489 363
31 225 306 879 298 637 537
120 175 191 317 584 338 403
97 998 382 387 201 136 154
123 316 81 445 132 77 169
68 172 115 92 102 169 47
59 681 319 531 509 776 404
123 430 478 316 460 172 75
154 218 609 247 140 248 246
148 112 196 293 189 44 197
155 101 149 217 76 276 40
42 360 490 705 519 520 606
154 41 676 217 268 261 392
154 479 881 53 71 52 423
155 392 103 260 268 41 22
133 259 34 7 6 48 93
155 116 144 117 188 301 160
155 330 332 250 321 549 547
155 129 196 197 293 190 119
154 481 746 367 693 339 321
151 759 158 86 29 35 54
27 556 526 465 248 507 403
155 485 499 517 526 516 563
103 752 19 395 465 561 403
154 187 45 4 194 146 9
70 866 623 737 469 516 373
140 548 468 383 247 492 420
43 470 682 501 468 50 583
140 838 404 500 303 507 490
72 908 298 540 348 537 558
113 155 95 412 148 104 134
121 503 413 693 367 325 821
155 492 401 526 393 682 471
151 635 89 508 505 437 470
97 732 469 647 587 607 431
155 171 184 178 44 197 14
76 751 525 33 479 524 661
146 662 752 768 563 471 502
65 866 247 517 548 490 782
155 37 59 258 46 2 61
97 783 587 565 600 431 492
155 345 329 342 413 339 320
72 384 484 799 292 186 63
97 740 391 356 393 492 583
15 404 595 152 444 88 303
72 911 866 768 485 499 391
97 961 739 747 283 654 363
67 648 842 665 891 664 869
122 198 424 11 12 36 67
155 424 32 12 11 42 85
148 395 710 587 660 470 502
94 460 111 448 170 259 263
97 28 552 403 470 469 303
151 770 614 775 377 378 529
62 916 277 600 278 631 248
140 827 391 631 499 526 561
123 239 513 517 526 393 485
68 504 99 403 470 509 24
123 905 171 256 184 636 190
76 644 628 610 395 372 562
86 137 113 179 207 104 134
125 581 333 704 143 407 453
86 977 98 670 556 175 508
127 175 563 502 710 505 403
25 265 888 50 576 393 470
97 750 728 592 652 401 710
155 510 618 372 373 492 516
97 609 612 50 143 215 246
154 905 293 161 15 197 190
62 278 561 394 629 401 576
94 480 110 517 595 437 458
72 145 636 119 161 197 15
123 476 510 533 562 587 517
123 821 517 623 401 513 407
62 353 373 704 247 490 356
94 609 862 485 498 576 492
107 394 737 628 553 600 562
72 588 644 782 710 728 498
155 547 321 693 325 330 374
148 816 67 220 61 36 49
155 130 131 39 216 527 198
155 767 622 284 421 304 331
154 636 44 14 184 256 15
97 141 393 645 562 470 431
96 823 821 401 510 373 395
155 550 284 489 622 414 602
113 75 232 876 77 34 6
97 264 502 694 526 548 470
107 98 680 24 509 19 508
123 911 576 553 662 498 391
120 351 577 333 246 244 734
140 867 304 654 659 331 602
154 719 746 413 345 321 251
155 492 768 393 555 499 554
93 766 592 787 740 403 338
97 760 578 633 183 270 300
154 158 368 35 29 100 74
137 666 576 431 407 371 502
97 850 244 510 498 631 502
138 92 285 48 121 204 205
155 593 603 489 331 716 659
129 277 652 404 407 141 631
154 662 404 553 581 485 517
127 415 122 309 249 412 273
123 855 533 583 596 526 372
140 362 138 64 366 16 125
107 471 551 277 371 501 420
155 14 168 633 171 189 44
155 2 258 424 62 59 42
155 453 562 502 652 553 373
151 436 99 110 175 531 500
127 172 115 308 127 191 47
153 556 465 670 680 264 500
78 533 395 674 748 660 470
50 868 729 25 465 646 470
59 618 153 609 490 403 420
148 402 676 392 230 261 276
151 913 758 621 625 585 586
33 383 631 782 652 431 407
123 508 453 431 561 583 470
133 470 315 141 244 373 431
151 867 643 622 489 414 331
154 501 609 246 315 243 248
140 768 471 592 710 565 469
86 204 448 127 285 205 170
113 338 394 485 490 565 517
146 587 507 623 485 499 592
155 112 178 168 106 227 241
151 567 247 333 51 248 577
155 345 374 339 425 693 549
151 838 533 583 471 493 513
138 430 93 170 443 226 82
154 826 235 116 160 144 117
142 256 119 293 168 197 44
133 448 173 434 47 205 93
140 507 561 581 510 562 499
127 360 499 562 565 246 420
94 933 475 31 63 72 195
155 548 499 516 517 561 526
151 867 747 774 421 489 283
154 719 339 374 481 320 425
43 595 465 768 563 372 470
125 55 8 85 2 70 216
155 393 499 592 618 587 553
138 886 768 562 623 401 372
123 356 459 175 403 444 264
127 175 490 502 499 25 470
84 778 856 869 648 756 785
72 545 682 469 821 404 493
151 947 137 382 155 210 156
155 379 671 390 411 408 380
155 154 210 134 201 209 185
151 623 728 644 471 417 431
94 278 545 507 471 499 600
154 545 596 728 526 607 652
50 278 493 218 244 517 660
154 417 790 618 431 502 471
68 638 479 125 26 427 661
123 535 2 162 118 3 59
155 435 32 59 37 11 118
94 121 876 132 34 77 169
113 828 623 563 485 373 562
155 549 719 329 320 345 374
133 592 501 247 244 373 248
123 273 210 387 201 185 134
151 517 582 754 465 20 25
92 63 666 583 141 215 485
121 590 218 612 140 383 233
117 694 682 588 662 471 391
72 663 514 317 115 93 47
120 899 369 340 370 683 825
72 832 453 140 141 501 420
154 728 403 607 526 417 499
142 545 588 403 587 492 401
14 609 590 611 645 373 420
142 285 316 174 430 48 75
138 502 233 50 333 660 248
50 742 649 364 566 648 439
140 886 533 513 623 554 553
154 644 548 498 401 431 372
94 520 233 666 333 315 356
67 328 335 379 408 523 327
59 810 738 699 698 354 763
126 832 215 233 468 846 495
155 137 201 154 155 382 381
137 467 561 631 490 278 453
140 907 739 550 489 593 414
154 803 205 47 121 169 83
72 567 628 333 315 492 420
128 631 509 436 264 485 510
97 595 469 631 644 493 553
27 857 530 675 459 458 444
94 645 247 629 533 583 373
107 249 912 412 202 273 105
93 823 587 565 710 592 395
123 383 710 513 485 453 492
138 787 508 20 264 403 507
27 878 306 730 348 537 637
123 821 622 603 747 602 284
146 462 141 583 461 233 577
107 567 490 50 333 468 248
94 505 806 660 607 628 403
138 495 246 247 501 461 244
140 427 608 252 237 537 78
59 278 555 218 244 647 660
154 749 535 574 630 433 573
155 375 101 40 41 392 126
155 304 622 654 550 284 283
117 737 662 303 401 510 562
72 675 644 533 552 420 469
94 88 806 623 555 628 470
154 607 592 499 600 554 526
151 463 243 215 583 360 492
66 629 495 246 599 468 492
72 135 607 563 682 492 431
15 898 536 834 769 673 124
142 870 119 129 636 14 241
155 499 554 806 372 510 485
75 464 660 728 629 787 395
154 555 407 502 561 583 565
140 279 652 555 431 533 490
58 6 825 318 369 683 231
120 712 180 193 289 219 312
140 771 91 426 305 267 446
155 214 54 100 86 65 368
154 248 513 393 533 500 420
58 611 354 218 660 763 356
151 737 470 583 528 493 513
151 588 806 710 662 493 417
42 258 816 198 130 216 42
155 372 391 485 517 401 631
142 443 191 173 205 47 48
97 827 140 462 468 660 243
132 889 776 469 503 838 553
155 159 39 69 67 55 198
151 871 425 320 251 334 329
97 303 782 592 391 548 562
148 561 563 629 806 555 662
31 607 567 360 863 461 583
59 658 508 553 596 507 583
140 803 127 128 494 47 121
120 19 652 588 555 592 505
140 765 118 37 220 11 59
113 867 739 747 616 593 283
148 121 584 173 259 169 48
126 531 545 607 407 88 303
138 645 596 629 502 782 728
62 750 737 782 517 404 492
94 611 734 555 417 553 565
155 311 73 310 200 57 521
59 704 28 551 353 264 356
25 596 500 350 734 351 420
150 623 510 404 631 470 555
117 6 259 226 75 83 170
140 152 180 213 193 219 245
72 740 453 469 821 394 516
133 240 387 155 255 122 104
155 251 342 325 326 549 413
97 967 866 431 694 782 790
155 258 36 85 42 2 118
107 734 838 548 431 553 503
117 338 263 650 584 172 478
123 678 174 478 460 94 316
94 652 88 681 470 303 404
67 164 136 207 273 255 382
123 127 102 7 624 77 205
136 463 577 51 215 606 490
154 735 169 443 308 82 400
154 555 407 516 561 401 562
138 303 553 596 492 507 565
155 179 309 122 249 148 95
154 676 402 76 149 221 23
123 323 258 85 46 435 61
25 317 369 663 92 205 231
48 88 50 652 600 218 303
59 647 509 790 407 500 502
155 719 321 342 374 325 413
138 712 395 296 821 312 152
123 740 453 652 485 553 583
65 817 138 427 361 125 167
123 782 787 660 403 507 607
94 703 631 577 140 333 501
138 343 662 623 592 507 393
155 251 321 250 367 334 320
107 278 644 403 471 470 502
155 342 332 367 642 326 413
72 596 588 551 303 395 507
72 436 373 338 787 607 507
122 607 218 244 356 246 373
155 94 174 191 460 93 75
123 551 141 501 243 599 356
140 141 499 471 600 492 420
59 681 647 19 508 517 303
24 682 555 597 72 239 596
140 165 516 420 565 395 394
155 260 269 230 145 217 120
154 474 676 392 126 23 103
51 394 768 436 458 373 469
67 914 472 561 485 490 473
123 239 576 607 652 517 485
154 624 93 81 80 6 170
154 806 782 498 499 401 629
123 588 606 333 246 243 583
121 658 606 356 218 243 612
70 63 581 333 490 583 485
140 594 20 97 556 509 444
107 394 737 596 553 600 499
123 142 2 258 424 12 42
151 561 623 629 682 652 492
155 432 573 433 749 574 570
97 546 503 782 492 407 545
44 838 607 468 371 50 647
155 12 60 37 3 59 8
58 771 166 429 90 361 299
66 596 484 84 31 63 72
107 813 533 662 373 645 554
125 547 507 615 821 326 325
72 886 647 728 545 548 581
155 414 716 643 603 284 747
102 469 360 647 461 607 533
155 693 325 329 425 330 549
127 565 141 315 244 628 660
155 816 11 8 85 3 36
97 734 143 733 51 356 248
92 900 501 431 244 503 752
155 220 60 42 435 85 46
66 862 823 492 561 562 555
126 580 97 556 437 600 303
103 434 128 169 226 173 47
43 833 285 80 81 624 83
68 964 136 800 95 104 155
125 778 46 60 85 725 657
68 205 386 580 318 464 127
107 563 681 660 303 517 403
93 624 650 317 478 172 82
127 438 3 36 59 456 61
75 580 420 556 89 338 469
138 458 618 516 372 403 470
138 514 226 170 443 94 48
50 231 500 109 282 403 580
154 600 623 596 507 372 592
148 612 463 490 599 140 246
51 540 852 79 78 637 537
113 742 695 566 482 723 439
148 394 581 607 565 404 499
155 162 12 2 59 49 42
142 178 905 196 256 197 44
155 29 54 68 74 65 66
94 248 790 629 391 782 562
138 808 82 263 94 173 262
68 272 43 428 166 362 422
68 888 391 468 371 420 470
149 404 561 498 395 581 471
155 516 782 498 517 372 662
67 577 551 596 562 533 356
72 663 81 226 494 400 82
151 183 521 457 56 57 199
155 576 372 652 485 533 555
138 681 662 607 372 404 403
107 436 581 628 555 403 470
120 886 599 371 248 492 662
97 247 393 581 372 373 471
154 624 115 47 169 48 75
107 783 750 587 548 552 492
25 934 604 559 764 568 569
138 663 172 263 93 121 82
94 787 97 465 25 508 303
154 693 719 329 481 367 321
123 317 6 132 34 102 231
154 753 602 421 304 283 654
72 381 387 253 113 255 134
123 813 631 562 373 407 372
155 8 62 85 424 61 3
120 644 1 84 18 0 596
103 596 783 470 647 407 417
155 38 69 159 131 198 130
155 339 321 326 425 342 367
70 102 575 478 174 263 169
148 711 578 300 399 358 295
66 861 736 353 680 611 507
72 567 498 246 215 492 599
155 421 622 550 603 304 659
138 359 666 277 51 233 577
155 693 334 374 367 547 329
123 646 710 618 485 592 470
138 247 588 507 431 356 490
76 606 303 776 592 551 420
155 599 490 315 215 244 243
155 273 96 309 95 134 148
140 107 426 266 299 90 91
155 630 433 836 573 684 749
121 129 392 101 23 22 112
140 308 584 478 460 75 47
42 110 977 401 561 403 459
138 583 51 277 491 660 333
155 390 671 379 411 380 523
151 528 728 581 607 498 492
155 260 276 221 217 58 23
151 77 121 47 169 205 204
138 143 873 502 391 583 453
148 532 831 506 242 282 108
133 596 670 25 89 507 517
66 682 175 631 510 500 407
70 961 774 753 304 331 603
123 734 644 581 607 545 417
121 417 315 501 333 50 631
154 501 733 315 383 277 360
148 526 469 407 453 373 510
80 760 839 578 358 79 78
138 395 790 806 554 576 492
138 399 841 578 352 300 295
155 392 126 145 474 76 217
153 728 517 548 629 555 498
24 395 226 960 229 228 464
151 490 51 360 243 143 215
155 393 623 407 618 682 502
68 391 394 318 335 580 404
97 243 395 431 562 373 490
122 734 545 548 581 562 592
107 233 866 502 373 248 492
155 407 561 485 607 662 499
92 594 315 551 143 51 507
138 55 85 60 49 216 67
5 167 428 17 1000 661 427
72 436 844 838 420 565 517
148 588 644 596 583 417 554
127 371 485 631 562 51 492
129 393 140 577 660 628 647
59 832 872 599 50 745 462
155 217 101 268 221 260 76
155 549 330 345 320 367 321
84 769 834 536 123 203 124
155 218 140 420 50 51 215
154 662 248 431 592 453 407
123 463 507 469 565 470 592
76 533 563 444 264 431 485
44 734 948 391 662 499 493
151 6 575 111 83 204 93
133 172 102 6 169 94 75
151 631 581 694 401 618 554
151 803 204 400 115 83 121
155 368 133 100 66 30 86
154 469 391 561 510 737 499
155 68 86 66 35 133 65
155 424 62 85 42 2 11
94 305 399 608 300 537 477
154 676 40 149 76 23 392
23 986 695 639 365 364 723
127 13 151 186 150 135 63
23 815 234 606 587 141 468
138 504 110 476 508 97 20
126 9 670 437 20 4 505
94 682 754 500 88 508 507
42 606 553 462 234 577 490
155 101 149 276 230 221 40
155 533 401 391 407 490 492
154 607 645 587 498 545 401
140 50 372 694 471 503 492
43 25 660 694 391 553 517
25 437 615 463 471 490 507
123 322 816 46 62 2 61
148 468 612 143 501 371 333
94 892 623 694 391 554 576
148 395 628 493 588 565 562
148 232 624 204 132 80 6
154 828 485 372 393 453 407
68 792 847 84 135 195 626
122 343 469 710 587 470 372
123 324 100 86 68 29 158
93 873 463 493 248 492 618
155 523 380 411 408 379 671
113 663 448 400 263 82 83
123 961 747 659 331 284 603
122 948 395 404 470 507 493
133 391 469 395 394 372 563
154 435 765 36 85 2 62
123 237 222 358 270 295 300
155 76 474 145 149 260 276
94 670 776 533 404 503 500
123 935 294 410 212 376 211
113 303 631 383 244 248 218
155 435 8 3 2 11 162
84 815 666 548 50 491 243
155 321 325 549 425 332 719
154 158 368 30 65 133 35
96 768 600 436 588 470 510
146 191 170 231 478 94 262
123 164 136 185 201 105 382
44 868 590 469 500 583 420
154 739 304 643 483 284 622
121 233 652 548 490 453 244
126 690 348 637 537 689 298
123 609 526 562 510 453 420
155 180 193 181 213 289 219
155 425 325 693 334 321 250
154 767 616 622 414 304 747
67 587 551 462 461 371 502
121 319 431 391 600 588 395
155 156 381 201 137 134 154
155 261 149 120 103 269 217
25 244 850 787 629 607 502
123 230 119 129 184 106 112
155 260 474 402 375 276 101
97 677 575 275 48 83 94
155 29 30 54 35 74 66
155 269 103 101 41 40 260
155 485 471 652 565 561 596
148 83 445 231 262 204 170
122 649 853 692 854 932 691
50 334 523 563 588 335 821
148 636 196 129 189 197 190
155 413 325 693 345 342 547
123 299 518 125 107 16 91
121 680 504 591 97 20 556
155 9 187 194 4 5 236
155 432 433 630 570 573 574
151 395 453 623 485 502 401
142 575 494 128 94 82 170
138 752 644 391 553 768 510
14 875 996 285 303 338 464
151 765 42 3 8 36 61
155 564 352 578 358 295 300
149 453 141 356 303 631 431
78 878 348 730 852 879 637
143 641 566 723 742 365 439
59 460 386 81 205 128 75
140 309 627 415 114 134 104
70 916 463 461 577 360 140
154 593 304 331 421 483 616
33 464 681 517 802 303 248
136 644 768 561 393 401 513
155 481 332 326 642 345 374
122 644 218 371 277 660 492
138 210 309 207 96 255 105
123 300 201 105 156 210 477
140 627 136 209 137 134 104
120 140 576 662 629 592 315
97 850 395 526 631 401 502
68 977 594 393 401 500 508
68 860 448 121 400 205 231
72 912 273 136 154 104 105
62 704 469 734 453 710 420
76 931 707 51 248 706 807
151 6 111 94 169 47 170
123 954 425 693 250 481 547
97 531 407 629 510 499 470
113 732 372 752 470 502 516
65 675 823 644 554 647 516
62 911 533 782 710 652 694
140 765 816 60 42 2 62
123 275 132 80 6 77 170
70 911 215 264 552 356 492
48 710 589 9 505 580 404
154 386 169 121 285 308 494
72 306 558 730 852 537 637
72 609 303 498 631 502 420
151 826 301 235 117 144 160
154 816 435 3 11 59 37
140 448 102 132 80 170 205
155 3 42 85 36 11 424
67 373 394 589 242 580 503
155 503 555 516 652 485 533
80 445 663 735 617 204 169
14 71 638 696 167 362 422
90 462 868 652 372 588 420
93 815 787 394 580 303 420
26 265 594 394 552 629 303
48 927 431 476 303 516 394
126 178 260 276 76 44 112
66 740 152 531 20 303 470
62 623 710 508 89 403 517
155 11 60 85 59 424 49
155 40 149 261 145 22 101
103 246 563 607 821 660 502
154 132 624 34 80 92 6
97 372 712 296 312 274 343
107 815 916 233 599 215 140
148 173 624 205 262 170 75
155 170 111 47 275 262 94
154 816 32 42 61 162 11
14 615 153 407 719 330 821
117 606 501 612 371 383 360
127 358 199 310 57 300 183
123 679 270 841 222 223 358
140 453 615 395 404 517 565
129 645 490 631 493 806 526
72 303 609 606 733 51 141
127 516 465 459 508 631 500
96 763 506 580 242 589 831
59 565 594 277 248 500 420
123 756 185 382 136 137 155
155 684 630 432 433 573 749
154 595 465 459 670 476 25
107 635 490 491 215 218 420
107 827 790 563 710 629 526
127 237 564 352 223 252 300
122 617 579 259 448 93 169
155 342 326 746 367 334 374
76 724 488 294 211 158 157
72 888 563 645 545 499 710
138 259 430 285 128 115 111
113 587 507 315 248 552 592
140 458 88 24 505 20 459
154 545 490 485 372 502 470
154 527 454 39 70 130 55
155 13 18 257 384 72 84
107 737 646 453 517 502 401
43 681 465 652 493 391 470
155 225 252 79 477 409 300
92 882 651 819 418 419 811
155 363 489 739 421 284 654
123 892 372 453 499 417 470
68 722 352 199 311 183 295
120 153 682 407 552 356 343
151 670 99 582 508 25 20
113 577 606 612 733 51 360
44 927 996 226 83 386 464
97 776 623 552 407 631 553
154 470 97 264 88 89 175
154 628 588 417 470 565 471
133 248 97 582 459 507 264
126 652 531 444 89 407 469
151 464 75 170 226 285 494
154 24 670 19 508 25 465
30 995 866 728 393 782 618
113 709 670 680 459 595 594
140 751 26 107 91 27 125
155 629 555 782 471 576 393
155 90 366 33 87 518 107
27 815 703 492 218 333 248
151 381 105 477 185 154 209
127 674 373 453 553 175 470
154 470 682 393 533 453 372
155 118 85 258 11 3 12
133 660 694 806 503 303 607
155 118 42 60 32 59 258
68 876 102 434 316 75 6
154 753 659 284 414 304 654
126 322 67 36 118 438 61
72 831 464 600 404 469 580
123 944 73 521 200 206 199
26 852 879 306 396 307 637
97 828 533 662 554 401 493
155 132 445 102 80 205 7
58 172 713 204 400 285 263
57 461 868 333 631 453 501
76 882 819 686 788 812 811
93 703 499 660 394 502 243
86 742 695 364 365 641 439
25 873 644 436 552 507 502
148 902 304 363 593 489 283
133 381 179 95 105 201 134
155 485 502 782 498 548 562
31 436 732 553 873 502 510
59 726 490 437 680 404 594
154 395 436 635 517 303 509
154 765 32 62 8 59 61
127 145 171 106 168 23 15
154 474 221 40 230 126 260
140 827 453 391 555 728 498
72 500 790 682 493 492 485
155 510 372 499 373 552 493
154 545 631 607 516 499 629
65 63 600 598 597 467 239
121 600 51 666 215 383 583
97 817 751 33 27 362 166
155 372 728 526 554 553 652
15 930 830 970 177 176 757
140 827 234 501 360 577 420
155 345 642 320 374 329 719
134 662 505 470 469 576 563
138 624 316 93 94 81 205
140 518 446 267 426 90 91
94 765 67 32 3 42 162
122 784 107 16 17 33 362
59 645 594 50 315 303 453
151 712 296 779 274 347 312
78 563 618 606 246 587 583
140 428 43 27 361 427 362
97 832 548 596 485 662 503
133 25 499 583 395 509 470
140 776 555 417 600 401 588
127 148 201 154 477 113 104
97 246 631 652 553 596 623
129 552 567 846 244 503 492
94 538 142 49 67 42 85
151 902 550 767 414 331 747
155 35 68 54 133 29 74
155 457 200 57 73 310 56
151 303 596 471 490 502 583
151 112 261 41 23 230 103
133 635 526 503 516 444 470
42 455 869 449 314 450 842
155 375 101 120 40 126 260
151 469 393 248 552 303 600
44 752 503 458 89 465 517
121 501 682 600 407 583 141
97 838 782 813 498 516 391
94 955 852 879 537 637 558
148 700 187 271 45 5 9
121 598 135 18 10 72 239
151 545 600 510 391 526 607
155 80 7 102 6 204 77
123 861 499 652 583 513 565
151 356 600 526 393 652 431
123 565 531 582 175 509 444
151 463 403 470 583 490 431
97 244 737 470 554 499 502
127 635 393 552 502 611 600
155 401 563 510 592 513 516
155 305 429 266 426 299 91
113 947 255 382 134 136 185
123 609 502 394 600 682 248
72 638 791 53 423 71 422
151 902 643 716 602 603 331
155 492 628 391 431 513 503
155 345 320 481 601 251 367
142 606 140 599 520 248 246
92 567 629 647 618 453 832
138 465 607 576 485 500 395
155 420 553 404 628 631 513
133 787 526 498 431 660 607
123 88 596 401 623 652 507
155 175 508 25 505 88 436
120 77 584 191 460 478 231
154 647 576 431 499 533 393
97 911 645 420 728 562 694
122 993 485 63 135 72 195
95 697 881 422 71 52 696
50 285 420 306 307 395 464
44 505 594 516 499 401 507
155 8 62 424 11 37 59
155 471 554 526 618 562 502
123 448 80 232 132 6 231
155 332 334 693 342 413 325
138 856 869 649 648 756 785
138 681 821 510 391 403 404
70 315 588 644 629 631 552
153 506 580 831 242 108 282
107 644 356 533 393 554 652
31 418 10 626 770 195 419
151 660 501 51 383 248 468
113 867 643 774 747 483 421
155 70 254 159 55 527 131
129 417 215 353 248 600 403
140 751 518 286 107 43 125
140 647 629 394 507 453 499
138 366 655 362 361 17 33
133 436 618 548 502 303 510
70 937 628 599 407 471 553
58 333 681 548 453 394 501
97 476 503 248 404 533 500
154 41 474 402 260 58 103
138 588 647 548 561 407 492
113 768 343 600 652 516 453
51 805 897 348 605 634 558
151 453 660 140 612 315 492
140 578 711 718 78 295 358
86 588 248 587 645 431 562
154 752 372 417 607 516 510
154 417 563 682 562 499 492
97 845 864 558 348 540 349
94 954 871 326 549 334 342
155 339 330 250 746 367 329
148 566 695 641 364 482 439
123 305 518 286 27 138 90
154 754 97 88 582 19 89
69 896 838 498 453 391 394
80 596 694 646 395 373 407
155 547 481 425 326 549 250
155 662 417 561 596 806 526
80 592 509 351 861 776 517
44 740 25 498 588 600 470
155 305 429 426 266 90 267
66 427 136 139 148 105 96
138 892 500 517 417 752 576
123 38 85 11 42 118 67
134 395 595 436 531 635 507
23 743 271 919 848 793 5
133 868 682 581 493 528 516
155 225 252 537 608 78 224
43 873 813 828 393 682 431
150 587 694 404 652 470 499
113 827 647 645 373 498 492
120 172 102 77 624 169 584
84 463 50 469 587 631 492
113 647 787 395 469 517 607
154 870 112 184 14 178 168
140 800 185 134 210 105 104
24 161 184 40 676 126 112
151 67 258 61 36 46 12
146 417 821 507 453 503 562
154 89 635 436 24 505 500
154 660 233 140 243 577 143
27 857 552 670 403 437 264
123 407 110 175 19 20 303
155 373 553 600 469 502 513
123 959 19 459 436 444 531
140 485 635 28 24 500 264
140 67 424 61 62 11 36
148 728 490 393 554 470 548
134 548 303 469 403 553 498
70 448 317 786 434 191 93
154 577 745 462 495 233 243
123 963 549 251 321 326 425
140 674 264 500 436 509 635
154 719 746 549 320 374 251
155 352 841 183 295 222 564
90 892 768 588 407 555 516
140 507 417 513 503 373 516
131 837 517 507 437 675 646
125 498 25 175 444 629 507
120 652 257 21 10 135 485
151 588 596 513 420 503 404
140 871 326 481 642 329 549
97 674 465 556 28 476 25
140 827 391 516 813 417 526
97 743 398 236 9 4 5
151 530 507 88 465 444 436
155 481 321 642 367 547 332
27 737 880 498 838 471 492
155 407 513 516 618 548 562
151 635 516 682 548 533 420
97 615 545 431 652 502 607
133 274 213 192 289 165 245
121 669 27 43 90 361 655
31 545 248 588 510 403 498
155 523 411 671 408 379 390
151 816 32 258 424 118 49
42 612 916 528 554 587 660
155 215 704 277 333 233 143
51 137 114 240 122 202 104
151 644 768 587 607 391 510
154 905 241 44 190 15 197
94 155 951 449 497 727 450
27 590 783 553 588 576 420
97 892 710 768 498 403 607
138 617 47 82 400 735 308
113 285 443 584 93 400 169
43 801 971 778 725 656 794
126 69 258 12 59 216 67
76 645 629 997 889 391 553
126 494 317 172 262 308 170
123 877 325 334 413 425 374
140 343 498 607 618 372 516
151 826 301 235 116 117 144
76 666 140 404 471 218 599
155 132 445 34 170 205 81
127 114 477 154 137 273 105
127 429 107 43 17 266 90
56 787 763 327 328 450 319
127 23 241 184 190 22 112
155 162 37 220 85 11 2
15 685 809 781 829 969 525
140 606 631 513 528 492 420
126 418 882 812 811 419 819
127 142 59 118 12 39 42
140 877 330 334 549 329 332
154 200 183 182 310 311 73
151 710 393 533 554 565 499
68 25 469 555 372 652 635
123 724 35 214 54 86 158
94 768 782 652 662 581 453
126 243 813 417 510 733 533
76 731 369 814 232 840 370
48 651 377 847 626 770 419
76 718 760 95 167 466 78
27 548 674 681 600 611 635
113 112 268 402 149 22 103
122 912 800 96 104 179 255
27 807 462 490 360 606 244
67 395 335 379 408 523 319
117 631 470 768 647 499 548
155 11 12 8 258 220 36
123 844 647 587 583 631 562
76 645 866 503 417 790 782
86 752 503 587 710 417 373
140 461 248 315 215 371 243
154 554 248 631 561 517 373
155 363 489 483 283 602 622
140 407 501 243 491 141 371
68 782 510 670 110 303 420
151 430 121 115 285 494 82
121 646 110 175 459 508 458
113 943 221 474 149 268 23
76 576 838 731 335 485 565
153 41 474 375 268 260 145
155 363 284 483 616 643 593
154 375 269 261 402 126 276
117 503 587 782 417 492 629
138 644 628 618 565 554 607
154 171 870 168 178 184 636
140 165 180 213 181 245 289
154 430 121 128 494 127 226
44 658 353 565 553 554 407
154 505 582 20 465 459 19
151 67 37 61 8 118 36
154 666 233 215 246 599 248
121 624 317 584 262 93 170
96 610 776 499 372 470 395
151 623 403 469 533 768 516
155 476 508 110 25 19 509
59 994 354 290 486 763 291
155 214 133 368 29 35 86
137 661 53 71 52 791 479
155 429 446 267 426 266 91
138 394 587 768 607 403 576
155 325 330 326 251 334 329
154 790 503 644 431 401 553
72 599 395 417 662 499 682
123 266 366 26 125 43 91
155 8 85 2 816 162 46
97 556 528 404 393 513 470
97 828 233 612 243 315 141
123 961 284 616 414 622 603
72 677 808 275 48 173 93
155 593 331 363 489 603 550
86 265 458 19 28 459 436
151 575 445 6 7 170 204
27 284 528 615 407 404 821
107 394 645 618 526 592 470
140 580 492 407 516 395 470
25 814 93 403 318 787 231
107 754 403 110 556 88 20
59 373 556 383 660 303 246
155 774 489 483 421 284 659
50 756 38 424 32 67 46
146 600 50 660 628 393 647
138 393 703 383 277 468 248
123 790 576 552 561 469 498
72 784 196 227 189 14 15
86 679 718 270 564 300 358
140 526 371 246 248 492 393
50 430 231 400 115 6 83
140 644 628 576 565 596 471
133 777 699 727 496 887 497
138 821 459 403 500 502 507
76 386 430 132 169 128 82
155 746 325 345 549 342 374
151 431 246 277 244 660 371
148 828 782 576 490 393 407
123 440 629 513 431 576 401
120 561 501 51 143 140 407
155 100 35 30 86 368 54
155 57 206 73 56 310 311
123 784 14 171 293 197 44
151 427 366 138 17 27 16
140 507 140 233 243 420 492
94 360 264 471 516 469 583
123 335 380 408 411 671 523
59 303 694 577 647 373 583
59 89 610 588 404 681 436
123 871 693 374 250 642 332
72 896 821 420 470 372 394
155 259 275 263 75 48 174
155 684 573 570 749 630 433
92 692 725 756 778 657 648
80 834 769 512 123 203 124
123 896 373 533 592 471 623
140 719 326 339 746 330 413
155 32 85 60 11 8 435
127 655 53 71 423 661 422
44 912 209 95 179 207 255
140 750 652 694 516 710 492
121 132 403 395 740 580 231
140 509 600 471 562 404 469
86 898 834 673 769 203 124
97 902 739 304 550 622 284
155 643 593 483 283 489 421
151 682 631 644 401 417 629
24 776 563 924 440 441 401
89 886 469 548 776 407 372
76 768 581 849 850 431 373
148 902 767 550 593 747 489
143 566 641 695 723 365 482
117 317 571 94 173 174 478
78 582 595 615 588 175 500
155 493 628 401 623 393 417
127 545 404 596 583 866 553
154 682 647 526 453 552 431
155 493 553 768 499 682 485
138 873 561 682 493 618 499
155 523 379 380 408 390 671
113 737 838 596 581 510 492
151 954 601 345 325 367 320
140 732 493 393 647 517 502
123 961 483 304 659 550 603
133 740 468 599 492 565 583
62 861 165 431 503 395 470
155 221 375 41 76 126 22
127 565 342 334 320 588 821
155 159 254 39 130 55 38
44 927 517 371 247 143 248
142 525 655 422 524 638 661
129 555 577 247 244 498 471
126 860 571 174 75 580 231
123 929 87 33 286 138 91
94 680 606 660 246 356 303
123 580 77 34 132 80 231
96 374 615 372 517 404 821
151 670 505 470 88 25 509
31 394 440 782 552 401 662
86 338 740 576 394 565 470
140 507 628 618 555 401 393
35 623 828 850 581 583 492
44 567 611 493 552 453 248
94 358 206 182 310 56 183
94 887 313 727 449 450 497
113 759 158 368 133 30 35
27 243 880 911 629 607 492
155 32 42 85 8 220 435
67 633 477 255 412 104 300
123 458 492 485 393 391 404
155 570 574 535 836 432 684
155 596 576 493 391 401 393
123 167 139 96 255 249 95
68 298 879 864 349 348 637
140 676 578 183 295 223 270
121 509 152 245 274 165 403
58 303 491 555 471 243 607
113 403 674 754 508 25 444
140 587 371 215 599 218 420
123 911 499 548 401 533 607
155 345 719 549 320 325 250
42 922 575 121 803 115 94
155 459 264 89 175 582 509
155 358 270 183 223 841 352
72 356 838 806 662 401 420
154 454 527 198 216 131 130
138 866 628 502 493 545 629
50 403 98 141 315 110 303
151 398 147 271 4 9 5
154 609 463 141 315 140 360
148 275 34 624 47 204 170
72 892 868 500 592 510 470
65 776 28 485 552 264 553
155 368 66 29 68 35 65
155 346 252 224 537 78 300
140 867 659 622 550 421 331
140 248 555 417 662 471 517
155 643 284 489 622 331 363
72 510 832 660 577 243 647
133 49 131 55 142 42 67
123 502 606 371 360 733 248
50 112 841 221 58 223 676
72 199 793 272 146 45 4
133 196 168 636 106 293 190
43 528 790 218 360 244 492
123 752 587 652 728 513 510
155 506 589 108 242 282 109
155 435 61 3 49 46 8
66 50 644 563 507 516 393
122 597 135 63 21 13 239
155 393 565 502 629 592 395
68 77 731 557 341 370 231
151 183 200 457 310 311 199
33 612 728 592 647 502 453
58 611 733 343 490 599 565
140 768 503 652 581 562 391
86 942 898 673 123 124 203
97 353 710 682 554 417 404
142 596 395 303 553 565 552
138 624 172 94 93 575 47
97 600 582 24 556 19 264
154 77 93 204 34 102 7
123 886 576 562 499 517 372
155 2 37 42 3 36 12
86 867 902 659 622 414 483
78 469 647 595 437 776 470
151 315 815 468 140 383 246
95 285 231 624 77 92 48
140 765 12 42 46 61 36
120 420 532 109 282 580 507
51 466 852 224 477 730 537
86 590 503 277 246 501 244
117 774 767 593 421 283 284
155 257 84 18 1 195 13
140 734 548 710 694 553 417
113 443 808 191 174 93 75
155 215 612 141 660 491 247
142 192 274 165 193 245 219
113 156 113 96 148 255 104
93 729 97 675 476 444 469
140 700 271 272 146 9 5
138 545 737 431 513 662 516
148 262 7 6 47 204 81
76 662 463 243 647 682 453
94 949 464 205 128 308 170
155 1 21 10 0 13 63
107 862 752 596 517 420 607
122 627 947 154 210 185 104
140 584 115 275 82 169 93
5 740 752 635 338 394 470
140 635 513 576 628 403 404
155 684 836 574 432 573 570
151 774 716 602 659 483 283
94 315 436 516 588 517 592
150 395 372 533 600 631 565
155 65 74 29 86 35 66
151 552 782 866 526 662 492
121 460 205 7 170 169 173
127 168 293 119 129 256 14
140 422 26 518 64 125 43
44 650 448 115 308 121 48
122 445 833 121 115 443 205
155 424 62 36 46 258 61
56 486 891 450 842 664 763
123 167 286 518 64 91 33
155 100 35 133 66 368 54
155 413 746 339 320 326 334
123 962 128 494 205 48 400
78 588 510 140 233 652 420
155 140 315 277 501 360 420
93 277 401 463 592 485 660
150 353 490 592 533 395 248
55 17 524 447 167 751 362
43 850 395 618 391 431 838
94 82 232 445 102 92 204
151 594 175 505 508 531 444
80 278 492 670 500 631 576
94 394 704 463 246 606 583
117 112 392 402 103 145 76
155 501 277 383 468 247 333
155 103 149 41 217 269 120
113 833 308 93 48 111 115
121 768 577 567 51 468 492
107 752 264 662 600 502 517
113 356 548 596 533 682 623
155 137 185 210 156 201 136
155 236 5 45 9 271 146
127 513 244 218 315 516 420
123 152 503 652 393 513 394
140 422 91 27 26 125 43
97 456 424 435 32 42 61
27 430 386 787 395 580 464
93 274 682 513 552 768 403
155 816 61 11 49 2 36
72 72 587 628 561 576 485
42 1003 656 209 105 155 872
151 677 584 191 263 262 94
44 215 868 555 404 581 420
155 199 73 57 183 56 182
154 453 782 629 545 499 502
97 680 458 674 20 89 459
155 453 498 682 507 516 576
155 221 120 40 41 103 392
136 485 383 247 356 471 407
120 860 259 115 47 205 232
140 293 168 112 636 171 189
123 179 114 415 253 113 255
138 580 28 20 444 470 303
151 774 716 602 284 283 331
140 675 508 459 110 88 19
155 91 107 26 64 43 366
138 514 121 259 262 174 47
125 606 110 175 264 371 356
154 670 28 110 459 509 437
154 393 469 492 607 401 471
155 358 564 578 223 183 352
140 580 391 652 552 600 404
151 563 553 631 528 373 513
72 783 694 596 623 471 372
151 533 50 468 243 371 244
140 599 694 485 503 420 407
137 832 577 51 501 492 567
122 652 143 244 612 660 599
155 162 42 32 60 220 49
151 826 301 235 117 116 160
155 215 383 606 356 277 420
25 895 979 566 640 364 639
153 768 662 628 554 498 553
123 617 400 262 111 93 121
117 366 286 427 125 17 26
154 308 262 443 169 205 48
154 676 41 22 217 268 126
66 545 25 631 565 403 453
154 647 629 555 503 493 513
151 768 728 662 499 548 513
155 393 372 498 563 583 555
95 509 401 734 628 420 776
123 940 459 20 595 556 470
155 437 500 556 99 88 25
123 311 295 564 841 358 183
155 106 197 168 256 112 190
27 396 306 298 879 558 637
154 739 304 654 284 716 489
154 326 719 425 342 547 320
84 752 485 666 599 498 502
35 677 575 448 34 169 93
44 871 877 425 339 413 329
133 36 130 69 216 2 67
58 766 592 580 787 248 338
154 227 293 189 197 106 15
123 783 143 501 140 371 420
123 359 141 491 140 333 577
76 628 581 704 244 510 502
155 49 67 8 2 36 12
155 23 260 276 269 230 392
151 427 518 107 125 33 64
97 866 469 596 471 562 644
123 278 431 493 503 565 373
127 310 564 352 270 57 183
72 674 652 615 580 394 469
120 20 218 333 248 606 509
155 55 70 38 159 67 142
90 859 364 695 723 641 439
14 990 403 892 737 554 607
155 424 816 36 46 85 62
120 649 932 854 853 692 785
151 826 188 235 117 144 160
154 513 682 526 552 471 391
117 647 694 596 526 417 391
140 119 256 636 178 184 106
125 610 244 315 356 736 611
15 770 544 847 13 1 195
140 436 499 394 453 510 517
154 454 527 67 70 131 130
123 247 554 652 513 587 471
122 404 146 9 4 5 505
123 323 258 49 424 85 61
151 947 201 137 209 156 185
123 479 147 187 194 9 272
27 278 533 710 644 545 373
140 548 600 629 469 401 562
78 249 412 154 209 148 104
68 472 600 612 491 492 490
72 682 303 243 815 215 246
155 425 332 547 330 325 329
97 734 500 471 485 407 503
133 218 403 500 490 551 248
154 44 636 168 227 256 171
72 216 765 435 37 62 49
138 790 647 517 393 407 548
151 646 600 552 517 499 404
155 6 132 205 81 445 92
25 215 407 110 465 509 353
123 783 555 498 728 694 492
154 576 618 652 694 493 485
154 484 292 151 186 150 63
123 72 393 471 555 470 485
72 852 223 225 608 300 537
27 889 990 528 662 587 607
155 216 454 38 130 254 159
154 410 572 212 376 294 211
107 782 740 500 583 562 470
155 414 643 654 489 602 747
140 759 65 133 68 30 54
48 823 373 940 776 248 734
151 361 107 366 43 125 27
123 948 516 391 470 629 493
155 73 206 311 521 200 199
155 510 372 528 502 453 631
146 243 453 393 356 143 420
155 345 374 481 367 547 425
122 962 172 47 48 93 400
123 16 305 426 429 299 90
155 368 74 35 54 100 86
62 430 803 434 170 115 75
155 65 68 74 66 35 158
154 372 469 373 417 403 576
155 533 526 393 492 647 652
155 122 309 95 249 240 207
148 98 595 500 88 508 175
155 122 309 240 139 249 104
35 793 236 398 272 4 45
151 196 256 189 15 44 14
154 782 533 516 498 401 526
155 600 417 554 516 503 431
50 523 328 318 787 327 335
97 47 232 876 77 34 6
123 322 37 85 816 36 61
33 308 448 460 204 263 75
151 913 621 758 586 625 585
133 44 22 276 23 15 112
120 174 391 453 554 420 338
155 32 37 118 220 61 49
140 765 258 37 46 11 36
27 440 490 886 790 526 401
123 72 583 576 471 561 596
148 694 682 628 728 562 493
122 383 645 373 694 545 420
113 737 752 862 782 431 576
142 305 33 125 426 91 90
97 880 576 548 628 561 492
148 129 256 178 293 106 189
140 485 384 10 31 135 1
151 129 178 256 184 44 241
78 663 127 650 478 82 47
133 660 596 629 600 278 502
151 196 184 189 44 129 190
155 391 526 453 652 581 553
154 601 693 329 321 326 332
127 143 394 372 629 704 420
151 563 552 561 485 510 391
154 461 277 383 360 501 50
72 440 303 554 561 453 583
70 806 782 20 403 517 662
76 435 424 538 539 36 62
126 126 119 15 112 269 145
123 943 217 260 392 221 22
70 22 633 293 197 44 112
61 404 806 528 647 561 596
123 565 19 175 670 20 264
155 133 74 214 65 100 30
93 495 552 333 583 141 233
96 892 394 485 682 517 565
97 752 587 503 562 407 431
136 503 143 490 246 393 371
155 220 46 118 36 258 49
123 733 552 372 629 526 420
15 805 349 955 634 897 558
151 567 234 360 383 468 243
140 866 372 503 806 498 526
93 25 623 469 628 503 303
125 734 790 866 644 583 417
155 59 85 49 42 258 3
117 173 121 575 93 263 75
58 979 988 364 640 983 639
151 462 333 51 371 243 244
123 453 625 585 586 621 758
123 232 29 35 66 68 158
151 813 588 552 401 391 554
155 230 260 58 145 217 276
126 89 790 554 391 175 470
155 233 277 577 468 50 491
127 220 456 534 438 2 61
66 45 553 476 20 500 505
94 468 394 607 493 652 492
70 615 732 551 248 502 517
155 2 220 46 85 11 8
50 938 146 89 264 9 505
107 500 662 618 710 469 652
154 32 816 37 11 8 60
123 465 499 469 471 431 403
120 78 91 138 366 27 167
154 402 676 126 149 260 217
129 435 130 216 67 85 60
151 670 531 24 264 556 25
154 474 41 375 58 126 40
151 475 84 1 384 135 21
121 152 553 631 565 503 303
155 38 527 39 198 254 130
154 275 205 115 47 111 169
113 776 728 576 782 553 401
155 169 400 82 170 262 121
133 243 631 395 517 734 490
94 437 360 490 248 660 403
97 587 501 612 277 491 141
142 426 43 17 299 90 91
140 463 394 393 404 420 631
70 493 338 28 476 465 517
155 375 276 126 120 40 22
151 595 24 88 459 20 436
65 501 950 502 507 776 471
137 838 500 469 407 492 394
151 650 94 93 191 514 478
66 545 599 576 395 583 470
59 316 582 660 403 264 338
148 612 234 50 247 371 243
154 326 719 481 320 374 425
94 509 533 394 516 682 395
78 237 718 564 578 78 300
151 484 292 799 63 150 151
58 978 863 806 498 461 545
123 647 360 248 356 246 371
155 40 261 474 402 126 103
155 767 483 622 602 331 421
154 259 575 205 93 170 111
138 752 563 492 710 561 576
123 964 156 382 137 134 155
155 518 138 91 16 90 286
155 22 268 269 40 276 58
97 871 601 693 342 367 549
140 710 393 682 248 404 492
43 637 79 578 222 223 537
107 660 827 373 417 548 561
140 866 647 513 631 498 499
155 39 69 130 38 254 159
94 752 551 393 246 248 471
138 635 754 508 89 505 444
155 221 103 149 101 261 76
140 600 548 710 728 552 431
72 444 551 401 404 407 303
97 832 629 790 782 499 492
27 842 328 497 763 727 450
154 628 563 485 453 393 372
132 655 286 87 125 422 90
155 230 269 276 474 23 268
121 612 563 391 587 431 141
154 263 316 173 317 262 191
25 514 81 713 111 128 47
78 458 680 629 682 303 404
121 417 371 501 143 247 490
122 252 381 156 209 154 477
155 76 268 41 230 58 126
155 404 576 583 417 485 555
94 34 735 121 83 127 205
148 448 6 204 259 170 231
155 596 490 652 629 563 393
72 231 710 393 600 420 565
70 165 507 97 556 89 403
140 635 391 563 502 583 498
94 600 745 143 243 215 583
97 279 356 562 492 503 420
72 986 742 482 566 439 723
70 613 469 582 437 509 505
133 606 628 600 453 143 583
42 115 677 434 786 191 263
153 821 498 391 469 562 510
113 752 728 393 372 607 417
133 551 498 471 599 218 407
123 866 372 510 431 821 391
155 18 135 21 13 1 384
155 453 499 492 553 576 391
155 199 200 57 73 310 182
155 3 118 11 85 424 42
24 469 461 924 440 441 583
97 880 623 728 485 533 618
142 645 600 533 782 470 499
70 776 782 600 565 393 548
31 896 682 916 141 599 660
61 732 551 243 333 631 502
133 491 545 710 373 248 420
126 393 977 459 89 553 500
42 267 104 722 399 79 477
123 469 20 508 24 25 89
154 803 259 47 83 121 169
155 453 407 553 403 565 576
151 803 400 308 226 82 115
140 185 273 249 179 255 105
31 530 458 588 264 507 600
154 629 407 431 565 401 502
94 838 51 583 243 360 503
127 122 156 136 137 148 255
72 232 369 557 341 340 370
27 948 880 647 596 453 493
62 866 463 503 548 490 373
154 196 106 161 293 197 44
70 863 567 315 247 577 461
113 476 469 681 403 303 470
122 528 353 315 248 143 453
155 106 189 190 241 168 227
151 553 850 838 513 492 420
148 386 259 47 285 115 400
148 723 641 365 566 482 364
151 682 565 607 417 373 561
123 907 602 767 622 304 414
50 407 335 555 528 740 517
155 226 308 83 400 205 115
97 315 565 644 391 629 471
68 234 815 551 353 246 243
59 832 978 248 493 545 420
27 596 599 20 615 470 517
113 356 50 561 453 393 407
138 285 80 6 102 48 169
148 360 462 647 583 244 468
43 727 327 890 314 313 449
44 694 596 556 175 509 403
120 734 153 165 347 343 453
140 632 614 529 775 377 378
133 373 233 50 243 502 244
155 693 329 367 320 321 326
155 268 126 221 22 101 269
140 841 300 679 78 358 295
123 319 554 498 552 618 565
50 409 362 711 295 655 78
107 249 912 253 202 148 134
51 466 223 237 225 578 300
134 753 961 602 603 331 421
151 660 436 458 403 469 507
31 814 316 7 263 169 231
155 60 62 258 85 2 12
66 207 17 751 167 362 95
153 561 600 555 682 662 502
148 595 24 88 670 556 508
42 675 562 140 243 360 635
155 399 79 466 295 537 78
151 111 34 81 169 93 170
123 591 582 476 509 264 19
151 581 533 660 647 492 587
155 14 227 168 189 241 178
155 414 603 331 284 363 716
120 403 147 194 236 5 505
97 740 333 463 315 140 660
151 182 521 457 199 73 311
70 315 25 628 498 403 635
113 588 528 644 526 607 431
154 162 67 49 46 12 60
154 587 694 728 581 470 562
151 263 494 226 169 82 48
123 985 254 130 527 55 159
140 475 13 31 10 21 72
123 279 710 470 417 576 420
151 813 583 403 372 553 510
43 803 430 445 204 6 48
142 627 207 249 114 255 104
140 356 555 565 628 652 373
107 827 737 647 431 471 417
151 474 221 41 76 217 22
123 822 608 252 237 346 78
78 365 723 909 859 364 439
155 1 84 135 18 13 0
120 648 136 387 156 155 756
72 565 556 465 353 25 264
155 178 636 184 241 227 171
59 259 306 735 308 464 83
142 694 583 631 545 498 485
155 217 392 145 101 261 676
78 113 95 155 477 148 104
151 752 588 490 470 565 517
113 248 555 587 545 493 652
27 218 710 682 343 628 420
155 251 547 549 342 321 481
50 218 416 588 607 351 420
148 838 623 555 510 592 391
97 246 728 404 694 499 492
155 407 581 510 517 513 492
155 746 330 693 345 329 320
140 954 330 719 345 547 325
43 658 600 666 577 383 583
66 752 493 89 264 303 403
154 694 502 510 806 553 548
140 248 555 499 513 490 404
25 338 582 463 513 600 303
154 644 806 453 526 790 502
120 296 192 180 181 219 165
70 371 783 806 581 372 647
123 753 550 739 622 616 483
86 942 834 673 769 124 203
155 235 188 116 144 117 160
66 623 590 383 143 50 246
154 424 220 11 62 61 3
155 471 592 453 526 403 562
148 588 734 372 499 417 420
140 826 188 301 235 116 144
151 7 83 82 624 169 204
122 278 516 592 562 500 490
123 178 126 260 261 58 23
137 844 628 372 493 821 417
151 179 202 412 104 148 105
94 264 577 510 647 420 485
15 655 358 560 396 730 537
23 989 785 656 324 715 649
148 563 776 503 394 517 404
14 702 941 725 515 699 701
155 170 434 47 48 172 174
123 535 11 118 61 85 59
140 674 476 465 436 459 88
126 493 88 444 500 373 469
15 540 237 822 637 852 537
120 226 102 80 77 81 400
154 545 513 420 372 417 499
31 34 430 448 400 48 93
72 977 97 99 98 88 175
140 718 224 237 409 300 78
155 459 476 437 25 582 175
155 220 258 59 11 2 60
97 663 650 434 191 478 48
61 581 565 480 646 588 576
92 171 711 300 358 466 633
78 615 499 509 680 588 404
25 607 646 736 680 611 507
94 470 704 468 383 246 660
66 243 465 407 485 470 548
31 844 590 823 623 420 562
138 734 768 552 629 503 372
121 404 371 50 215 218 353
94 713 448 115 170 75 285
72 577 500 587 528 485 583
127 359 277 333 492 234 233
123 733 453 728 629 607 420
113 119 633 636 256 190 112
127 756 156 185 210 785 155
155 39 70 131 55 130 198
72 23 293 256 636 190 15
122 613 556 509 531 175 505
117 710 682 555 401 652 553
93 872 853 691 854 692 869
107 293 870 227 636 197 14
142 514 262 115 434 94 75
155 346 225 78 300 477 409
154 749 535 836 570 574 432
148 850 394 517 492 502 513
58 779 315 712 343 453 347
154 618 403 373 498 628 607
155 142 70 159 55 527 38
107 578 225 760 79 295 300
151 740 752 892 565 607 516
155 432 574 836 749 684 570
92 675 596 588 662 555 646
151 642 746 339 345 342 413
151 484 799 302 186 150 151
44 346 427 760 722 295 78
155 169 83 82 75 205 115
151 739 747 304 654 483 421
72 632 770 614 775 529 377
123 114 179 96 249 122 134
151 774 304 602 284 283 363
155 642 334 342 326 332 693
122 880 502 555 545 401 694
121 132 460 173 94 263 205
123 249 415 202 253 114 148
123 715 607 485 498 631 629
94 866 248 710 592 431 499
126 590 666 599 356 745 244
62 787 353 828 420 215 248
94 246 500 526 403 562 492
151 216 85 59 42 67 49
155 118 62 162 37 32 60
138 862 394 403 499 391 662
140 528 407 561 682 471 552
155 433 570 573 630 836 574
129 580 356 353 248 394 404
155 90 33 518 26 17 27
107 185 627 122 148 105 134
76 703 51 507 471 612 247
155 425 332 549 413 339 330
151 67 258 62 118 11 60
151 617 82 47 226 308 83
123 243 552 652 498 596 503
58 862 609 407 710 936 782
155 23 58 76 101 402 276
86 185 96 415 627 255 134
121 317 132 77 204 102 93
155 39 69 131 38 198 70
151 676 120 41 392 58 22
123 113 179 139 95 122 255
72 154 113 179 95 273 255
140 98 470 675 437 89 175
155 561 498 533 499 517 562
97 595 99 635 28 465 175
151 790 682 576 498 407 485
62 955 605 637 537 540 558
126 109 88 303 470 108 580
148 256 905 196 14 197 190
123 896 499 510 401 431 493
25 469 599 528 806 453 652
151 469 806 662 401 652 629
31 832 278 372 247 490 420
150 33 661 422 362 479 427
154 469 682 395 404 600 516
59 430 77 121 93 575 75
151 6 443 111 82 93 170
148 263 77 624 48 169 575
15 787 802 404 437 88 303
154 424 67 118 42 3 36
120 779 737 404 502 821 152
113 591 465 556 88 24 19
151 600 581 838 485 510 372
25 740 850 758 401 453 583
151 503 710 587 728 420 471
155 260 402 261 474 276 375
67 785 745 660 599 244 869
142 174 575 204 172 47 48
123 300 178 189 15 168 633
154 733 50 51 420 141 492
138 635 391 563 492 507 562
154 382 255 210 105 185 136
127 817 688 288 287 167 447
140 826 235 301 188 116 144
154 476 594 531 508 500 459
66 948 0 372 662 596 493
123 462 485 581 391 710 492
148 263 494 111 93 443 400
127 387 415 148 273 155 255
154 402 268 58 40 101 474
122 582 499 394 588 503 500
123 312 181 213 289 193 219
55 502 582 733 635 444 507
122 233 513 404 403 600 248
43 24 582 576 469 403 459
131 92 48 82 93 80 624
138 880 565 553 401 694 492
31 458 611 652 505 420 404
121 233 647 631 453 431 315
148 563 660 618 629 587 583
123 259 478 316 584 808 172
122 50 555 581 404 576 407
123 201 95 207 800 240 104
15 851 348 298 634 897 558
71 312 580 552 393 470 821
117 368 759 158 35 30 29
151 463 555 391 485 583 600
155 285 464 226 430 83 494
148 460 808 262 263 172 174
123 676 183 578 358 300 223
50 832 766 552 401 338 420
43 119 189 260 276 23 112
72 820 360 567 495 468 461
155 550 767 283 747 603 654
120 894 365 482 641 439 859
80 821 768 437 517 407 565
72 478 443 128 127 121 48
97 338 528 548 417 493 607
155 414 331 483 616 747 659
125 146 310 521 199 45 4
94 265 343 513 583 393 470
113 750 607 592 581 710 492
154 158 368 214 68 66 65
121 731 494 226 48 205 231
155 413 547 342 329 693 549
140 121 173 191 317 263 93
109 868 264 490 356 565 517
123 863 391 490 498 561 583
123 551 493 431 607 499 373
155 113 412 415 104 253 202
155 106 227 197 184 44 189
51 167 822 839 252 679 78
154 533 644 526 417 629 513
66 437 815 503 510 583 470
97 246 752 401 561 417 502
155 72 384 84 10 21 135
155 145 276 260 58 268 41
127 185 412 202 113 137 105
151 623 737 576 431 513 407
72 873 533 790 782 694 499
94 63 356 493 652 471 485
120 594 694 407 710 470 436
140 538 37 12 220 162 85
151 644 565 533 728 498 554
113 633 718 679 466 300 295
50 905 217 241 870 23 15
151 471 333 141 247 244 243
148 728 407 563 555 554 420
113 808 575 121 48 93 75
126 163 477 185 210 164 382
155 36 42 258 61 435 85
123 315 469 629 563 498 592
59 892 790 682 372 806 576
92 308 650 94 460 584 205
155 747 483 616 654 304 659
140 361 518 138 366 33 27
113 503 645 563 710 471 492
154 806 682 471 652 499 492
151 468 609 315 660 383 247
151 682 782 710 517 554 492
138 831 532 109 242 506 108
151 98 505 476 89 110 508
155 142 454 55 70 69 216
136 748 734 492 592 470 776
35 647 752 407 615 517 607
93 346 864 558 349 540 537
155 100 68 86 158 214 30
155 21 72 257 384 135 31
72 715 862 652 517 417 516
70 319 394 312 296 165 395
66 712 754 500 505 20 517
140 674 505 500 476 459 175
154 631 581 407 493 552 510
113 601 746 719 547 251 334
14 448 121 132 264 338 169
155 251 320 693 325 332 642
155 299 266 429 91 305 446
154 303 391 490 562 502 493
125 366 423 71 422 107 125
155 8 162 37 32 12 424
33 243 862 783 553 510 420
148 129 636 227 44 112 189
70 464 463 510 533 592 248
155 38 70 131 254 67 55
148 752 694 420 561 471 417
127 485 670 595 594 513 500
140 827 431 391 581 526 728
25 892 89 768 394 502 470
155 414 331 284 593 603 643
138 114 477 137 136 255 134
24 77 111 571 263 174 205
154 618 576 552 652 373 583
154 746 642 374 321 329 250
151 662 470 404 552 503 517
155 2 85 12 42 258 435
107 246 827 600 526 393 471
155 178 184 106 14 293 190
44 308 94 132 92 204 205
153 607 682 395 581 517 492
42 724 324 123 124 203 157
42 744 511 124 536 123 512
155 119 129 190 106 184 197
27 948 916 554 403 502 407
97 139 26 362 17 427 33
59 463 19 471 553 500 552
140 850 485 407 553 502 373
154 749 535 630 573 684 433
94 462 873 587 401 431 647
155 104 415 253 113 114 148
122 444 806 417 453 502 403
43 175 583 813 694 728 470
155 23 375 41 126 145 402
151 545 528 563 492 526 372
86 285 803 259 81 115 75
84 356 745 846 832 243 244
155 29 30 54 74 158 66
123 711 409 300 225 224 78
15 863 462 838 470 303 420
127 8 527 216 254 59 67
155 91 64 366 17 518 43
155 303 500 444 110 89 670
133 786 317 400 75 460 584
151 114 122 207 273 104 148
94 704 490 462 599 577 371
154 555 737 510 499 516 552
67 742 788 812 819 811 741
123 538 424 11 258 61 85
42 513 462 732 467 279 420
140 575 803 121 115 47 82
139 776 513 493 528 647 553
44 264 420 584 172 174 338
151 293 241 256 178 171 14
154 533 395 485 401 470 490
72 632 770 614 775 529 377
113 485 556 338 303 264 403
155 420 453 471 806 652 492
44 275 172 494 617 430 48
72 827 806 490 562 652 471
15 488 133 715 720 721 158
70 860 731 683 369 370 318
140 308 6 102 624 170 205
140 940 403 565 485 517 470
140 7 259 83 443 93 169
107 623 873 565 510 596 554
140 129 636 178 171 190 184
151 427 87 107 27 26 33
151 427 87 107 16 125 43
155 37 61 42 59 816 36
133 437 502 513 394 595 500
154 402 392 126 103 269 40
142 244 517 528 50 583 503
155 19 437 444 264 754 465
151 826 235 301 116 117 160
127 322 816 118 2 456 61
138 490 733 612 51 143 247
72 737 463 500 503 420 552
68 521 182 358 841 183 73
154 220 424 2 258 59 42
155 107 64 27 286 33 26
62 776 510 89 595 394 517
66 872 796 648 785 649 756
133 130 59 8 42 39 67
66 7 434 115 111 75 169
94 828 674 303 444 635 507
84 606 303 581 647 551 583
120 384 597 598 238 239 13
151 565 528 587 373 600 393
123 246 596 628 553 652 492
129 576 461 503 647 587 528
113 553 823 563 507 453 420
151 563 553 552 431 662 373
140 873 806 372 503 401 453
123 612 499 561 393 395 407
104 815 463 51 218 383 583
50 822 973 852 637 655 537
123 287 379 380 411 408 523
100 265 513 356 420 264 500
123 712 662 631 513 493 517
97 647 233 606 51 333 371
154 422 881 53 52 71 423
151 623 545 866 498 629 526
126 879 864 349 540 637 558
66 818 799 31 384 63 195
97 46 527 454 142 70 67
154 394 528 510 563 499 372
123 223 178 168 190 112 633
155 214 35 86 65 100 68
155 40 375 41 260 76 145
113 870 112 293 106 184 15
151 719 339 326 342 321 549
94 709 675 508 20 458 595
155 286 64 87 16 26 518
132 635 581 710 453 463 562
123 871 325 345 342 374 329
154 308 275 400 121 48 170
96 508 600 631 647 502 507
123 429 43 33 125 518 91
155 682 576 493 596 373 553
154 749 535 433 836 574 630
123 595 372 490 493 631 394
68 789 208 185 201 382 164
94 335 247 485 490 420 565
154 162 67 59 2 220 8
154 361 87 17 43 125 33
120 401 143 577 141 248 682
70 17 422 524 751 661 362
97 157 410 572 294 376 211
113 783 782 583 517 372 493
27 7 174 494 833 82 169
72 783 490 728 628 629 502
123 516 635 505 437 436 444
84 114 800 381 185 105 104
97 504 264 675 635 175 20
72 863 394 485 581 503 583
138 869 853 932 854 691 692
66 211 68 720 721 158 157
148 430 386 121 111 83 494
154 219 347 312 165 274 152
155 250 425 329 325 339 549
94 247 737 503 404 516 533
154 806 587 710 502 652 372
154 241 196 190 119 161 129
155 471 493 394 517 652 629
123 871 413 693 642 250 251
58 239 218 548 492 246 485
154 660 499 587 502 533 470
66 838 868 623 548 516 513
72 827 813 548 502 516 417
72 128 575 445 81 77 170
155 747 622 643 603 331 593
155 214 68 100 30 65 66
94 545 615 631 588 507 407
155 437 25 436 459 175 505
155 250 374 547 425 321 334
155 58 126 402 260 23 474
72 735 584 128 111 75 400
155 503 372 485 545 618 553
120 162 527 39 159 67 36
48 480 19 372 776 674 748
138 588 548 561 710 576 652
77 463 244 581 553 606 373
123 102 308 127 128 285 205
123 954 481 719 334 251 320
127 308 204 263 275 285 170
140 867 550 654 616 603 489
113 793 236 700 9 45 5
107 553 28 338 264 403 500
94 477 427 107 17 16 90
72 303 599 704 333 360 315
127 7 191 173 478 204 93
97 461 628 710 485 417 498
123 857 531 89 99 110 444
27 214 861 416 875 350 351
94 680 98 582 110 175 509
121 646 372 647 502 391 588
62 868 493 143 660 485 420
155 230 260 268 149 392 474
72 660 343 710 493 372 576
43 25 861 645 372 492 517
66 445 584 624 575 48 205
58 418 686 812 811 788 819
90 528 561 629 782 652 499
140 189 196 119 905 15 197
155 1 31 0 13 84 10
25 791 427 781 524 525 661
155 217 101 40 221 260 392
33 173 860 370 132 232 231
140 139 412 113 253 104 105
154 782 596 420 563 393 526
27 838 531 660 353 407 507
138 505 545 629 502 507 420
97 790 503 490 555 623 401
151 905 129 293 119 196 44
24 285 279 960 229 228 464
140 868 581 596 806 510 401
154 816 32 8 162 424 37
94 153 243 485 492 248 403
107 537 633 578 270 358 352
155 502 576 588 469 395 420
151 166 17 43 362 361 33
24 165 595 218 417 587 403
130 704 647 548 461 383 431
72 530 675 28 264 88 509
151 774 643 550 284 331 283
154 601 425 329 549 326 413
97 458 588 682 652 618 517
122 505 545 499 502 618 469
75 565 682 296 152 552 394
113 98 500 674 509 88 19
154 230 676 276 149 269 126
140 338 115 308 285 47 48
138 275 650 172 460 263 48
14 953 324 794 892 516 715
59 187 848 398 45 793 4
140 113 477 154 209 105 104
155 144 188 116 117 235 160
44 972 315 372 510 628 431
140 754 476 531 175 19 25
68 947 137 113 148 134 136
122 925 527 55 159 69 454
148 790 682 561 806 581 553
133 140 596 662 431 463 420
97 167 839 358 300 79 78
154 535 749 630 574 433 684
66 787 915 553 555 516 517
123 862 553 393 592 490 431
97 612 499 623 682 507 453
151 394 552 533 393 499 470
123 56 270 578 358 223 183
133 25 498 373 417 500 403
155 593 716 603 550 616 643
151 138 361 427 16 33 43
140 398 236 147 194 45 4
117 753 767 739 331 283 414
148 555 660 407 652 431 404
66 267 991 138 125 43 90
67 710 533 444 28 635 471
127 310 222 564 300 182 183
76 187 45 56 199 146 4
155 44 227 633 171 184 14
155 339 746 325 367 547 425
122 437 528 596 401 563 403
43 81 275 464 308 494 48
120 626 529 377 378 770 419
123 76 184 636 168 171 112
25 866 892 873 768 554 607
155 240 179 148 309 95 122
155 459 582 531 175 25 437
140 961 774 659 616 603 363
107 430 735 115 400 48 127
151 609 277 215 360 140 660
151 358 346 477 79 537 78
96 577 395 453 563 502 561
123 471 491 666 215 360 247
123 916 51 606 733 277 246
148 375 676 269 230 58 217
25 509 587 900 782 752 470
155 295 841 270 183 352 222
155 277 666 333 218 51 215
140 753 659 616 643 414 421
151 650 93 317 191 47 584
123 823 516 561 485 373 503
140 595 264 99 24 531 459
148 507 503 244 490 373 453
155 601 330 325 374 334 549
155 23 120 101 392 269 76
155 630 570 432 749 836 684
117 815 353 247 246 360 248
154 270 537 295 222 223 564
58 817 638 95 751 524 167
94 540 409 608 237 346 537
140 635 110 99 19 459 509
44 105 773 300 237 225 477
123 164 209 381 134 210 382
151 790 420 510 694 526 499
120 500 215 218 143 50 393
151 263 34 92 81 170 205
123 873 607 631 562 647 618
155 642 321 549 320 374 481
151 253 207 139 134 273 105
155 136 155 201 137 477 185
138 833 77 205 624 82 169
25 790 463 646 565 469 407
154 474 221 58 268 260 126
155 142 159 67 198 130 131
154 382 477 209 210 201 154
155 325 330 345 329 601 374
154 277 583 606 243 246 360
138 386 448 263 205 400 83
66 886 734 838 562 492 471
55 553 589 875 464 580 469
103 588 694 768 485 469 417
123 813 503 565 596 607 417
155 32 46 36 42 435 2
148 623 728 499 592 629 485
48 794 756 232 158 649 715
155 220 3 46 61 118 85
72 453 110 465 24 437 303
126 503 547 374 342 493 821
155 78 224 225 608 300 252
107 650 259 434 94 584 173
155 16 125 87 518 138 27
155 299 429 305 446 266 267
59 464 340 860 231 369 318
43 580 556 552 510 662 403
126 646 303 444 175 837 675
154 110 436 89 175 444 500
93 615 356 485 631 490 470
43 710 528 143 246 215 492
155 106 197 190 168 15 227
155 63 135 13 18 84 384
155 233 234 495 468 244 590
127 387 415 202 113 201 134
154 171 129 293 44 190 189
140 172 205 81 115 259 262
151 484 799 292 186 63 151
120 316 510 644 492 607 338
94 624 713 308 127 226 82
155 56 206 521 457 311 200
151 746 719 481 345 549 334
155 502 499 493 471 552 596
59 631 846 215 233 462 50
123 873 516 492 552 576 453
97 623 491 599 141 218 248
155 749 574 684 573 570 630
140 128 275 204 93 75 83
151 469 244 647 583 561 503
123 827 652 513 510 517 417
113 660 652 768 510 469 628
113 834 123 769 673 203 124
154 454 527 130 69 70 159
155 19 436 24 28 500 476
151 770 614 775 377 529 378
97 584 617 170 83 494 48
123 703 233 704 143 141 277
148 430 262 170 226 111 48
69 51 303 629 592 395 315
138 51 618 373 393 371 492
151 821 250 345 320 367 321
86 681 353 516 20 403 507
154 293 241 184 189 14 129
103 143 503 462 832 233 244
127 207 202 113 627 95 273
155 221 268 392 22 76 23
126 192 296 152 165 193 245
155 95 800 309 240 122 104
57 776 577 531 264 248 404
14 319 660 861 754 444 565
151 462 333 247 243 371 233
94 285 575 443 93 204 121
123 943 375 392 261 76 22
151 862 554 492 502 372 806
82 391 458 165 219 404 403
140 902 421 774 616 331 483
133 740 628 391 498 395 583
140 112 217 260 221 676 22
72 218 647 592 490 600 583
126 237 381 185 210 252 477
155 8 42 62 2 816 46
133 655 91 107 125 361 90
123 137 139 240 122 96 104
155 374 321 746 332 413 549
148 790 592 404 607 553 391
123 578 182 57 73 311 183
123 675 531 110 28 459 437
25 862 351 896 600 868 516
140 793 236 271 9 45 5
94 270 636 44 184 256 633
76 581 768 828 248 391 485
122 130 162 8 220 59 67
43 582 595 561 516 401 500
154 816 435 2 46 12 60
120 736 372 576 768 407 610
15 229 875 611 580 740 464
97 407 595 88 20 508 500
123 912 412 415 253 148 114
25 303 896 590 277 468 660
140 475 31 18 10 21 72
140 279 552 592 600 507 395
59 868 152 391 403 394 517
122 863 776 502 588 592 583
94 580 710 503 562 485 395
123 475 151 186 484 150 63
76 682 577 580 464 599 356
97 871 719 326 642 367 334
44 520 463 215 491 333 246
151 623 576 587 453 662 431
107 802 552 531 500 594 303
154 111 263 205 121 48 170
131 615 629 600 533 821 395
150 742 695 482 723 641 439
142 478 624 81 317 47 48
148 831 532 109 506 108 282
113 850 565 587 431 492 373
140 632 529 775 614 377 378
66 815 868 407 463 600 248
154 584 82 75 317 48 93
155 502 533 510 373 629 618
151 183 457 206 56 57 199
48 729 461 857 264 498 635
151 647 662 407 561 493 393
43 740 596 476 175 20 403
140 828 576 502 600 420 453
123 42 322 456 323 438 61
155 0 135 84 18 63 13
50 409 255 772 773 105 477
155 156 185 136 154 201 381
97 561 25 458 89 437 517
94 434 617 102 169 204 170
140 545 592 563 393 662 502
151 136 415 202 104 134 255
72 338 635 383 277 360 660
86 815 703 233 492 244 371
155 75 191 584 173 48 174
151 722 300 358 466 679 399
96 862 660 682 407 485 628
125 62 131 38 216 816 42
138 832 247 461 468 462 244
14 176 930 970 5 830 757
66 303 978 694 391 545 420
72 394 468 609 315 383 660
129 233 752 373 431 315 248
155 62 765 11 61 49 36
127 238 72 31 63 597 239
155 102 92 445 205 7 77
140 427 138 90 87 26 17
72 823 821 618 470 516 503
126 267 362 17 16 446 90
155 553 555 373 562 768 561
97 450 477 255 209 154 155
151 913 758 621 586 625 585
123 646 513 576 652 596 403
154 41 474 149 269 260 230
27 279 612 806 827 728 420
151 767 593 716 747 602 654
154 436 99 444 465 89 508
123 584 170 121 285 128 400
155 66 74 35 133 65 30
154 659 767 284 603 489 283
59 458 141 615 607 492 517
155 195 21 18 0 135 63
86 555 644 407 356 652 503
151 563 628 623 453 372 420
123 871 345 746 325 547 549
155 47 263 275 115 443 82
140 644 404 694 485 391 629
139 279 552 561 510 631 469
153 470 662 600 548 607 431
155 547 642 425 251 250 413
72 911 628 782 710 576 607
154 474 41 261 217 268 149
113 386 170 735 443 308 83
127 459 502 417 493 89 517
113 774 753 593 414 284 283
68 310 295 190 189 633 183
48 431 233 776 395 599 660
113 628 645 644 526 728 391
107 394 782 596 373 652 629
154 587 596 372 498 581 728
154 528 644 510 391 553 502
140 293 227 633 241 190 189
123 863 468 383 141 243 583
123 846 371 333 215 501 492
155 550 622 284 716 363 483
155 168 184 256 106 633 241
43 814 860 445 132 92 232
31 663 787 173 6 231 169
151 263 494 285 47 400 83
99 533 577 218 491 551 647
154 301 826 116 117 144 160
154 600 710 485 513 662 592
127 403 315 333 356 662 420
72 565 468 606 733 383 420
92 457 79 183 295 300 199
62 682 783 545 728 510 526
154 491 606 50 218 51 247
67 213 165 420 516 395 289
140 507 728 485 710 471 401
154 339 601 367 481 332 549
123 785 202 253 627 412 114
58 723 988 639 640 983 364
122 644 337 385 336 406 885
155 224 237 252 477 79 300
50 982 33 179 105 167 95
97 868 806 552 555 581 576
94 825 341 369 340 370 683
155 23 58 260 41 120 402
154 434 650 478 191 514 173
154 643 902 747 489 284 593
148 867 304 659 593 284 483
120 498 606 247 51 315 599
93 154 451 785 856 756 155
151 963 251 547 425 642 367
154 470 682 548 561 499 420
51 353 660 623 471 491 356
155 643 284 716 363 739 602
155 251 334 746 693 345 425
140 267 33 518 27 90 286
151 102 259 263 205 93 170
94 938 97 465 531 459 505
121 404 312 153 274 165 395
66 855 896 548 553 623 420
123 361 429 446 426 266 90
94 825 341 369 340 370 683
94 752 356 500 393 420 510
121 852 578 841 564 358 537
120 909 854 692 932 691 649
121 662 465 444 470 395 373
72 259 650 316 317 191 174
120 470 100 133 54 214 351
138 428 64 43 33 362 427
155 459 28 175 508 88 444
151 39 2 36 42 67 49
43 927 229 47 128 308 464
44 740 338 629 391 492 607
151 210 202 412 104 134 105
151 826 235 188 116 144 117
138 663 445 6 92 75 205
155 41 103 392 101 149 276
72 542 165 213 181 245 289
133 528 551 507 407 513 373
155 41 103 40 22 402 23
59 893 279 442 307 464 306
72 660 790 510 768 554 502
15 606 750 790 552 592 492
142 293 256 227 119 44 14
44 645 758 503 502 583 453
140 93 226 308 285 170 82
154 739 304 414 331 602 284
107 594 403 99 175 508 437
154 628 563 562 583 492 493
155 271 5 236 147 194 45
97 333 533 645 694 555 492
151 718 270 183 295 358 300
155 782 555 629 545 499 526
15 210 773 305 300 224 477
76 752 682 243 468 498 561
150 403 548 618 517 694 372
151 93 92 132 231 7 204
154 545 513 401 710 516 485
140 624 263 275 121 204 169
154 806 563 554 555 485 499
154 600 561 533 562 552 510
97 514 386 443 115 82 48
151 806 583 631 453 431 555
155 368 65 68 30 133 86
140 99 436 594 595 25 531
86 6 575 448 275 93 169
117 94 317 808 173 316 75
123 142 11 32 59 118 42
123 178 76 58 103 474 145
125 15 167 33 362 256 633
154 618 404 503 555 631 517
125 435 142 527 67 32 3
155 577 491 243 50 140 248
138 869 853 854 932 691 692
138 119 633 171 178 293 106
94 215 644 548 453 503 50
86 623 600 247 360 533 420
139 681 509 437 508 680 470
123 544 18 135 1 13 195
140 947 255 134 201 136 209
155 628 662 516 492 510 596
155 329 330 367 326 746 342
92 965 148 155 255 134 964
68 509 733 592 565 420 635
123 787 516 526 499 545 607
72 21 484 292 799 151 63
133 800 113 412 255 96 273
126 179 33 167 362 255 95
27 850 243 631 469 607 471
117 768 694 596 513 554 492
138 567 277 360 246 599 577
151 166 17 43 33 361 27
155 628 768 533 562 618 629
154 262 575 170 111 75 94
97 787 866 710 790 553 607
58 860 825 731 370 683 318
140 234 247 140 492 501 360
59 681 806 265 517 526 470
48 714 691 373 516 649 715
42 451 513 590 371 745 756
148 248 25 89 507 264 403
72 264 628 394 395 583 469
140 601 425 693 642 332 321
140 503 140 599 218 243 420
155 521 310 56 200 199 57
97 34 115 584 262 47 93
154 393 581 510 553 552 583
140 141 600 499 393 552 431
72 832 394 607 862 662 420
153 647 407 660 652 587 607
120 436 373 431 682 768 500
155 162 61 60 2 46 12
155 89 110 476 500 595 459
121 598 18 384 10 63 239
148 767 716 593 421 602 550
24 462 404 842 763 450 660
148 768 838 581 607 431 485
151 528 629 694 503 470 553
86 855 528 618 728 471 513
151 532 506 589 282 109 242
154 644 806 503 629 492 510
140 803 494 127 128 121 83
155 576 710 562 563 493 404
123 646 554 552 453 372 401
127 494 80 6 232 308 205
72 730 399 608 252 78 537
123 438 118 42 85 11 61
155 116 188 301 144 160 117
78 139 415 382 136 148 104
123 370 478 174 48 93 231
62 916 353 471 243 360 248
123 907 550 616 421 659 593
155 474 149 217 103 126 145
23 153 588 504 670 25 403
66 821 248 470 417 561 607
154 633 564 183 352 295 223
26 278 500 453 383 501 583
145 528 768 500 503 499 563
72 381 139 415 113 148 104
96 80 448 121 275 263 205
58 628 584 499 507 338 502
44 422 237 358 711 718 78
140 963 374 334 547 325 413
123 610 490 485 431 533 407
121 582 592 507 470 404 509
154 24 470 459 509 476 175
50 893 298 307 442 637 306
72 885 581 768 533 554 498
125 429 138 64 286 426 299
148 694 588 600 485 554 516
155 345 642 250 413 321 325
68 940 565 334 320 821 588
155 565 629 628 401 592 417
66 551 866 565 517 401 395
94 509 813 502 554 431 404
82 666 140 303 503 243 218
103 496 450 777 449 887 497
113 737 565 782 555 553 391
23 214 231 656 714 715 158
120 58 171 184 293 15 145
123 815 629 469 587 517 583
14 615 367 335 662 493 821
42 787 729 526 728 513 469
148 660 528 510 618 587 647
155 183 295 578 564 270 223
133 248 28 508 509 353 505
155 493 618 652 516 517 485
155 142 527 55 216 159 69
58 875 647 611 248 393 464
142 94 226 803 263 169 115
154 502 645 710 391 485 545
138 165 576 588 607 615 395
155 417 553 583 498 516 623
154 269 375 261 23 76 145
155 380 671 411 379 523 408
133 591 436 88 28 504 24
140 333 493 618 510 583 420
155 550 716 659 283 483 643
140 500 373 623 662 485 503
107 465 98 556 110 500 88
72 448 803 127 400 111 82
50 921 946 291 290 522 486
138 751 366 33 16 362 125
155 117 160 116 144 301 235
155 33 64 286 138 17 91
146 99 458 675 25 303 437
62 541 864 879 558 349 348
148 253 800 139 134 273 104
153 506 580 242 831 282 108
154 749 535 433 570 573 836
62 752 623 783 647 513 373
133 477 64 107 91 267 90
123 335 379 390 380 408 523
155 217 268 58 40 221 120
155 503 502 453 552 548 553
48 465 787 219 274 279 395
155 12 85 32 11 62 60
151 754 175 675 88 19 25
66 513 646 463 248 635 600
155 37 60 118 62 59 3
97 463 768 470 499 516 407
122 347 806 373 607 499 395
155 404 510 394 499 407 652
97 828 628 528 576 498 552
86 644 880 528 555 492 493
123 844 552 592 553 548 417
154 410 572 211 294 376 212
154 386 170 128 115 285 400
151 507 662 561 453 372 373
121 25 471 502 507 469 505
151 475 84 18 21 135 72
151 700 147 194 5 9 4
155 220 85 62 3 46 11
123 469 20 175 437 19 459
97 844 734 555 492 647 517
154 356 612 383 140 660 371
33 89 631 682 782 662 517
138 248 782 629 553 490 393
59 827 790 734 628 502 417
155 56 521 310 206 457 200
138 500 838 373 431 563 502
72 303 896 629 768 623 493
155 90 518 125 17 107 43
113 431 394 25 595 403 517
155 23 676 103 22 217 260
155 749 574 570 684 630 573
127 335 226 430 285 580 464
154 410 572 212 294 211 376
113 632 775 770 529 378 377
97 863 567 247 233 383 461
123 892 728 510 503 420 565
62 813 682 866 782 485 401
93 803 191 259 174 263 82
51 655 730 79 237 852 537
123 11 38 527 216 142 67
134 275 808 172 584 263 48
154 862 645 782 373 555 391
138 870 161 112 106 168 15
107 400 678 191 316 262 317
153 629 407 395 782 563 485
86 463 247 563 404 420 490
78 815 462 393 565 243 420
138 430 259 115 400 127 75
140 759 68 86 74 29 66
155 659 602 489 363 421 414
107 783 353 503 404 493 533
154 258 816 162 12 424 62
97 335 7 75 169 93 231
97 509 563 417 562 431 403
68 412 154 208 163 382 134
155 193 213 192 181 289 180
70 232 316 275 448 75 205
140 774 643 716 654 622 283
66 244 978 652 644 545 492
155 470 372 493 694 562 373
155 250 549 374 330 325 601
154 631 470 629 401 628 555
86 92 226 448 259 169 205
72 889 734 526 581 503 553
154 676 40 145 221 103 23
151 436 431 576 507 517 403
155 154 210 155 947 185 209
93 734 782 533 694 576 628
151 746 719 642 250 330 367
148 631 866 545 372 401 492
143 383 635 353 143 733 315
151 774 550 602 747 283 603
72 632 770 614 775 529 378
67 858 850 498 581 583 849
123 400 34 445 7 80 205
138 682 737 588 821 563 404
123 183 171 44 112 184 633
93 492 674 436 175 89 507
15 352 560 637 79 346 537
76 860 787 662 600 318 580
140 742 566 482 364 723 439
154 581 393 682 493 499 404
72 463 815 247 703 243 246
148 463 588 395 485 552 373
121 768 458 436 470 507 607
134 677 226 443 111 262 259
50 324 376 720 721 211 157
155 76 392 269 260 58 230
123 889 552 500 420 485 553
24 128 584 158 81 231 400
140 961 747 659 331 602 363
154 445 93 34 6 80 205
59 526 458 246 490 404 583
107 783 862 404 516 393 417
137 505 50 246 215 353 420
127 56 270 564 841 310 183
123 182 222 270 564 223 183
123 145 44 227 189 256 178
123 426 33 518 43 17 90
25 503 265 606 681 248 303
154 386 430 226 308 82 127
80 88 680 47 338 264 303
154 168 293 14 44 190 178
155 432 836 570 433 573 535
148 563 545 561 596 373 407
140 760 224 225 252 78 300
155 251 693 326 320 481 325
151 733 468 577 51 277 244
125 386 393 407 356 285 464
72 423 638 361 362 655 422
155 747 603 643 602 550 421
155 413 321 719 250 325 251
123 657 37 12 162 11 85
123 752 493 553 596 555 576
117 537 409 839 346 79 78
70 278 588 728 553 493 407
62 732 645 737 552 453 562
66 793 423 9 194 272 5
151 782 510 592 431 485 401
140 356 554 587 528 431 492
123 525 468 371 577 420 590
123 662 556 459 444 436 403
154 710 647 618 372 552 485
137 696 479 53 423 881 422
23 872 114 965 665 964 155
151 947 381 201 185 136 154
151 567 50 234 501 461 243
122 599 734 393 628 417 502
151 532 589 831 282 108 580
123 57 222 352 300 578 183
151 868 403 492 420 565 453
72 850 491 490 533 247 492
138 815 599 141 492 491 468
97 815 247 599 50 501 140
155 27 138 125 33 43 518
120 554 459 264 508 500 592
127 534 49 435 60 438 61
72 22 129 178 168 241 112
59 609 580 513 510 821 431
25 783 623 338 394 565 393
120 107 166 362 167 427 26
65 701 313 763 727 449 699
51 274 431 374 330 393 821
151 628 499 554 682 471 652
62 477 309 387 255 148 105
140 821 498 618 583 588 502
122 802 465 670 175 89 595
155 268 269 260 145 221 23
84 448 121 584 172 259 262
155 693 321 481 367 325 320
132 675 99 303 508 674 476
44 165 635 561 555 728 470
43 820 495 140 360 501 461
72 545 383 647 393 50 420
94 646 99 436 531 444 458
33 540 822 252 399 78 537
140 253 309 95 96 148 134
140 94 128 494 121 75 83
122 556 493 555 373 561 403
94 460 127 448 82 83 94
155 258 60 11 3 12 220
155 470 562 502 492 499 710
155 220 162 62 435 49 61
107 67 538 435 162 60 8
62 823 768 526 631 576 453
154 182 206 310 200 311 73
96 832 734 652 490 453 647
70 863 234 51 247 577 461
154 469 485 587 502 513 710
24 231 840 899 683 825 369
70 599 768 737 528 576 498
122 844 682 393 499 407 588
154 581 528 510 372 503 453
155 40 126 22 276 474 145
82 861 502 319 787 507 776
154 454 527 216 70 198 254
93 980 961 284 602 363 774
59 64 696 166 362 422 427
102 467 516 490 498 279 732
151 128 443 259 83 121 75
127 155 139 95 122 156 104
59 20 873 828 562 401 507
123 263 77 445 6 7 205
14 927 494 318 353 395 464
154 474 41 145 101 392 126
15 740 391 265 674 89 470
154 645 393 373 662 562 526
154 618 507 420 407 470 588
122 731 460 478 316 191 338
155 133 30 214 66 74 86
142 504 465 670 591 20 25
154 582 505 264 89 459 25
44 827 351 562 662 682 420
66 647 729 516 500 469 510
154 666 420 356 360 599 246
155 258 162 32 118 36 49
154 175 507 459 264 437 531
58 710 20 583 395 505 563
140 871 342 719 642 329 251
107 495 704 50 246 577 233
107 617 386 75 127 205 83
155 693 325 332 320 321 374
127 387 114 202 273 137 105
155 421 483 331 654 603 659
154 436 582 437 508 25 19
155 100 30 133 86 54 29
123 954 601 413 321 334 325
113 81 173 111 275 262 169
155 747 716 331 603 622 616
154 326 719 334 374 642 330
120 252 87 107 518 90 477
120 493 143 463 218 315 503
133 800 137 155 134 179 104
154 636 633 14 227 189 168
140 475 10 0 84 63 72
133 51 728 552 503 50 492
107 790 461 623 503 401 548
127 415 96 179 207 202 104
120 430 445 7 80 102 75
140 580 373 652 493 600 404
86 646 776 492 587 469 401
14 284 372 367 327 335 821
155 122 309 249 105 95 148
140 816 435 258 220 49 3
123 230 44 171 256 227 112
138 977 24 476 509 595 175
151 470 682 768 628 492 453
15 780 809 590 685 524 525
120 370 553 490 596 565 318
140 551 806 554 555 652 420
121 393 359 462 577 244 356
154 435 67 3 85 2 11
154 704 468 333 371 360 246
155 76 230 217 276 103 149
97 564 839 477 78 79 300
66 732 886 545 503 471 516
155 22 375 221 40 103 402
154 694 628 533 576 513 553
155 533 628 404 631 510 401
154 407 555 485 600 513 401
122 652 582 28 175 264 635
107 169 786 514 460 94 173
120 745 592 576 552 498 360
155 8 37 32 220 59 62
97 423 187 45 147 194 271
155 149 276 375 145 120 392
107 855 248 618 652 372 471
123 813 485 548 618 583 554
58 359 728 383 246 502 233
59 240 163 387 156 382 104
151 465 504 97 19 25 24
154 62 67 59 8 46 60
93 827 776 607 588 395 629
138 752 548 420 806 576 510
138 499 383 356 248 431 407
148 728 463 592 629 485 431
59 150 238 475 72 239 63
72 507 644 768 561 417 372
30 832 141 561 394 248 503
154 403 554 768 565 485 372
155 58 149 261 76 217 230
151 361 64 286 90 17 16
56 660 777 335 327 449 565
123 972 581 563 471 510 391
97 995 499 623 453 768 618
127 49 130 142 454 220 39
155 38 131 69 130 254 142
120 670 588 562 576 395 465
70 733 490 526 647 502 244
56 989 327 785 856 354 649
155 250 601 374 345 334 326
140 905 256 178 106 190 44
24 370 335 431 611 600 318
155 118 11 424 60 62 2
155 250 251 332 746 693 330
151 293 256 112 197 15 171
76 611 505 832 567 264 248
51 351 371 490 498 277 420
155 258 60 61 8 3 46
78 635 88 596 499 436 507
140 461 660 612 140 371 599
138 338 733 315 635 660 420
154 618 596 485 373 565 493
25 951 887 328 449 450 497
80 303 861 873 618 565 469
72 902 767 739 363 643 489
155 342 374 345 325 367 321
154 670 99 500 508 476 25
72 832 493 383 660 583 492
154 505 582 110 459 28 88
44 415 387 249 309 207 134
155 107 17 138 43 286 518
151 361 518 26 43 17 16
154 576 526 373 682 600 554
50 165 318 576 588 464 395
72 855 828 526 499 652 420
155 127 386 128 494 115 285
133 113 309 800 96 255 273
155 498 526 485 470 471 499
113 458 97 110 476 89 508
94 952 786 316 174 584 338
142 740 652 498 319 395 565
138 866 533 403 600 662 499
151 704 577 490 315 356 143
56 281 939 842 664 665 455
155 517 565 372 553 533 453
120 652 28 88 24 25 403
140 562 612 599 360 492 420
113 528 652 862 662 510 420
86 754 98 436 459 508 88
121 662 244 462 647 468 393
67 788 742 566 364 723 741
44 551 505 576 431 600 420
72 828 563 734 417 592 453
122 975 405 385 406 336 885
154 563 607 498 554 420 373
133 580 555 401 565 740 403
140 959 24 505 25 531 175
59 516 745 609 315 215 492
122 338 813 694 728 526 420
155 816 36 2 85 62 59
123 892 592 588 500 583 576
92 651 882 819 812 811 418
155 130 454 142 70 159 39
125 528 625 586 758 607 453
96 246 828 561 631 372 682
151 461 491 356 383 468 243
50 660 355 486 487 354 763
103 81 514 584 478 400 94
59 861 356 510 493 682 516
154 555 682 502 526 492 554
27 830 743 793 194 45 5
151 623 552 499 393 493 498
123 208 136 209 137 210 382
94 774 753 602 304 414 747
89 646 582 436 265 465 470
140 832 618 545 553 498 420
123 513 436 444 20 458 403
140 244 587 592 662 492 631
137 279 417 576 373 278 533
151 77 400 83 204 205 170
58 734 685 233 590 525 243
155 145 22 149 23 41 402
58 590 391 846 832 498 495
51 338 650 231 262 514 47
25 861 652 582 670 444 517
107 500 567 431 371 393 248
72 678 94 127 128 400 75
140 551 372 563 401 507 502
123 961 283 284 643 304 602
70 831 810 946 487 522 763
31 594 748 89 660 470 303
154 563 623 548 513 502 493
155 549 329 642 413 481 345
97 612 561 790 485 554 492
154 636 44 171 184 197 189
155 209 387 156 105 155 134
155 42 59 8 220 3 49
33 783 279 500 821 469 533
84 262 226 876 6 47 205
92 611 734 562 647 372 635
151 753 550 767 283 421 483
153 565 662 600 710 607 552
153 631 470 554 507 453 372
151 838 588 393 391 490 492
107 729 499 509 404 635 469
133 243 554 499 407 371 503
155 11 36 46 162 49 435
154 469 581 471 401 373 470
140 776 629 662 562 401 592
154 765 32 2 49 59 8
56 701 404 885 498 554 725
148 275 571 478 263 174 173
155 533 618 401 565 417 498
155 40 269 230 261 392 103
140 275 584 478 434 94 48
154 752 533 561 607 510 576
121 129 269 221 676 103 112
76 813 548 436 588 728 516
138 860 464 740 335 231 318
107 868 660 682 490 372 517
154 816 435 61 162 3 42
84 623 704 710 552 248 420
123 877 250 334 549 339 332
155 23 276 268 58 392 101
155 339 320 481 325 374 549
151 395 372 554 565 492 576
123 721 29 30 68 133 158
50 165 543 213 193 542 289
138 536 769 673 203 123 124
123 720 68 86 54 35 158
151 770 775 614 377 378 529
155 292 799 302 151 150 186
90 619 645 502 806 562 401
154 577 704 141 277 491 246
155 550 331 304 767 747 603
70 505 787 862 510 607 517
155 492 728 555 662 498 391
125 136 50 462 745 387 155
133 752 635 264 600 417 517
140 119 178 189 171 15 112
72 612 635 565 596 600 583
50 935 203 376 294 157 211
92 593 561 821 373 372 284
117 680 582 24 437 500 508
127 72 628 768 393 135 485
123 458 407 631 471 554 404
44 847 993 10 13 31 195
66 635 141 513 503 431 533
44 274 459 404 372 565 403
133 240 201 136 255 249 134
155 130 454 254 198 69 55
155 329 330 481 320 549 332
123 920 180 213 192 193 219
154 592 728 417 554 587 485
155 401 372 645 587 545 373
155 217 402 41 40 269 126
155 42 85 11 60 62 61
107 822 718 722 399 679 79
94 600 97 505 459 175 635
51 982 105 167 362 179 95
78 631 600 694 911 552 417
138 833 624 75 205 111 82
154 421 716 489 622 747 659
140 453 356 243 704 315 143
44 993 770 10 135 13 195
117 548 596 821 407 373 391
123 538 61 11 3 42 162
140 253 156 185 154 255 105
148 866 618 588 662 499 391
148 806 490 562 510 453 493
107 77 285 262 115 204 169
58 447 525 361 362 661 167
94 216 538 61 162 59 42
117 600 548 644 373 526 372
66 756 249 137 381 134 155
122 419 775 529 378 377 770
129 162 55 216 67 85 49
67 238 467 303 493 600 598
140 49 142 159 38 216 39
50 756 497 134 185 450 155
155 289 180 192 245 193 213
154 97 465 28 89 459 531
120 789 136 381 155 382 164
59 247 595 682 507 303 356
96 855 652 470 469 498 372
136 436 662 645 562 470 510
155 168 633 106 189 256 112
113 754 110 97 531 508 25
155 133 68 35 54 86 30
97 587 606 233 215 247 141
140 47 77 7 132 81 204
155 90 43 33 138 87 27
140 813 502 607 533 554 553
59 278 274 338 517 395 660
78 477 466 637 879 79 537
148 61 39 67 60 49 220
72 948 821 490 652 391 407
155 583 471 526 373 682 629
72 102 128 434 174 47 75
138 272 881 71 53 479 423
72 606 850 631 499 502 420
138 650 808 75 316 48 584
43 152 823 417 552 502 395
126 510 606 551 356 562 407
72 371 394 618 587 517 407
154 749 535 836 684 432 573
123 401 25 465 353 264 303
151 601 547 719 413 320 251
155 105 154 155 156 104 134
155 50 243 140 333 492 371
155 32 46 62 8 424 60
94 713 102 83 205 170 127
42 708 594 407 562 600 802
154 581 393 485 431 662 587
155 420 218 215 606 371 277
97 501 868 652 600 588 420
50 831 921 450 449 486 763
116 528 710 588 563 552 554
113 623 828 563 587 562 492
138 222 679 466 79 537 358
155 142 527 131 254 67 38
50 599 513 234 590 503 501
76 528 806 491 660 401 485
133 77 400 82 75 34 169
134 677 624 48 83 263 94
123 530 19 264 476 505 509
122 81 430 127 128 111 400
123 993 63 10 384 257 195
155 492 562 513 393 516 548
93 645 927 517 646 403 485
155 11 60 46 61 2 37
140 60 254 130 454 216 67
113 737 710 768 372 493 502
154 561 790 548 471 502 453
155 251 325 339 746 345 425
155 115 128 308 226 285 48
72 468 782 394 600 499 393
125 165 243 609 490 312 343
151 461 215 491 244 383 501
120 249 125 43 361 362 95
127 322 2 49 37 456 61
120 255 286 138 125 33 139
122 394 866 607 545 644 372
155 411 390 523 671 380 408
97 490 675 436 20 458 470
151 394 607 373 470 372 565
127 381 113 415 627 210 134
155 56 200 73 57 310 206
86 232 724 324 715 158 157
140 783 391 513 503 510 372
72 948 682 565 592 600 493
151 484 302 292 151 186 150
153 453 469 587 628 562 517
123 358 310 73 56 311 183
27 528 581 265 507 338 517
151 870 189 256 168 178 241
155 320 334 693 339 374 425
123 733 629 694 618 431 533
148 98 97 556 110 19 88
42 860 80 488 324 157 232
155 3 46 42 61 12 62
142 115 77 132 275 169 170
126 839 841 270 352 237 300
94 508 644 588 516 469 500
86 599 548 143 277 660 371
123 857 531 508 20 110 582
154 765 12 36 59 62 8
151 828 576 502 562 493 652
50 232 410 324 715 211 157
154 262 338 191 478 48 317
68 986 742 859 909 439 723
107 317 786 808 434 316 172
154 561 644 373 562 652 502
154 275 205 170 400 443 47
151 767 659 739 483 550 622
122 896 600 662 562 485 623
123 646 592 513 492 373 401
151 477 382 381 137 201 155
148 110 338 465 582 264 303
155 31 384 21 257 0 72
59 833 713 259 75 226 82
48 976 157 778 785 715 649
93 709 674 436 470 509 594
127 799 384 1 13 151 63
155 95 96 122 105 207 273
78 464 403 109 532 469 580
72 7 617 400 115 308 205
67 707 248 662 548 492 807
140 595 99 24 28 476 25
125 436 277 704 215 264 353
154 120 676 22 103 58 126
148 316 115 259 173 75 169
140 513 531 459 88 500 470
151 404 662 806 471 607 372
155 491 277 704 141 246 371
125 802 768 407 553 708 595
51 290 86 734 420 214 351
155 16 90 518 138 107 125
151 653 405 406 337 385 357
68 604 764 560 559 568 569
123 338 89 582 88 476 465
123 208 209 201 381 210 382
120 704 372 565 403 631 140
155 13 31 257 72 135 10
72 870 161 227 171 197 241
151 6 94 262 83 81 169
154 48 7 169 204 231 81
76 416 875 782 470 350 351
122 215 647 485 600 453 248
123 948 561 628 562 652 493
151 746 642 481 547 425 334
155 693 329 321 251 413 374
140 765 435 12 46 2 62
155 518 27 43 16 366 17
117 528 618 403 555 485 562
123 823 628 553 498 372 503
133 711 564 578 300 718 295
140 458 28 99 25 89 531
44 681 476 583 492 553 470
66 704 296 394 499 395 420
140 563 533 607 618 471 492
155 128 430 464 83 127 308
155 55 69 67 454 70 39
123 467 372 431 391 596 528
97 431 475 1 384 72 135
97 823 694 565 548 728 453
151 460 808 262 93 584 75
14 215 807 734 318 787 248
125 178 839 237 300 256 633
123 977 264 754 19 88 89
155 115 494 400 308 121 48
155 432 573 570 535 836 433
154 126 112 22 76 145 23
44 195 239 302 150 186 63
155 272 194 187 5 9 271
80 793 146 28 505 45 4
97 50 533 828 682 373 453
140 404 110 508 175 509 531
133 828 360 333 218 552 583
138 50 782 555 493 453 548
133 556 628 391 404 303 470
146 404 662 526 583 628 562
151 774 654 739 659 283 616
66 252 717 399 358 718 79
154 268 402 149 41 120 230
151 774 739 643 489 659 331
154 575 400 204 205 75 83
154 403 503 499 401 553 694
133 477 183 270 564 537 300
78 661 33 53 423 427 479
92 285 502 356 407 623 464
71 50 500 682 623 768 420
120 172 7 132 80 6 75
140 462 502 471 583 647 420
155 162 32 2 424 49 42
154 435 424 60 2 36 258
50 821 88 710 553 675 516
122 267 366 17 87 138 286
151 790 372 393 554 618 548
138 734 461 371 247 248 243
121 520 710 510 407 431 248
121 308 174 173 262 94 443
14 910 976 715 155 785 649
155 481 325 367 250 332 320
107 876 262 102 93 34 205
123 578 56 182 199 73 183
151 694 768 561 485 492 453
120 529 0 10 63 195 770
66 827 351 710 545 470 526
151 360 517 629 498 583 533
151 905 129 14 196 190 44
59 611 748 28 444 469 264
72 822 718 237 224 300 78
152 592 503 581 394 652 470
154 402 268 474 23 126 230
107 317 430 121 226 400 82
97 828 666 501 243 215 141
151 161 227 256 14 190 241
148 503 710 403 631 417 502
50 734 401 495 233 548 243
151 855 607 407 513 372 471
66 449 921 487 522 486 763
120 31 503 644 502 431 135
75 479 791 167 751 52 661
113 172 111 81 400 262 75
67 581 635 110 19 459 583
155 122 309 96 148 134 95
127 102 262 47 443 92 204
123 230 256 106 178 44 112
94 609 464 565 787 740 660
148 710 533 555 545 652 728
122 372 491 244 371 243 647
93 896 728 600 552 510 868
120 281 235 117 160 144 455
113 905 129 256 184 190 197
146 652 470 528 596 581 417
78 515 727 777 887 699 497
151 767 363 593 550 421 622
155 630 749 570 574 432 573
151 752 682 629 768 498 576
154 465 556 459 88 500 25
154 404 647 431 600 517 393
121 633 905 196 119 197 241
76 887 515 313 449 496 497
123 243 493 737 407 516 502
155 375 149 474 40 261 103
120 218 513 417 555 490 248
97 538 258 765 11 49 59
93 663 860 102 232 231 48
24 930 970 4 830 5 757
121 468 465 395 635 353 360
155 216 142 527 38 130 69
155 21 72 18 0 84 31
66 866 609 548 728 431 499
111 563 612 501 243 498 492
155 552 417 554 555 393 470
76 391 469 731 335 510 821
154 533 662 407 513 652 431
44 215 407 25 635 264 353
154 607 563 554 662 576 588
123 422 33 64 107 91 125
103 646 611 465 353 458 635
120 768 556 89 508 444 565
123 943 474 149 230 40 22
155 429 446 426 91 299 266
155 156 381 155 201 382 136
154 631 600 662 407 576 493
151 867 622 659 483 602 414
72 575 275 172 584 173 263
140 583 458 675 509 635 469
72 886 503 587 563 420 554
66 648 640 566 723 364 439
113 565 694 647 581 372 555
107 465 343 787 565 338 303
140 224 399 295 466 300 537
127 143 407 517 507 215 490
154 410 572 211 212 294 376
107 607 218 462 243 647 660
97 763 506 580 108 282 831
123 972 806 607 728 553 431
154 474 676 260 261 269 76
155 454 254 130 69 70 38
155 679 760 466 300 78 295
154 392 402 40 261 58 41
122 223 402 217 145 103 676
122 564 722 679 760 399 300
155 118 59 61 8 3 258
151 867 616 654 603 593 421
155 189 241 14 106 256 15
67 253 95 524 661 751 273
123 888 628 647 485 600 470
94 243 546 499 694 545 503
50 607 927 476 25 248 303
44 734 215 554 533 587 583
155 260 149 145 76 402 221
58 859 895 566 364 639 439
67 829 638 5 45 272 525
154 629 407 417 710 492 498
155 146 147 4 236 9 194
62 815 828 353 404 652 248
113 588 561 783 372 502 420
155 392 276 103 40 474 269
97 612 485 469 401 592 407
78 468 315 728 581 243 492
66 500 567 50 246 468 393
154 127 169 400 494 47 308
155 12 32 2 62 60 85
134 579 6 169 82 262 448
154 528 533 607 517 631 647
155 22 261 217 276 221 103
44 594 615 561 417 393 517
120 403 371 577 333 50 453
155 22 103 375 260 392 120
72 608 399 352 564 295 300
86 751 361 518 91 125 27
155 583 618 581 555 548 471
138 161 256 171 178 293 190
140 571 434 460 48 172 173
70 224 760 841 270 295 300
123 806 490 517 403 600 555
117 448 174 115 275 94 75
92 141 175 507 437 88 431
155 162 36 3 8 12 46
67 359 371 588 552 393 233
155 57 206 457 521 56 73
66 459 821 628 513 552 470
148 635 371 215 353 356 218
151 196 178 189 14 293 190
27 752 89 580 927 394 403
155 41 260 145 126 76 23
155 374 329 481 330 250 413
117 500 555 868 420 600 576
120 781 234 745 461 590 525
126 680 782 469 607 353 404
155 22 392 221 260 217 58
94 69 816 220 49 59 67
148 555 248 407 372 493 561
66 89 783 471 503 552 469
155 57 73 199 311 457 56
151 99 436 507 437 459 89
123 84 302 186 150 799 63
140 99 517 635 458 509 465
154 182 457 57 200 73 311
151 317 650 514 173 174 47
120 316 132 34 80 6 48
142 453 356 371 561 503 244
155 468 383 141 233 248 140
140 343 517 607 498 583 565
140 821 555 499 485 647 393
94 617 575 262 170 47 121
155 549 374 481 320 547 367
151 728 631 583 417 401 513
97 467 682 403 553 526 453
155 102 445 77 6 80 204
151 278 596 420 600 576 502
155 413 342 345 325 547 719
123 247 453 373 554 561 471
155 218 315 383 333 248 612
142 495 140 583 234 243 468
122 729 555 503 431 498 469
155 3 60 61 36 11 42
15 787 417 20 165 395 403
58 542 394 192 245 152 289
154 609 143 360 141 420 247
155 806 554 555 502 401 662
153 555 587 563 553 562 554
50 508 618 708 709 553 595
155 654 602 659 550 331 622
84 713 464 169 400 127 285
155 374 326 330 320 250 746
155 121 128 308 400 127 75
151 710 682 768 587 552 407
154 576 548 407 768 554 561
31 462 886 855 517 372 734
94 846 490 501 577 383 567
25 776 889 896 631 493 553
88 672 751 427 661 167 78
155 260 120 145 103 392 101
151 703 218 51 243 612 371
154 767 739 414 489 283 622
86 803 275 81 205 82 115
92 589 205 464 128 494 580
123 136 309 122 800 249 104
113 588 873 682 548 431 502
44 343 551 500 635 264 507
113 765 32 67 220 11 49
68 667 736 303 565 611 668
155 556 25 97 175 459 24
107 285 434 443 94 111 48
154 739 767 489 603 284 283
122 164 255 105 209 185 382
68 545 461 140 246 50 548
151 263 434 316 48 584 174
155 76 103 23 41 375 260
58 110 555 24 465 517 88
140 870 256 171 106 636 168
67 222 112 58 261 76 633
86 790 862 768 513 498 502
155 816 42 2 11 62 12
155 684 433 574 535 836 432
42 696 361 5 187 272 422
139 498 383 143 140 360 490
14 279 576 635 282 580 469
155 550 483 284 659 363 602
56 197 852 633 295 537 15
154 618 563 510 587 453 513
107 703 609 606 315 215 247
155 363 483 603 414 331 284
92 408 860 335 580 318 523
129 565 215 243 244 453 502
129 600 731 318 740 395 580
151 182 457 206 73 310 56
24 264 952 776 731 319 338
140 718 183 352 564 300 295
121 772 381 382 136 209 477
138 661 53 71 52 791 422
140 315 499 596 502 552 431
25 805 955 399 879 537 558
31 544 792 847 419 626 195
142 541 864 349 605 348 540
123 458 493 555 513 516 404
57 611 750 733 371 548 635
123 606 505 25 353 465 635
155 134 185 255 136 137 104
155 120 149 268 40 103 276
66 631 245 712 347 152 343
107 886 873 790 548 581 401
140 571 191 317 316 584 75
140 112 149 260 375 103 145
154 485 469 562 628 493 600
27 790 215 827 652 417 492
133 173 7 102 81 47 231
113 611 609 552 490 356 420
113 734 383 631 50 420 248
151 403 548 552 431 516 565
93 464 852 396 637 730 307
123 50 493 417 513 607 647
107 631 787 680 303 500 248
133 737 581 806 596 528 492
140 599 710 607 581 652 471
122 783 143 233 315 360 492
35 555 246 828 394 583 393
122 737 347 274 312 296 821
154 182 206 56 73 310 311
155 5 147 45 146 194 236
113 244 790 600 391 431 407
151 596 768 548 453 565 417
155 710 417 517 629 607 470
155 433 574 630 432 836 684
126 247 495 590 567 333 501
66 490 647 277 233 468 215
66 279 911 618 554 694 533
133 596 338 303 264 485 517
140 888 373 782 420 469 710
123 954 693 250 345 481 320
107 490 360 607 503 548 431
154 599 277 577 501 215 243
113 609 50 612 143 247 383
155 16 90 87 518 138 366
138 776 581 516 373 395 404
72 637 822 224 252 79 537
154 551 612 247 371 660 143
68 499 599 353 143 360 498
133 371 554 555 404 248 393
84 507 662 815 244 431 420
62 580 343 618 513 576 583
140 351 74 368 100 86 214
76 291 522 282 831 486 763
70 608 722 711 358 399 79
154 445 93 81 80 34 102
148 263 127 285 169 115 82
151 765 46 37 11 61 85
68 704 733 563 596 492 383
68 595 465 533 248 635 436
154 262 338 48 584 317 169
151 670 28 24 509 437 88
154 470 662 587 372 513 431
62 815 590 218 599 577 243
113 256 905 129 161 197 15
25 596 371 752 618 470 533
56 243 806 635 646 499 733
155 485 607 565 417 403 372
155 654 716 602 622 363 747
127 303 417 553 548 394 562
140 161 168 178 227 241 190
42 165 89 173 174 338 403
154 601 339 367 326 481 413
155 58 126 221 41 103 120
155 8 59 118 2 49 61
60 280 842 114 785 869 455
25 634 878 346 852 537 637
27 663 80 617 803 226 169
151 490 728 694 553 555 513
150 838 500 470 507 485 592
121 498 508 19 505 444 635
51 265 509 417 548 175 470
148 583 233 51 218 50 244
132 476 394 516 403 19 517
155 214 66 30 86 68 100
138 595 838 499 492 403 517
154 402 268 41 40 145 260
113 866 645 503 372 553 499
69 610 844 453 485 417 395
127 555 51 606 371 493 420
137 503 612 277 333 631 243
148 83 478 174 275 93 47
113 737 587 555 768 502 562
55 485 501 531 303 356 583
151 503 592 507 502 469 431
78 215 631 462 567 218 244
154 182 457 56 57 310 199
78 663 128 650 584 82 47
154 293 168 171 44 190 184
154 767 774 283 747 489 483
155 268 126 221 230 58 120
155 159 55 454 198 131 67
123 102 47 400 275 443 93
68 110 516 50 577 583 500
97 678 262 338 478 191 75
120 131 220 8 32 42 216
140 867 659 363 654 593 603
151 806 517 563 662 554 652
31 395 862 645 513 555 485
154 587 394 420 499 662 513
123 167 309 179 249 240 95
33 868 89 631 660 507 517
138 403 783 393 528 485 420
123 860 108 589 282 242 580
70 896 277 563 373 420 244
155 139 240 95 122 309 800
155 4 236 187 5 147 9
97 316 111 263 400 115 48
154 628 581 417 607 806 485
84 528 246 395 652 471 492
69 588 599 143 333 612 631
151 436 582 97 175 20 25
123 796 224 237 78 608 79
154 561 592 552 652 502 710
151 866 552 420 526 492 499
44 689 297 637 558 537 298
155 56 73 57 310 200 311
66 850 732 553 592 431 513
50 790 359 533 682 462 492
51 167 477 760 466 252 78
123 598 72 1 0 84 239
140 415 139 179 207 148 134
140 248 588 391 662 502 431
148 728 737 588 498 552 493
155 126 474 230 23 58 149
151 753 659 489 283 654 331
154 623 394 372 562 629 631
76 623 510 99 25 485 517
151 24 595 470 556 437 20
122 478 204 169 575 111 94
155 694 553 618 652 417 493
151 490 371 141 315 599 583
153 129 178 241 293 184 14
102 99 680 635 681 505 437
123 776 393 583 499 618 502
70 645 740 821 552 607 470
140 680 88 175 19 465 508
155 217 269 260 41 276 392
55 338 296 644 469 395 517
55 658 319 681 404 565 583
155 250 321 332 374 601 481
24 946 486 695 909 439 487
113 742 695 364 482 439 723
97 192 105 627 412 113 114
123 961 654 284 331 643 363
155 485 581 662 553 576 373
155 432 570 573 574 749 630
78 479 791 751 524 422 661
123 323 424 59 118 85 61
155 12 85 11 42 258 3
155 358 578 564 295 300 183
113 98 24 403 465 175 19
151 913 621 758 625 585 586
62 373 468 303 218 360 356
55 500 463 383 247 551 533
51 588 51 561 372 609 420
154 382 387 155 185 154 105
113 815 277 599 612 215 360
76 596 768 19 303 373 552
151 759 86 133 35 54 30
140 867 616 304 659 489 283
133 226 80 7 624 48 169
127 241 223 300 183 190 633
44 265 927 395 509 505 470
72 866 710 647 555 548 499
155 168 178 184 14 636 870
123 351 100 66 74 368 86
140 528 469 264 500 516 470
155 87 107 138 286 43 16
122 528 234 461 244 371 647
43 814 370 445 6 80 232
155 40 120 269 58 103 221
121 606 618 607 533 552 490
151 545 431 592 372 555 391
138 624 127 115 111 169 83
66 877 835 334 325 339 332
97 302 239 18 31 84 63
138 740 476 509 437 403 470
148 563 343 565 499 395 576
133 174 92 624 204 263 169
97 571 443 231 259 263 75
107 838 645 403 470 592 431
140 50 552 485 510 453 548
133 403 528 737 493 303 513
44 462 823 631 583 510 647
151 169 128 127 400 121 75
97 219 490 607 588 583 404
107 571 6 317 231 478 47
97 751 255 309 179 122 95
155 283 363 739 489 716 616
155 453 401 503 510 431 565
65 169 911 470 660 492 338
138 404 645 548 453 502 581
95 823 513 244 490 407 647
140 751 366 17 64 27 43
154 601 693 250 321 374 329
94 866 631 806 576 372 694
138 546 533 555 499 645 728
107 782 813 631 510 548 401
68 303 316 285 308 48 338
97 827 618 645 485 587 471
155 392 276 58 230 126 268
133 444 618 628 420 395 469
70 437 490 644 662 431 403
123 886 806 453 493 502 554
107 303 790 243 471 246 502
154 666 492 360 277 246 491
25 648 451 105 872 155 756
70 916 461 491 218 383 599
103 464 592 303 394 787 469
133 722 270 183 358 79 295
154 99 635 505 459 264 437
67 289 615 562 510 404 165
151 183 521 200 56 73 199
107 588 782 510 485 403 662
154 24 582 508 476 556 88
94 170 403 335 787 580 231
155 426 266 267 90 299 446
155 14 44 241 256 189 227
117 655 167 16 361 362 33
93 936 821 499 503 391 710
148 681 395 565 611 507 303
140 398 147 194 272 9 5
138 404 675 175 437 531 470
151 503 704 609 356 360 420
140 828 391 565 768 373 562
133 652 666 468 247 551 356
125 264 768 555 493 582 303
122 562 143 277 50 233 492
155 414 331 716 747 659 284
155 220 118 36 32 8 258
126 745 490 247 248 590 50
155 107 17 90 366 87 138
97 828 790 588 498 401 407
76 668 610 24 264 736 611
155 24 476 505 88 175 459
25 500 776 815 356 371 503
155 36 37 162 85 62 42
107 275 445 494 205 400 170
154 490 503 499 373 401 533
33 896 356 233 612 143 244
155 221 269 22 40 126 103
155 126 474 149 217 103 269
155 345 325 326 329 330 601
155 321 332 367 746 251 250
155 261 103 40 276 260 58
154 443 448 75 170 259 94
134 645 660 516 395 499 562
113 343 528 682 499 453 393
151 676 120 41 76 217 221
97 669 503 576 372 394 662
154 593 304 716 747 414 622
140 179 381 137 185 134 104
155 0 13 84 72 384 10
132 647 501 703 247 551 243
154 490 516 401 492 407 517
103 498 278 394 279 565 631
148 627 96 105 114 134 148
62 279 618 861 776 401 469
154 430 386 308 226 48 285
122 279 356 248 393 407 395
151 394 561 526 662 493 562
120 714 662 728 607 629 715
153 401 394 588 513 420 592
117 700 194 398 45 9 5
150 728 469 576 587 782 401
122 647 394 629 565 404 391
151 356 563 662 407 682 431
148 464 205 115 386 285 83
154 670 24 556 88 436 303
154 304 593 659 616 643 716
94 674 338 436 517 264 444
155 693 329 549 547 413 326
121 128 660 517 395 469 464
122 143 444 403 680 436 353
146 682 303 469 431 248 583
140 98 97 582 531 28 89
155 414 602 593 331 483 284
123 873 662 694 420 562 373
154 527 454 38 254 159 216
132 461 618 431 502 599 548
155 652 417 533 503 420 401
33 636 129 784 905 119 15
155 216 527 55 254 130 131
133 463 470 554 647 371 373
151 168 129 293 106 14 15
155 465 88 99 444 754 89
123 48 80 92 77 232 6
154 268 402 58 120 126 276
142 265 587 502 444 517 470
154 650 94 174 514 191 460
122 646 628 552 682 485 499
155 199 206 311 521 310 73
155 682 499 554 553 485 431
155 659 593 489 616 284 283
50 930 5 177 176 830 757
86 356 588 453 463 490 492
117 285 443 6 82 170 75
151 645 561 502 391 554 548
113 675 99 670 110 25 437
148 581 507 600 526 682 502
15 623 734 790 528 600 553
148 624 132 231 75 102 6
140 430 443 833 115 83 111
148 465 977 595 20 508 175
120 731 588 600 469 403 740
48 132 30 731 370 158 232
113 977 24 674 19 508 459
107 734 551 596 631 517 490
155 220 11 12 8 118 3
155 39 70 198 55 130 38
154 272 236 5 194 9 147
133 612 403 469 303 315 420
138 734 403 565 401 393 417
151 833 259 204 83 121 115
140 462 246 609 490 244 660
154 682 592 498 499 548 517
97 991 422 751 362 125 43
151 50 391 510 453 420 492
57 694 218 462 745 215 492
44 501 395 806 553 694 503
51 611 218 729 469 360 635
154 531 98 19 88 20 99
66 760 305 225 252 477 79
138 394 463 218 246 303 660
151 831 242 109 506 589 282
107 612 468 704 356 218 491
133 752 404 629 652 561 510
123 240 627 412 114 415 273
154 774 550 603 363 659 421
151 680 25 670 509 476 595
133 343 587 768 682 507 576
113 353 658 140 660 463 315
62 850 682 846 462 599 492
133 490 510 607 662 623 471
133 309 113 415 255 96 148
154 660 51 50 243 333 383
151 494 94 81 169 75 83
15 863 372 469 383 491 420
151 765 258 118 2 61 59
51 646 611 492 734 681 507
44 734 646 526 431 563 517
123 139 210 185 382 201 104
133 606 554 592 533 360 583
107 469 694 647 453 517 401
155 183 223 841 295 578 222
155 4 147 236 194 271 146
148 808 275 94 584 93 174
151 838 596 662 502 391 373
97 252 564 399 295 358 300
138 407 666 143 51 140 383
155 547 325 329 321 642 367
154 28 470 505 531 635 509
138 683 731 318 840 369 370
27 504 674 476 403 500 25
107 645 733 644 420 553 492
89 740 141 404 303 631 403
117 631 704 660 141 140 420
126 158 725 794 656 324 715
140 867 654 622 659 483 489
14 361 537 26 272 479 427
140 77 259 121 47 169 205
154 733 333 218 248 215 244
154 187 45 236 146 4 9
111 99 674 517 635 89 25
151 19 517 470 436 459 437
153 490 618 682 565 499 652
140 617 443 170 400 308 494
122 80 275 263 82 48 81
155 1 384 195 21 63 0
25 850 732 889 548 401 502
65 468 619 516 552 469 393
126 525 423 272 422 524 638
155 516 806 420 453 417 555
133 728 143 360 660 628 420
148 246 500 407 599 490 248
155 214 68 54 30 158 74
155 250 547 693 367 549 339
138 234 612 140 248 577 243
33 393 551 501 704 215 356
155 8 32 36 61 37 59
59 906 430 731 318 464 319
140 463 243 733 215 218 360
123 166 87 17 107 125 27
154 424 435 61 42 32 46
146 233 815 583 247 491 468
97 9 88 469 264 303 505
142 372 215 243 470 490 583
154 783 503 552 493 372 393
117 81 275 226 75 400 83
65 676 655 352 295 537 270
59 165 594 628 600 500 403
50 921 946 291 290 522 486
140 448 173 174 584 169 48
133 218 503 565 502 587 420
62 797 698 957 449 763 727
151 448 443 47 94 263 75
94 735 204 285 111 121 494
155 118 61 32 8 49 12
94 583 546 710 728 545 391
84 815 461 658 612 360 583
127 322 42 32 60 323 61
148 140 562 373 371 583 492
97 782 444 660 403 635 517
66 507 978 587 485 545 471
123 998 134 137 387 209 154
100 470 779 821 153 615 165
113 793 700 271 9 45 5
148 469 662 485 404 510 373
84 647 728 787 303 513 607
122 453 359 234 462 745 50
154 808 317 584 478 174 173
150 565 526 581 470 596 553
148 493 606 371 533 420 492
155 367 326 320 325 334 342
123 42 322 456 323 438 61
154 443 81 83 259 94 262
125 236 517 507 505 147 5
138 502 606 277 360 666 248
43 703 502 318 464 787 248
140 97 110 303 505 19 264
155 435 12 162 220 3 62
66 371 264 694 404 516 503
155 485 576 493 401 554 373
155 326 330 334 342 547 425
123 417 459 465 444 264 403
138 867 716 363 739 421 603
155 659 616 654 363 643 414
146 623 499 838 628 631 485
155 12 49 8 60 258 32
72 381 412 207 139 255 134
86 338 28 353 680 264 465
151 475 31 18 135 72 384
66 278 360 662 526 503 373
43 629 838 28 25 508 517
25 587 588 623 806 628 576
155 516 513 694 710 404 431
140 954 330 693 321 367 320
151 563 417 728 555 562 526
148 196 189 106 119 197 293
93 734 710 596 526 499 490
138 551 501 277 383 660 371
123 787 471 394 490 493 565
55 548 754 959 175 25 635
155 466 718 79 300 295 358
154 765 12 62 11 8 61
122 278 704 140 215 218 660
140 713 111 308 75 226 127
97 110 469 485 417 403 500
127 720 100 133 86 721 158
151 404 437 89 505 517 531
84 644 806 404 592 662 581
133 361 52 53 479 427 422
151 770 614 775 377 378 529
92 162 725 756 778 657 46
148 828 503 629 682 652 583
151 259 77 132 169 205 204
51 875 319 128 430 580 464
127 852 222 564 352 637 537
48 510 248 958 790 734 553
123 787 478 174 191 317 338
155 107 33 91 16 90 138
44 296 490 505 635 465 395
58 960 356 344 229 464 228
140 647 645 782 728 492 581
151 913 758 621 586 585 625
151 719 339 693 425 325 329
72 868 545 862 628 662 420
154 513 682 562 533 652 372
151 352 718 466 358 300 295
84 834 898 536 123 203 124
94 862 768 545 499 493 581
113 753 767 593 603 331 414
68 770 418 812 811 819 419
44 552 464 243 143 577 248
138 752 629 372 628 561 768
140 612 233 501 50 383 143
94 735 173 121 170 48 127
154 682 631 553 618 517 533
59 584 430 579 259 111 262
70 823 832 599 501 244 503
155 61 62 765 11 59 49
140 7 263 47 259 170 205
24 697 881 17 422 125 696
86 722 822 224 409 79 78
154 503 403 453 372 565 394
24 874 776 683 731 370 319
155 258 8 60 59 61 42
140 423 147 5 45 272 271
25 919 824 743 45 5 793
44 823 863 618 587 393 420
27 80 316 443 127 115 205
68 855 490 437 88 500 513
113 245 712 296 312 165 274
155 593 331 550 739 483 421
51 878 730 348 558 852 637
154 236 272 147 45 271 194
151 759 214 74 29 30 35
151 645 607 513 453 562 548
76 533 806 508 458 391 576
70 165 465 480 646 458 470
123 43 429 267 305 426 90
155 219 181 192 213 245 289
154 628 499 629 652 552 533
155 258 42 60 435 8 118
58 916 9 652 395 505 407
71 531 356 565 469 492 264
43 861 459 618 391 607 403
127 838 561 552 596 889 401
133 81 226 803 443 259 115
137 431 612 215 333 704 660
155 457 57 200 56 73 521
155 56 310 199 311 182 57
123 761 37 59 3 258 49
94 888 737 790 553 502 710
129 279 618 552 592 394 490
92 471 265 635 436 444 315
113 501 623 644 526 471 503
94 89 821 652 588 391 403
155 96 309 122 139 249 240
140 466 270 564 183 358 300
123 876 443 111 115 121 204
140 545 600 528 647 485 499
78 24 110 215 660 19 303
97 463 647 694 548 401 485
97 815 501 733 277 141 246
66 64 669 78 422 655 427
68 934 764 560 559 568 569
155 631 565 554 553 407 562
151 490 768 607 485 407 431
155 471 581 417 562 652 499
51 327 355 698 763 738 354
151 644 485 768 516 629 607
138 660 24 19 459 403 303
127 567 431 373 596 832 420
151 67 435 62 3 46 220
155 207 96 179 104 95 139
123 935 410 294 376 212 211
25 472 588 233 463 246 490
123 8 142 254 527 159 67
25 829 590 272 685 638 525
72 846 609 828 783 420 492
43 657 513 869 649 648 756
107 703 599 704 140 277 246
154 98 531 88 110 99 89
155 221 260 76 23 261 103
140 92 400 263 115 81 75
121 492 437 175 509 303 404
72 866 469 360 215 420 492
155 676 276 268 23 260 76
121 335 583 401 562 503 821
155 250 321 374 601 251 334
155 155 382 134 105 209 136
121 360 652 710 372 417 734
129 69 258 85 49 216 67
123 857 97 88 476 175 264
155 283 284 414 483 654 716
138 828 710 548 510 393 372
154 636 633 256 190 106 168
113 791 881 479 53 71 52
155 684 836 432 570 573 574
27 710 838 141 623 248 431
155 339 320 746 549 332 345
154 728 490 431 417 485 548
140 947 105 134 104 209 210
151 838 583 404 513 391 502
151 259 460 191 172 263 94
154 768 838 492 565 373 510
25 604 934 559 764 568 569
72 315 823 581 526 647 503
151 609 215 501 140 243 492
66 518 96 422 362 427 125
14 874 776 906 248 464 319
154 548 507 563 471 493 401
155 37 42 60 59 32 435
127 436 548 490 565 505 470
107 666 431 233 244 143 360
43 663 430 132 170 34 75
155 131 527 130 39 55 38
72 551 703 491 333 277 371
59 458 866 246 502 607 303
113 183 679 711 78 295 358
113 645 565 623 493 562 471
155 414 747 489 602 902 283
154 435 424 37 8 60 118
125 395 548 790 453 588 600
50 590 517 863 820 647 461
113 776 628 581 492 502 548
113 500 463 587 453 407 600
154 642 746 320 549 413 326
154 394 485 471 393 562 407
154 94 204 443 275 259 82
155 58 276 120 269 260 41
151 132 82 262 81 204 205
154 877 413 332 329 374 251
70 343 827 666 468 577 420
140 140 662 391 623 492 631
155 710 563 510 502 372 581
154 774 304 747 421 284 363
48 687 819 742 741 811 788
58 517 579 172 47 275 338
72 862 768 356 490 623 431
155 214 68 35 74 30 368
154 774 739 421 331 363 284
123 669 498 647 513 470 600
120 795 466 358 399 79 796
155 214 100 133 35 29 86
123 498 468 383 660 141 360
123 259 92 445 80 102 231
155 32 36 424 85 11 37
140 394 485 710 553 499 517
155 133 86 74 100 29 35
151 682 555 528 431 391 552
151 507 476 556 459 89 20
155 411 380 379 671 408 523
62 476 646 647 660 469 470
154 505 670 19 88 110 303
151 838 662 548 471 499 562
133 15 149 126 276 112 23
155 367 374 549 334 320 601
151 507 513 555 583 563 502
120 61 38 69 198 142 42
154 652 768 552 493 510 513
78 464 403 109 242 395 580
129 41 161 15 112 103 145
154 474 41 276 101 269 217
148 624 111 262 81 205 169
68 561 587 374 321 821 607
107 682 528 873 513 548 502
140 963 547 345 693 746 342
123 927 516 395 404 507 420
133 722 223 270 300 466 295
155 11 60 37 220 2 3
58 724 469 721 720 729 157
145 595 28 465 670 556 531
72 396 78 564 223 358 537
148 495 704 247 468 243 244
123 538 37 61 2 816 162
122 916 491 141 315 215 599
154 587 50 393 647 631 548
68 623 737 374 330 821 391
155 133 65 54 68 368 214
154 631 652 372 499 404 507
138 806 469 407 513 372 493
50 750 303 373 555 394 662
25 969 590 655 685 638 525
31 937 850 790 528 471 553
94 431 815 277 468 383 492
97 577 682 403 394 404 490
113 672 399 225 537 78 79
23 647 351 594 582 25 470
86 152 635 393 552 303 395
155 401 555 554 404 431 492
97 680 333 703 277 243 248
154 268 402 40 22 230 103
72 830 700 271 194 9 5
68 182 352 718 466 295 183
50 862 264 710 407 436 510
123 617 102 624 170 6 205
24 981 522 641 909 439 487
113 612 587 555 528 420 498
155 431 576 469 562 553 600
120 623 277 660 141 371 393
155 112 168 171 15 227 636
107 821 873 652 453 516 431
155 407 563 516 394 517 493
121 303 645 806 492 545 517
151 507 556 509 303 88 437
80 612 50 992 609 247 491
138 577 587 533 391 561 647
76 600 646 850 838 588 507
97 964 381 255 185 104 155
123 886 404 513 592 629 401
122 666 618 393 407 631 356
155 87 90 107 26 43 125
23 296 712 823 436 507 343
133 528 660 278 407 563 490
113 644 552 563 555 401 391
155 136 154 209 105 477 185
50 839 479 760 722 427 78
153 652 790 548 644 498 553
80 132 624 808 93 34 80
76 746 719 493 821 413 334
155 435 46 32 118 258 49
155 144 301 116 117 188 160
140 759 100 65 158 30 66
76 459 754 394 516 465 444
120 610 97 175 88 264 611
155 549 345 326 250 413 642
25 787 729 896 563 394 469
155 413 342 321 549 374 345
155 145 58 269 101 268 276
94 295 206 182 57 199 183
123 740 81 445 170 132 231
155 221 126 375 40 23 230
123 468 485 404 565 470 503
66 448 316 285 121 47 82
155 550 331 622 283 414 659
86 748 782 444 565 470 469
155 459 264 25 556 20 531
120 751 688 288 287 447 166
97 343 737 587 391 552 516
122 516 465 459 509 458 469
155 593 602 747 283 421 616
58 542 153 192 219 152 289
154 666 501 371 468 51 333
24 158 516 657 794 725 715
148 561 513 694 545 492 498
151 867 654 739 421 483 283
123 381 240 207 122 273 134
42 348 78 690 297 298 537
123 567 391 607 548 493 420
27 859 648 695 365 482 439
148 806 490 404 554 493 652
155 54 66 29 100 30 133
123 678 111 128 400 494 75
140 362 87 107 518 43 33
107 737 436 600 470 407 588
148 704 590 50 51 420 243
151 590 315 143 233 371 243
140 871 413 320 693 549 334
94 880 660 498 469 552 493
123 696 52 71 53 423 881
154 517 768 492 510 513 533
90 351 587 503 545 510 470
123 394 108 242 282 109 580
151 394 417 553 490 499 372
113 885 405 653 357 336 385
72 391 338 459 508 465 517
151 902 616 659 602 489 414
94 580 471 353 407 315 303
155 11 32 162 3 424 61
120 666 533 517 403 407 356
123 308 460 316 174 434 75
123 863 552 592 393 470 583
59 994 699 290 486 763 291
123 929 87 33 366 17 91
155 547 374 719 334 367 481
123 571 93 169 262 48 173
70 784 166 286 125 33 362
127 231 391 553 492 740 565
134 403 737 554 493 592 662
154 694 517 581 499 372 629
127 508 552 548 499 437 517
146 80 575 75 6 7 170
133 7 259 121 75 92 204
140 145 14 168 44 112 15
123 103 106 190 256 189 112
14 567 551 704 911 391 420
155 250 329 642 413 320 332
82 592 353 556 24 505 403
155 240 105 273 139 104 249
154 704 353 248 143 141 315
123 715 133 68 86 74 158
155 261 474 23 120 40 375
51 868 892 710 554 752 470
127 333 469 401 710 141 492
155 16 90 87 43 138 26
140 867 304 622 659 489 331
140 113 179 96 249 273 148
127 469 143 551 356 565 420
120 501 553 517 554 502 244
84 468 623 403 303 503 583
155 628 391 629 372 485 471
155 65 74 100 214 35 86
155 17 27 16 90 64 91
111 264 493 141 587 248 552
134 407 520 246 606 50 141
127 285 316 174 94 430 75
25 296 319 911 401 492 395
155 403 576 391 372 710 607
97 830 187 45 4 236 5
155 22 40 276 474 392 120
93 595 838 600 431 510 500
123 650 169 400 81 262 47
133 584 308 617 205 262 169
122 597 18 1 0 21 239
107 776 768 596 555 517 404
123 458 485 516 502 607 576
154 196 184 14 119 44 15
134 83 786 191 172 48 75
86 675 403 110 28 89 175
123 936 493 404 407 394 565
48 823 554 670 594 600 507
155 111 127 226 205 285 308
50 655 559 540 348 560 537
86 734 737 618 373 493 492
62 610 371 563 592 533 407
97 681 734 576 420 493 507
72 948 563 631 628 471 493
155 630 433 573 432 574 836
123 635 50 599 468 371 660
140 223 346 237 477 300 537
122 356 403 600 404 510 393
155 360 501 215 247 492 371
86 663 174 803 226 47 169
123 299 33 138 64 87 91
155 145 217 22 41 40 230
138 754 595 556 436 444 25
72 844 732 503 401 516 562
42 359 243 785 648 869 745
151 633 564 841 183 223 295
155 654 489 622 414 283 331
122 999 371 51 248 243 609
154 587 404 533 393 592 373
58 459 712 752 576 343 470
76 391 278 315 599 576 502
50 981 649 946 522 909 487
68 788 812 419 418 819 811
155 402 126 120 103 145 261
154 803 170 75 115 111 48
120 800 202 253 412 134 139
154 576 526 596 431 517 391
127 225 270 352 183 477 300
122 748 644 372 513 554 470
155 443 262 259 94 111 400
137 469 526 631 391 587 503
151 674 24 436 508 444 509
69 243 552 465 353 395 356
151 161 178 168 106 44 15
120 24 629 510 862 516 264
151 765 3 816 36 85 59
72 371 783 555 618 510 393
155 215 606 277 248 371 243
70 223 718 822 679 79 358
86 871 877 481 642 332 329
154 623 403 492 628 631 420
133 285 460 316 93 121 47
127 96 113 253 415 139 273
66 868 790 628 652 391 516
155 719 334 547 374 250 481
66 6 786 263 94 172 48
70 808 650 443 94 48 584
113 813 533 581 404 401 516
154 386 75 115 127 226 83
70 264 828 838 581 373 552
151 563 565 533 493 576 562
155 432 574 535 573 684 630
33 356 615 279 562 395 507
97 92 262 575 93 83 204
140 855 652 554 516 420 372
140 448 81 204 115 169 262
155 380 390 379 408 411 523
155 1 10 135 21 13 31
142 435 216 67 37 60 49
155 65 66 74 54 100 35
154 601 693 332 413 320 374
140 765 42 32 12 162 36
154 375 269 23 126 261 101
70 754 110 404 594 531 25
123 590 517 545 498 391 420
138 437 553 600 502 303 500
151 774 550 414 659 363 283
72 50 587 395 588 502 393
121 467 618 592 631 420 279
127 650 204 226 121 460 47
97 954 339 601 251 330 325
92 682 333 647 50 244 526
155 22 217 126 392 375 76
154 304 739 550 489 716 622
151 545 404 628 417 562 502
155 270 578 222 841 295 358
154 381 477 201 134 156 104
133 838 662 417 652 850 502
140 862 485 561 407 420 510
127 230 15 171 168 276 112
25 821 861 19 458 437 507
125 353 628 806 493 395 407
123 161 636 178 256 168 190
72 827 279 453 513 490 420
151 902 659 654 603 284 747
154 583 666 246 360 599 371
155 902 489 284 593 602 283
123 426 17 26 87 43 91
154 816 220 59 61 2 8
151 226 94 93 400 48 169
126 487 497 449 727 522 763
59 563 319 553 533 279 490
127 531 728 391 645 25 470
113 815 599 277 141 468 243
155 38 39 216 69 454 130
133 7 808 262 75 6 93
23 893 637 319 996 464 306
155 130 131 254 454 67 159
154 41 474 269 149 260 126
154 88 403 437 89 507 436
154 424 435 3 258 12 118
44 866 303 596 631 417 401
155 31 84 257 18 0 10
126 465 647 502 533 680 403
76 695 364 987 986 482 723
140 612 587 629 600 492 498
155 145 126 375 261 103 101
92 581 779 343 296 312 652
155 367 329 481 321 339 693
122 244 694 806 581 607 502
33 660 458 28 393 500 303
155 36 46 220 162 8 62
138 611 646 403 470 303 507
138 98 436 509 670 110 508
127 8 438 534 322 37 61
155 47 275 400 443 94 263
155 311 73 457 200 310 521
83 680 463 502 533 353 600
111 916 218 492 333 407 140
148 782 552 682 563 373 548
155 320 326 413 481 549 547
15 590 815 373 218 733 420
94 455 156 415 134 104 114
96 635 563 503 493 394 500
151 653 406 405 357 337 385
123 954 549 719 374 332 547
154 676 230 23 101 392 268
154 728 631 526 391 618 417
154 93 127 47 115 170 82
107 244 782 592 526 533 471
155 51 333 143 315 612 246
140 223 237 224 225 300 537
123 287 380 390 671 379 523
140 963 547 332 326 342 746
134 43 817 167 166 27 33
154 674 505 459 19 20 175
96 264 404 618 694 471 469
122 25 236 5 4 9 505
97 351 644 710 372 391 516
126 417 612 140 277 533 631
146 491 631 551 247 277 420
155 230 120 474 22 101 126
59 740 694 356 682 372 507
155 251 746 413 321 367 549
140 977 531 444 582 459 508
123 356 508 436 459 531 264
155 647 528 503 471 513 552
123 530 25 24 437 20 509
51 655 722 225 409 466 78
154 694 600 498 607 629 513
155 243 371 315 599 420 215
44 434 80 82 443 275 93
155 37 61 12 3 32 46
123 843 13 31 257 63 195
72 316 121 6 81 83 93
68 701 515 777 449 497 699
48 576 503 99 505 838 592
27 459 868 587 490 471 517
27 555 587 505 594 508 517
129 401 277 143 356 623 490
154 528 629 596 600 562 393
123 517 274 779 347 152 165
154 728 404 516 503 499 652
51 279 459 562 821 89 507
66 783 480 498 862 576 510
154 601 871 549 329 251 334
151 873 662 607 513 431 502
140 791 881 53 423 52 71
151 601 425 746 332 325 549
151 356 553 592 631 623 431
68 781 524 479 427 661 525
155 159 527 198 39 130 142
155 533 562 513 401 583 420
103 644 838 768 485 469 502
86 308 803 262 204 75 82
62 832 507 644 513 838 492
154 528 407 391 417 583 372
100 618 821 403 395 417 552
94 132 478 115 263 317 169
125 463 705 519 520 492 246
154 548 629 453 431 372 471
76 636 633 474 230 189 112
27 868 821 782 403 526 562
155 3 162 32 46 8 36
155 137 201 209 382 156 136
155 36 46 49 11 118 67
127 28 315 583 215 465 303
72 467 588 596 629 507 600
94 437 710 588 562 404 507
123 278 244 383 243 50 660
140 954 345 374 719 342 325
155 628 553 393 517 562 420
33 815 510 682 218 587 583
31 173 949 400 132 204 169
155 335 319 318 231 740 580
123 787 404 583 588 502 565
155 50 501 215 491 51 143
155 425 693 250 374 549 413
43 588 453 606 371 704 431
155 30 74 100 65 214 66
97 494 34 259 231 204 170
121 458 806 862 373 502 469
51 359 590 872 756 461 745
94 677 386 75 48 226 169
140 782 508 458 459 517 470
123 863 628 555 552 596 420
155 643 331 414 739 284 616
133 276 256 241 15 76 112
154 255 382 155 201 137 156
42 663 226 102 7 624 47
68 633 166 64 138 27 362
93 635 187 45 146 5 505
146 434 169 263 478 316 174
154 263 111 204 262 443 275
155 353 551 51 218 143 215
62 615 582 635 505 88 500
155 249 309 134 179 139 273
72 215 868 485 533 576 420
153 576 548 806 407 710 431
134 403 98 88 110 556 437
133 216 32 162 85 67 2
120 11 38 159 70 216 49
155 12 61 46 37 2 8
117 500 838 555 513 502 490
123 734 491 51 218 246 420
155 339 693 320 481 342 334
76 666 303 936 609 218 315
140 226 77 80 132 169 170
154 746 481 334 332 425 367
138 710 660 395 507 629 403
155 139 95 179 96 122 309
155 30 54 368 35 100 66
72 961 902 304 616 414 602
48 787 880 709 594 493 303
123 855 862 806 391 662 372
120 420 54 100 74 214 351
140 395 596 553 391 682 492
140 114 210 209 154 105 155
113 353 660 815 243 215 246
154 652 631 502 618 553 554
59 509 862 533 471 662 403
154 44 870 241 15 14 168
140 565 437 110 28 444 264
23 996 319 442 893 306 464
148 119 256 178 293 190 106
89 635 595 565 553 394 469
140 39 258 36 37 220 49
151 768 490 471 373 417 498
78 102 316 617 308 93 169
66 817 523 688 288 287 447
154 304 739 414 421 483 602
155 5 194 187 271 236 9
133 645 243 333 583 581 492
94 954 871 413 334 332 320
155 217 260 41 392 261 221
155 684 630 573 836 433 432
140 745 666 599 315 243 215
154 739 747 283 622 602 421
93 343 501 485 471 503 395
58 530 526 175 264 485 509
103 828 505 565 303 373 507
140 196 636 168 112 14 190
151 96 113 202 105 148 104
154 652 782 629 728 555 607
127 765 456 534 438 11 61
129 704 495 461 468 333 371
97 467 470 596 563 431 528
107 551 580 563 404 373 395
154 902 616 489 283 284 602
155 61 85 11 3 59 60
133 286 166 361 427 64 27
97 490 88 595 531 20 303
50 850 589 561 577 580 583
51 949 285 34 624 127 170
138 273 381 137 156 255 134
122 546 493 806 485 453 645
94 658 666 420 577 248 583
127 115 650 172 478 285 47
140 868 694 806 485 453 576
126 662 582 265 25 499 517
155 23 103 261 276 40 474
42 319 860 552 315 303 580
148 647 782 576 587 401 417
151 652 645 470 545 562 694
50 353 647 277 666 587 218
123 737 468 244 333 50 492
123 199 564 841 223 270 183
155 565 510 469 592 600 533
103 247 359 567 462 248 233
94 218 530 175 465 436 303
154 453 247 315 612 583 143
55 297 730 851 558 637 298
138 807 745 215 371 277 244
72 510 218 490 609 660 420
153 618 600 513 682 373 499
97 458 24 670 19 88 89
155 260 120 375 40 261 103
123 925 70 142 69 131 454
155 816 85 61 162 11 118
113 231 121 584 400 262 47
122 682 704 244 333 247 490
93 611 554 469 373 401 303
140 759 74 100 68 29 54
154 500 372 576 553 583 485
66 964 122 137 136 134 155
155 171 197 256 112 184 178
113 786 571 48 47 584 173
121 644 337 405 336 385 885
94 823 783 407 492 373 503
120 729 407 503 373 470 635
151 111 172 173 48 259 93
97 959 99 97 437 20 175
155 329 330 413 326 547 549
123 862 517 403 507 631 516
72 277 279 393 500 533 631
148 628 694 526 631 485 629
140 977 531 264 25 459 89
140 196 178 171 168 15 44
117 583 694 752 516 510 403
155 92 445 132 81 170 102
121 166 518 107 17 43 362
132 243 417 553 453 50 490
123 820 745 234 244 360 461
113 734 588 561 555 583 490
154 481 746 549 325 367 413
25 777 327 842 313 450 449
43 740 279 548 561 373 395
138 737 555 503 373 821 562
107 561 343 141 356 431 631
76 594 28 710 516 437 444
155 263 174 191 173 172 584
155 368 66 86 100 35 54
94 528 776 710 548 592 516
146 563 838 503 596 592 391
103 359 599 590 567 745 462
122 409 255 185 210 137 477
126 50 588 821 493 371 647
155 425 481 413 549 330 642
107 222 760 237 79 537 300
120 127 191 174 172 317 115
155 99 476 444 264 556 89
127 362 518 26 138 655 33
67 319 611 20 459 264 787
140 647 491 383 666 468 371
67 51 490 710 645 548 577
155 41 58 402 217 120 261
70 666 592 594 681 404 248
123 343 141 143 51 243 356
72 753 902 767 550 603 483
123 395 662 806 372 710 373
126 468 485 587 407 51 141
107 545 821 813 510 554 372
72 937 886 652 517 372 553
107 599 752 401 561 652 517
140 902 550 421 616 747 331
151 816 32 258 424 62 3
140 963 250 330 339 325 413
68 507 246 705 519 520 248
140 760 358 352 222 295 300
123 940 548 554 587 499 552
72 545 393 660 218 356 420
151 588 682 629 652 492 662
151 719 326 693 345 332 334
155 220 11 162 32 60 118
127 128 584 317 316 494 47
137 463 666 491 333 492 218
154 189 196 293 44 190 197
151 913 758 621 585 586 625
155 424 258 85 36 162 60
155 37 49 12 8 118 258
120 369 600 453 493 565 318
148 838 528 576 581 492 431
97 565 670 754 465 88 264
126 721 368 214 86 720 158
155 36 60 11 3 258 59
155 435 42 3 60 85 162
140 112 58 268 221 676 276
120 779 507 420 565 343 296
134 737 463 682 490 493 417
59 157 512 942 124 123 203
155 249 179 207 95 273 309
123 866 510 555 596 493 553
133 533 505 437 303 490 500
155 549 325 367 547 481 342
68 335 469 548 393 470 580
48 661 540 17 33 537 655
120 570 2 37 258 59 535
94 166 518 422 125 43 427
138 754 98 110 28 25 508
151 723 365 641 482 364 439
67 500 565 274 165 343 768
70 264 752 806 628 561 517
129 502 110 89 264 516 507
24 1000 78 524 362 751 427
148 582 594 670 110 459 509
154 477 255 209 210 104 137
155 133 35 29 158 214 100
138 783 407 607 596 526 510
48 729 431 595 20 498 635
154 470 652 728 618 391 492
66 244 911 596 403 516 431
151 469 838 490 471 492 507
113 513 395 264 507 600 552
44 232 7 494 111 115 205
123 245 347 312 296 343 274
154 588 682 395 652 516 507
122 436 492 600 417 552 500
155 502 391 628 517 607 561
138 916 710 492 373 596 407
140 484 799 292 302 186 151
125 505 555 503 453 353 507
93 842 853 691 932 692 869
155 273 412 113 134 202 255
155 100 68 35 74 86 158
138 121 77 575 7 93 204
143 215 590 567 51 745 243
151 862 631 485 510 417 555
43 589 318 682 600 394 580
155 523 671 390 411 408 380
123 589 787 319 318 231 580
94 677 575 275 204 83 259
123 917 28 505 19 20 509
154 491 606 143 244 333 215
146 215 507 592 315 353 248
140 161 178 171 189 44 15
151 838 498 583 503 485 493
155 587 401 618 583 471 470
56 703 359 360 599 462 247
140 535 2 49 36 59 765
140 786 316 94 262 174 191
68 377 195 418 651 419 770
72 735 317 448 170 93 82
120 856 11 85 118 46 756
140 460 82 262 205 75 94
151 490 618 607 565 493 583
94 316 735 115 400 127 47
155 393 373 493 517 470 507
97 990 404 561 471 485 607
107 34 579 82 262 75 93
120 427 273 800 240 139 33
126 395 504 97 25 404 509
151 606 503 468 356 492 244
27 827 461 662 507 623 498
27 666 551 838 596 372 502
155 258 59 12 162 424 8
44 165 681 563 652 502 394
68 343 470 609 140 660 576
155 414 622 716 616 483 659
107 205 571 434 172 48 47
76 631 581 580 615 596 517
125 280 105 912 114 281 455
155 38 254 70 69 159 454
123 356 628 662 607 417 552
154 258 816 60 49 37 11
154 32 816 36 59 42 11
155 159 39 131 527 198 142
62 88 551 596 552 248 507
146 710 821 647 499 563 431
97 838 623 588 407 662 493
94 165 555 776 502 401 395
123 646 533 372 552 373 404
51 465 394 533 628 165 403
97 576 462 333 577 243 660
155 435 37 32 258 220 118
72 467 588 526 485 552 600
44 278 507 644 503 662 502
58 884 492 519 520 248 705
94 922 624 400 170 83 94
140 551 383 468 50 360 246
15 50 278 612 391 737 407
155 235 160 116 188 301 144
97 335 628 499 631 373 565
154 806 782 629 417 526 710
155 746 320 250 342 330 693
151 358 760 722 399 78 679
72 356 790 588 662 401 407
72 575 579 478 172 262 94
123 50 372 545 644 498 420
121 820 141 51 360 233 461
151 462 141 277 50 243 233
151 765 435 118 36 49 162
133 776 682 576 562 647 502
93 530 471 303 401 507 531
155 23 101 269 58 217 120
78 233 703 652 453 383 248
155 694 710 629 498 576 510
151 97 436 265 25 444 264
72 219 509 401 631 395 404
133 870 119 784 44 168 15
97 476 728 395 565 502 470
155 828 493 490 682 562 492
5 463 609 403 828 468 420
127 145 14 189 241 23 178
78 222 466 409 224 358 300
97 359 468 606 51 247 244
151 768 631 401 431 576 628
154 867 659 602 483 284 414
112 533 463 51 606 551 315
97 463 694 628 401 562 373
151 47 34 7 231 93 6
148 39 32 8 67 49 42
117 765 816 258 85 162 62
151 821 513 553 533 391 393
70 463 733 468 50 215 606
94 265 631 645 526 555 470
133 453 247 51 246 303 420
97 571 226 448 83 169 75
48 487 738 994 291 354 763
122 270 230 392 126 261 676
140 246 391 592 554 471 420
129 493 704 141 247 533 492
138 886 490 492 513 581 471
113 528 618 404 565 553 373
62 645 752 490 563 768 431
97 787 694 768 373 516 403
140 196 171 241 256 15 14
43 575 308 650 173 514 75
120 650 445 102 77 6 47
148 641 723 566 365 482 364
151 112 268 260 22 676 23
151 647 662 407 503 499 485
93 174 617 111 308 83 94
155 498 581 607 694 710 629
151 947 201 387 154 155 156
83 551 393 461 383 490 371
15 229 285 927 787 740 464
155 216 254 159 130 69 39
155 29 86 368 65 66 100
94 580 308 584 75 169 338
155 608 225 252 300 346 477
140 791 53 423 881 52 71
93 556 596 768 682 502 500
86 828 635 592 401 583 507
58 132 226 174 259 400 231
123 677 81 205 170 400 93
154 694 596 513 581 526 607
107 98 595 24 556 28 20
154 409 839 224 79 78 237
142 591 582 500 504 19 20
140 902 716 739 616 489 283
126 407 680 459 476 652 517
113 694 561 592 583 401 391
151 588 453 628 592 391 631
123 50 576 629 628 401 393
150 561 461 501 503 577 244
121 436 828 631 562 490 470
154 535 749 574 630 432 573
154 767 616 284 421 643 622
155 83 275 115 48 400 259
155 269 276 103 22 101 120
155 719 330 329 547 642 481
151 227 129 293 14 189 184
123 136 78 252 225 224 477
56 155 941 727 699 701 450
138 694 734 490 393 471 493
155 41 261 230 76 126 217
59 745 279 612 246 490 215
155 12 60 62 49 162 118
117 424 220 765 162 8 36
94 735 434 204 47 48 226
127 6 316 191 172 624 47
148 828 403 516 493 507 631
24 599 333 873 485 401 660
120 433 49 816 118 59 535
97 631 462 383 234 461 50
134 733 469 407 660 612 141
121 513 656 725 657 778 756
97 827 469 343 395 576 420
155 550 643 363 304 747 414
72 776 728 393 600 431 553
133 234 403 401 407 50 420
155 102 77 445 92 169 7
15 675 465 868 628 561 470
140 627 95 179 122 273 134
44 373 218 501 468 233 246
86 316 259 285 128 47 48
15 772 225 267 104 155 477
14 852 348 396 297 298 637
155 413 342 330 326 425 332
151 477 381 382 201 209 137
72 734 600 581 644 662 503
155 240 800 309 207 104 105
151 647 682 407 618 420 581
123 305 87 27 26 33 90
155 240 800 95 309 139 249
72 87 479 167 166 427 33
123 785 104 387 209 105 155
66 246 459 631 372 507 373
140 907 483 716 550 593 414
155 87 16 64 91 107 27
155 435 85 8 59 12 162
123 18 292 799 150 302 63
66 751 201 96 139 105 95
155 67 55 254 142 198 130
140 353 140 333 704 143 218
68 541 879 79 466 537 348
154 816 258 2 60 37 46
146 607 592 734 647 548 453
122 110 662 562 588 552 500
155 214 86 30 133 368 54
148 110 635 465 508 459 444
126 96 382 137 185 148 255
123 112 41 58 101 402 230
44 143 828 592 502 548 583
94 940 244 587 647 660 552
148 628 507 588 417 631 516
155 550 716 283 284 616 622
50 468 353 417 628 463 420
33 861 500 623 732 490 517
155 42 59 49 435 8 162
155 145 221 261 126 40 392
154 304 593 643 747 550 602
155 516 662 552 607 548 417
113 94 226 624 204 48 47
151 771 426 305 299 446 267
97 838 576 548 533 631 490
155 32 42 3 2 435 220
97 813 471 832 492 244 498
138 445 128 82 83 169 205
77 449 354 496 699 327 727
155 23 261 268 276 41 58
120 46 55 130 131 39 49
151 231 584 172 317 478 174
138 464 81 170 205 308 83
97 807 501 704 215 383 248
151 119 171 178 241 15 190
126 624 430 127 226 102 205
155 573 574 630 836 749 433
140 871 413 547 746 334 251
58 968 882 687 788 811 686
155 535 836 433 630 573 570
155 58 149 221 22 676 217
155 116 301 235 188 160 144
155 498 581 710 629 493 513
50 623 430 666 243 464 248
151 112 126 40 145 230 22
50 500 218 596 528 660 502
97 873 562 806 553 662 431
68 370 102 121 226 205 232
123 299 26 366 107 518 91
155 217 276 402 269 76 120
94 504 594 99 437 508 19
155 217 402 149 269 101 41
155 42 61 11 12 60 32
154 556 505 88 19 437 20
78 584 494 34 92 47 75
151 782 600 592 431 516 553
62 732 644 248 533 503 562
50 663 80 443 226 34 75
155 94 584 173 75 48 478
140 759 133 65 86 66 30
140 599 704 333 143 218 356
154 800 134 139 273 309 240
153 768 503 629 548 623 493
14 225 852 427 679 822 537
72 484 475 31 257 384 63
155 283 489 483 654 304 767
123 943 474 260 101 40 268
121 577 502 533 492 407 140
154 469 828 652 507 407 562
122 154 800 249 95 122 134
72 752 533 395 838 490 565
123 867 363 616 716 747 602
140 765 3 258 46 162 61
127 721 30 35 66 157 158
138 371 596 555 628 548 533
122 611 587 513 470 492 565
154 285 443 308 494 115 400
138 774 739 414 602 747 483
133 170 786 460 584 262 173
33 797 496 951 449 497 727
62 768 832 782 581 503 498
154 474 41 375 149 22 392
70 857 25 215 248 303 264
155 3 49 162 816 61 37
113 356 561 629 493 393 471
122 806 403 469 394 303 503
154 800 134 139 273 249 240
151 339 719 642 345 332 425
107 453 404 599 660 612 420
78 815 612 470 552 383 420
148 234 703 247 461 383 371
154 474 41 40 269 230 23
123 1 555 662 510 806 485
155 434 584 172 174 93 478
133 607 463 141 371 503 431
120 564 171 44 189 633 352
154 182 206 199 310 311 73
154 739 304 283 489 603 643
127 244 393 401 507 360 583
23 533 862 416 290 351 420
44 253 155 800 95 96 104
155 547 549 345 250 425 334
123 222 221 103 22 261 676
123 265 485 391 502 492 470
23 797 496 327 313 449 727
154 394 710 499 420 403 517
154 477 382 136 210 185 156
42 356 581 459 19 500 407
123 479 194 9 5 187 272
72 434 663 494 285 169 48
27 807 403 703 815 383 248
155 421 593 483 331 739 602
48 947 449 965 964 450 155
44 114 136 122 95 139 104
140 531 493 607 372 404 507
133 624 317 478 173 170 47
123 682 143 704 51 315 356
72 892 644 555 561 493 516
140 97 594 500 680 437 531
154 435 816 36 12 118 37
155 562 629 587 581 431 513
151 768 401 583 548 555 393
51 475 292 31 13 799 63
155 547 334 746 693 367 325
151 528 662 629 607 417 555
155 250 334 345 549 320 601
126 812 651 419 418 811 819
151 826 235 188 160 116 144
44 933 818 72 384 21 195
42 450 869 891 665 664 842
154 676 474 217 103 22 392
154 816 32 11 36 8 62
155 87 125 64 138 518 366
59 278 615 629 533 500 502
86 224 672 358 466 79 78
134 870 276 23 145 15 178
62 530 510 682 507 470 600
140 838 548 393 662 493 510
148 434 575 169 174 170 75
154 782 652 517 562 372 607
148 563 545 694 513 499 391
155 49 61 2 42 12 62
59 338 923 594 680 611 303
140 660 737 493 553 404 469
127 141 652 393 629 609 492
25 921 290 450 522 763 486
14 743 398 236 824 793 5
140 43 446 266 426 90 91
155 2 61 220 46 11 8
140 892 453 471 394 576 516
125 75 611 507 464 205 226
68 361 138 299 266 91 33
151 774 867 414 421 489 603
155 24 89 99 25 505 459
122 278 666 277 371 243 660
121 980 602 739 659 283 774
133 393 89 437 403 600 517
154 97 505 19 28 175 531
122 886 732 502 431 517 662
155 549 329 693 413 374 547
72 530 681 500 556 680 436
151 93 445 92 81 80 102
154 609 143 333 491 356 704
121 945 605 541 540 348 864
150 733 233 140 599 277 360
93 703 652 660 628 420 383
138 338 555 596 631 507 420
155 11 85 62 8 816 49
123 461 491 666 277 704 247
67 343 394 485 587 563 165
140 737 607 471 662 516 588
155 345 332 339 413 481 330
72 233 500 373 629 404 420
72 977 635 97 476 24 175
50 650 121 317 338 259 173
121 645 394 583 510 513 710
115 407 838 629 395 372 471
76 782 513 666 218 470 407
70 655 518 751 166 27 33
151 394 417 373 562 588 403
155 185 209 381 201 156 137
138 609 234 50 501 246 243
155 552 510 768 393 562 607
123 151 1 18 257 84 63
151 402 268 392 217 23 474
71 611 338 335 319 731 787
151 588 694 728 516 471 607
50 17 119 751 167 784 362
142 655 64 91 361 33 90
133 531 600 493 592 505 404
151 248 563 498 583 652 453
151 404 548 728 552 553 555
142 583 644 866 600 629 498
77 611 395 247 501 565 248
92 467 353 490 533 248 732
140 491 590 461 234 468 501
138 850 618 431 503 838 513
68 279 565 262 174 231 787
50 144 664 281 280 842 455
94 861 50 623 453 548 470
155 548 391 554 373 607 485
126 316 628 660 607 317 338
94 629 609 277 248 140 631
155 481 321 251 547 339 693
62 615 599 476 505 248 517
84 694 752 821 393 576 516
155 363 489 283 774 603 622
70 850 528 734 628 503 513
94 233 563 647 471 583 244
146 606 353 533 247 143 315
126 80 494 48 47 77 624
155 41 120 58 76 101 375
44 247 850 503 628 548 492
148 870 293 106 636 14 15
155 235 188 144 116 160 301
148 513 545 561 583 453 517
154 409 608 346 224 79 252
151 581 394 565 652 583 502
155 230 375 58 126 261 217
155 414 654 659 716 622 593
133 460 111 285 169 584 47
67 272 524 362 27 751 638
151 913 758 621 585 625 586
123 393 264 635 25 509 500
155 676 22 269 126 103 261
154 368 158 100 54 30 66
148 850 710 526 583 652 471
120 782 257 21 84 135 431
148 174 34 81 263 169 75
70 951 777 314 450 449 497
31 232 833 663 226 169 205
123 112 261 474 217 40 145
27 827 790 552 247 315 492
123 39 59 62 2 60 220
70 776 561 279 732 490 517
134 644 615 821 394 493 516
136 694 303 248 500 533 510
57 16 973 479 422 655 33
154 97 500 508 19 28 476
155 435 62 220 61 2 118
123 535 435 11 49 32 59
155 29 35 133 100 214 65
72 680 99 635 517 20 509
148 902 739 363 747 414 483
154 577 606 51 141 246 243
155 13 18 63 135 257 21
140 107 267 305 446 91 90
151 710 533 623 498 652 485
106 490 644 618 790 548 372
88 393 19 469 674 264 600
155 162 49 62 37 32 61
155 593 331 739 284 363 716
70 666 612 652 471 492 247
122 394 790 607 545 554 372
155 521 311 457 206 310 56
155 654 659 603 616 643 489
148 635 704 141 583 218 360
97 803 617 285 494 205 121
123 868 662 526 554 498 600
155 84 384 257 13 21 10
154 786 478 172 191 584 434
155 2 435 220 61 62 59
123 351 372 373 391 806 516
154 670 24 556 476 436 303
123 491 576 498 453 628 420
151 728 517 588 565 607 391
155 435 118 49 61 220 2
151 533 395 563 592 517 516
120 98 403 513 631 500 110
123 787 576 391 431 453 607
155 36 46 816 49 118 60
140 867 622 304 363 331 284
155 67 254 216 198 70 39
122 303 731 335 740 231 787
25 447 361 240 751 95 167
154 786 75 460 173 174 172
140 754 24 459 509 88 89
123 753 616 659 747 603 283
140 112 217 260 392 76 103
93 815 645 631 662 372 583
127 118 323 438 322 435 61
113 98 674 437 675 89 88
148 275 7 81 94 93 169
146 592 528 647 548 563 393
155 17 138 87 107 286 27
140 252 760 399 295 78 300
142 113 249 207 253 148 273
123 0 502 662 562 728 596
65 419 883 812 811 882 819
27 580 353 28 595 556 303
154 394 607 588 662 493 502
97 677 808 460 478 316 93
154 500 97 459 531 476 20
50 545 501 528 647 141 587
101 509 548 507 373 303 776
133 505 485 631 553 469 500
127 121 650 191 478 803 47
70 951 957 314 450 449 727
154 719 326 367 320 642 251
142 466 346 237 399 78 300
155 26 33 107 518 125 87
154 402 392 221 126 261 217
44 798 450 136 185 947 155
123 821 782 548 470 471 607
24 501 927 576 303 401 248
155 207 309 240 96 273 122
66 509 889 499 471 553 469
140 249 136 185 154 104 105
154 739 747 421 284 616 283
148 813 868 600 554 372 417
126 448 445 34 80 579 93
76 721 724 942 203 158 157
57 537 784 90 17 362 655
154 790 372 710 502 553 471
50 718 649 679 822 796 79
24 581 783 927 628 403 552
148 498 463 248 562 490 592
140 92 575 83 263 205 170
122 468 469 821 373 607 647
27 486 810 699 354 727 763
66 600 646 508 444 458 500
122 959 754 437 19 25 175
154 500 554 502 503 407 401
26 465 802 513 141 431 303
155 431 555 417 498 806 628
123 567 141 612 140 215 51
48 731 115 140 420 48 338
155 216 142 70 159 130 39
25 491 278 296 562 395 248
151 682 503 806 471 391 516
15 852 560 348 466 399 537
155 56 57 73 199 311 457
76 819 651 847 626 418 419
125 256 120 126 23 197 178
129 606 838 391 431 463 583
154 402 392 230 120 221 375
151 768 517 652 562 372 502
154 375 268 145 41 230 221
153 7 83 575 81 624 204
97 461 592 728 618 526 498
107 516 838 783 647 533 372
97 142 220 424 62 118 42
97 905 227 870 14 184 15
140 507 485 587 581 592 563
142 139 185 209 122 104 134
127 155 122 95 309 156 134
140 771 305 91 426 446 299
155 160 188 116 144 301 117
50 211 942 488 324 203 157
154 694 682 553 562 533 526
97 45 24 110 476 175 505
50 939 155 664 891 964 665
25 237 540 306 879 637 537
43 844 372 693 334 374 821
155 28 88 556 97 459 437
153 221 474 268 375 103 101
138 866 737 561 502 662 401
140 95 627 113 412 255 273
103 356 528 533 401 360 583
123 114 96 139 800 122 104
72 536 834 769 673 203 124
127 394 587 647 618 248 493
97 873 463 507 660 552 431
107 827 528 533 552 561 498
94 886 459 652 507 500 401
151 545 631 528 516 401 493
148 259 338 317 231 174 75
117 531 98 754 99 19 88
153 629 548 628 526 502 510
120 3 38 131 130 216 60
148 161 633 184 197 112 15
123 172 83 121 111 400 48
107 265 516 505 469 303 444
66 450 921 487 522 486 763
62 783 623 50 371 356 393
155 14 171 190 189 178 256
155 561 373 503 565 431 510
154 286 366 87 138 518 27
151 581 500 469 517 503 652
151 182 206 457 73 57 199
151 588 372 644 420 431 502
122 905 633 112 171 168 197
123 929 305 267 426 429 91
123 154 79 537 225 252 477
96 909 691 785 692 869 649
25 939 964 842 891 664 665
121 745 517 510 373 503 371
86 734 588 315 215 490 583
94 674 787 420 248 611 635
70 394 353 530 531 465 500
154 236 272 194 146 9 147
151 866 493 555 526 499 401
121 609 554 737 528 417 490
65 82 814 80 34 232 624
121 44 41 126 76 22 112
70 165 545 631 278 373 470
97 658 609 215 243 490 315
140 599 485 373 503 631 407
140 475 257 1 195 384 21
123 407 233 51 501 577 141
117 513 828 561 631 373 407
155 548 499 372 694 485 533
86 940 531 587 453 470 517
113 675 505 556 459 444 88
140 866 503 554 502 498 526
151 475 18 10 21 384 135
123 218 373 510 553 498 552
123 944 200 521 311 206 199
155 459 556 509 97 444 264
155 35 86 65 100 368 54
122 34 94 83 111 262 204
107 6 803 308 226 170 83
97 675 710 395 517 373 516
120 781 577 371 461 590 525
148 660 528 631 599 583 490
62 752 501 631 490 315 471
120 800 225 608 252 477 104
122 710 508 20 25 303 403
123 873 587 728 607 629 502
59 264 218 628 513 587 516
151 132 48 263 231 170 205
151 787 395 492 507 248 403
155 485 431 600 372 555 502
155 374 601 330 325 413 320
107 776 752 660 565 548 502
140 129 168 633 178 106 241
97 737 563 694 526 373 391
154 719 693 481 367 549 330
59 776 360 710 403 533 553
59 403 838 868 528 493 576
154 728 647 607 513 373 502
51 809 781 829 969 780 525
155 284 616 774 659 331 483
151 434 262 263 94 173 93
122 72 862 510 628 629 596
140 580 533 373 502 469 403
84 645 889 588 420 553 401
94 352 206 182 311 73 183
122 813 588 492 470 493 372
154 507 587 401 607 372 629
94 590 612 815 383 360 468
125 548 277 333 248 710 407
123 943 676 103 392 217 23
66 528 752 533 500 469 503
155 593 603 622 643 414 489
140 911 583 533 555 607 492
123 85 38 69 142 39 67
151 774 602 767 283 489 622
68 520 552 110 459 264 356
148 365 695 723 364 482 439
154 581 528 493 563 372 470
111 623 734 233 462 248 492
140 828 596 503 510 393 631
148 782 768 587 662 393 607
44 484 799 18 135 1 63
151 475 18 13 21 135 384
51 122 114 137 210 253 104
44 935 157 212 294 410 211
155 339 693 329 374 425 325
151 507 485 503 623 562 516
154 642 339 325 345 481 330
66 866 458 563 395 507 499
155 36 62 435 42 11 85
133 215 517 533 552 141 248
151 828 554 553 631 407 372
72 905 870 633 106 241 15
78 734 660 562 528 244 583
155 214 133 68 30 368 54
155 251 321 367 325 329 719
117 394 587 694 562 516 420
68 588 680 89 24 531 404
123 948 513 431 391 728 493
151 867 616 622 603 283 483
154 774 304 622 331 603 747
72 864 605 879 537 558 348
80 632 775 419 770 377 378
155 218 612 141 248 247 315
155 368 133 30 65 35 214
151 631 806 710 471 662 553
48 353 528 595 476 516 264
44 594 552 465 28 582 303
129 434 803 82 169 316 93
155 631 561 492 393 553 662
140 415 387 209 210 255 104
151 375 268 269 41 101 276
155 719 325 342 367 329 642
151 371 372 510 393 373 548
97 892 583 782 393 391 607
140 102 275 443 121 93 48
126 563 234 383 50 493 407
151 601 547 719 251 342 325
84 580 776 682 576 470 507
97 886 588 587 592 498 401
51 494 6 173 263 102 169
151 182 521 457 73 56 57
148 567 609 247 577 51 383
127 224 210 155 156 79 477
151 285 173 514 75 47 48
155 145 276 268 230 58 269
68 897 637 690 297 298 558
138 821 623 553 768 552 493
140 700 272 187 271 9 5
127 453 509 508 20 503 470
66 870 300 112 189 633 15
97 830 187 45 194 146 5
78 636 129 23 230 106 112
154 839 537 237 608 252 346
25 246 607 165 838 394 502
151 67 61 258 220 46 118
155 471 499 662 453 420 581
151 293 633 227 178 190 14
151 751 427 16 362 43 125
92 51 507 533 431 623 733
155 527 70 67 130 69 254
151 735 121 128 83 308 127
125 358 190 241 633 564 223
92 634 270 537 564 352 637
70 662 395 99 556 509 403
155 145 217 260 76 22 402
153 647 694 470 652 607 618
155 323 534 456 322 438 61
122 650 735 226 400 82 47
142 447 751 27 817 166 167
107 647 394 553 662 526 652
154 647 404 600 510 393 513
154 375 676 149 101 22 260
140 528 404 629 652 552 485
140 494 102 81 6 170 169
151 694 596 631 493 554 485
154 659 767 414 602 421 284
76 819 651 847 626 418 419
94 607 263 316 47 172 338
154 402 392 101 41 58 149
25 912 148 537 185 477 105
155 54 74 100 65 30 133
120 508 453 401 407 403 465
51 563 556 265 338 20 470
123 827 503 513 607 517 492
155 216 69 67 142 454 39
113 343 734 401 498 420 628
31 680 610 393 660 395 303
123 676 189 633 190 241 106
67 352 78 52 53 422 300
151 663 111 285 75 82 47
155 95 249 240 139 104 273
94 338 674 24 459 88 264
62 735 386 169 111 128 226
59 477 227 760 295 633 300
94 888 838 652 391 373 710
113 422 16 751 27 362 125
72 478 677 111 121 259 262
123 828 498 553 526 592 393
72 437 394 485 581 453 517
97 356 453 404 470 403 583
154 444 631 403 517 395 565
140 427 518 366 138 64 125
97 857 303 675 509 89 444
133 166 26 87 16 361 27
80 316 514 735 400 47 94
140 567 333 583 247 244 243
51 113 179 154 136 95 255
138 595 97 24 88 436 25
140 343 471 403 555 516 453
111 782 806 403 596 710 662
66 560 267 252 225 477 537
151 682 545 555 493 554 471
44 510 353 476 531 28 436
67 631 469 97 28 264 553
70 431 551 703 243 246 490
51 815 462 356 503 567 243
122 936 596 453 629 728 710
150 161 178 184 293 112 190
93 748 728 768 555 533 469
121 404 51 277 733 360 635
113 898 769 123 673 203 124
121 994 522 487 486 763 291
44 595 737 710 728 372 553
155 37 62 60 2 11 36
154 233 660 141 315 143 247
155 592 576 502 492 628 631
123 92 443 263 83 275 204
154 545 600 417 391 516 493
155 95 105 104 255 207 179
113 98 436 97 531 28 508
134 644 660 470 507 373 401
150 19 595 594 670 531 508
140 793 147 272 271 45 4
92 480 231 469 580 787 675
154 816 258 424 2 11 36
122 498 233 247 51 246 612
126 680 729 646 469 353 404
50 468 556 499 596 500 503
120 790 19 110 175 500 553
155 345 367 334 425 549 719
148 694 394 583 431 407 493
137 467 401 631 502 278 528
58 166 771 125 90 266 27
66 850 646 526 485 517 652
148 682 403 694 554 516 492
155 719 321 332 345 330 413
72 530 670 99 24 25 444
59 850 790 248 403 553 652
27 911 990 806 618 545 607
44 328 842 449 313 314 450
151 395 662 453 631 503 499
66 507 959 670 509 175 89
138 431 233 577 599 660 315
65 745 509 583 420 517 461
140 514 81 6 624 48 75
123 42 130 254 198 527 142
43 669 526 458 469 635 600
155 268 474 260 145 230 103
121 131 435 258 220 60 67
72 635 594 99 582 508 444
97 461 545 596 493 662 503
44 823 596 248 660 140 420
154 392 402 40 120 217 22
129 19 576 458 517 670 89
155 383 491 51 143 371 244
155 453 806 581 499 652 694
154 722 300 295 79 466 78
72 537 428 361 33 166 427
154 623 728 431 401 662 373
107 682 703 333 244 492 246
133 460 127 308 121 263 75
76 768 517 0 135 623 485
59 948 51 403 303 141 407
140 595 582 465 88 303 89
148 102 47 575 7 169 204
42 661 685 147 146 272 638
148 174 205 82 172 263 262
155 23 268 103 260 676 221
150 629 548 645 545 431 471
65 509 999 141 315 609 353
23 401 911 704 462 243 503
62 501 600 644 728 533 471
155 446 266 426 299 267 429
84 716 902 767 421 593 331
126 111 448 231 263 803 47
126 685 479 272 422 524 638
155 3 12 118 816 8 42
155 596 471 592 502 600 513
113 588 623 728 485 498 503
59 109 296 787 740 395 580
107 886 838 576 510 553 401
129 50 710 629 562 248 583
68 125 661 423 71 479 427
155 130 131 216 254 70 159
142 541 864 349 605 540 348
56 730 81 464 308 48 307
70 313 763 496 497 727 450
58 496 420 698 763 660 727
43 531 469 838 485 581 470
155 10 135 21 13 84 72
94 580 790 372 502 391 821
154 905 129 119 196 161 190
113 862 728 592 499 373 510
155 261 474 101 126 40 23
67 883 812 419 418 819 882
58 740 628 353 407 662 395
72 635 394 373 581 407 517
151 173 82 81 170 48 263
32 500 551 555 734 647 490
154 516 490 407 502 562 563
97 371 587 596 552 372 407
113 776 581 565 431 372 517
154 587 526 517 471 583 629
151 759 100 368 30 54 35
117 545 469 528 471 417 498
113 265 509 754 19 25 582
155 55 198 254 70 69 454
148 171 196 129 112 14 44
151 256 196 293 14 190 197
140 265 89 508 507 500 264
42 462 823 552 631 493 734
120 765 38 39 527 216 2
43 317 92 713 128 226 75
140 495 141 612 247 244 243
72 317 735 111 285 226 82
155 739 593 550 489 716 483
140 821 485 470 513 533 510
140 627 249 122 309 148 134
107 624 128 263 400 169 170
146 647 576 507 821 391 393
151 351 158 30 86 214 65
123 475 84 239 0 13 63
107 660 776 554 401 607 517
121 444 555 628 552 485 264
154 581 768 516 510 552 391
155 230 103 392 276 120 268
129 127 478 263 93 111 170
58 821 889 505 517 838 404
155 260 103 676 269 217 23
27 952 470 172 169 173 338
113 674 505 582 465 19 25
70 520 233 576 561 420 248
123 335 710 453 485 493 565
113 170 808 317 478 262 93
122 916 469 513 498 592 596
25 453 660 24 353 505 248
155 136 156 209 155 210 134
151 545 576 592 391 629 453
126 444 243 215 420 19 303
25 88 647 790 469 407 470
133 571 115 204 262 174 47
25 832 737 467 517 453 492
59 279 821 403 596 393 631
151 867 747 622 421 283 331
148 507 581 485 600 401 373
72 646 594 465 88 459 507
155 145 76 676 58 269 392
59 92 317 448 259 115 170
123 362 179 105 96 800 95
148 234 356 599 233 468 577
123 943 230 76 101 474 268
154 774 602 603 331 489 363
154 774 550 747 659 489 603
27 852 306 298 634 558 637
151 782 513 652 417 471 373
70 791 655 167 751 362 661
121 468 510 372 592 453 248
154 774 602 659 363 603 616
154 424 220 42 46 32 258
150 395 548 710 592 561 498
24 821 499 140 461 577 503
123 446 26 64 27 125 90
142 128 204 93 308 48 111
154 326 719 642 325 413 332
57 115 369 338 580 231 47
14 545 351 592 88 20 516
155 156 209 154 210 185 105
94 128 173 7 231 169 205
122 696 479 52 53 71 881
155 138 64 90 33 26 43
72 734 703 704 491 215 243
151 343 561 662 628 652 453
59 969 479 685 524 661 525
154 368 759 30 35 29 54
155 342 345 321 251 329 425
125 592 10 257 135 502 431
127 175 552 141 218 99 303
113 359 51 599 371 233 577
155 600 628 607 652 420 498
155 600 391 485 533 401 682
155 345 642 251 413 693 425
121 434 308 226 400 82 94
59 172 579 6 204 275 82
48 752 647 580 278 493 576
107 353 393 333 468 51 248
134 315 264 517 500 407 592
59 444 63 394 563 485 395
80 173 308 876 77 169 170
27 712 444 404 782 576 517
140 759 86 214 368 54 35
59 995 813 682 420 694 618
151 913 758 621 586 625 585
127 11 55 130 527 46 67
44 317 579 443 111 170 262
153 553 647 768 600 393 554
140 387 800 179 139 105 104
140 165 181 192 193 219 289
155 145 120 375 58 103 276
92 919 187 45 271 146 793
138 352 711 466 718 300 358
107 400 338 231 174 263 317
107 591 403 476 89 97 19
122 936 215 491 704 246 609
154 474 41 101 260 217 375
62 34 617 575 47 121 169
94 565 591 28 97 25 444
155 130 70 159 198 216 39
154 862 583 498 581 607 420
155 32 59 62 37 11 220
122 258 454 216 67 142 42
44 855 555 468 243 462 420
151 259 478 514 173 48 174
33 328 314 763 497 449 450
154 816 220 49 11 36 2
155 2 49 46 62 36 85
153 768 401 623 576 431 502
155 12 46 85 8 42 67
66 395 827 431 528 417 552
113 275 624 494 205 169 75
140 655 17 366 91 90 33
148 599 343 393 407 631 356
122 222 722 679 760 399 300
154 660 704 247 277 383 246
155 3 37 8 62 60 32
43 137 78 446 305 90 477
138 303 682 373 563 470 395
131 856 872 745 869 785 756
154 368 158 68 35 54 133
97 635 468 471 492 599 583
113 514 575 81 83 75 47
140 494 275 262 94 443 400
151 484 292 799 151 186 150
93 338 815 551 246 583 507
27 494 663 584 231 263 47
86 509 338 927 646 403 470
78 293 905 633 112 196 44
43 328 842 890 314 313 450
122 395 506 282 242 108 580
97 838 470 631 629 576 493
43 908 298 541 540 605 558
113 807 612 577 51 277 248
103 369 787 731 335 840 318
138 839 352 358 295 79 300
51 787 343 681 436 420 507
123 398 271 194 146 187 9
67 505 551 516 548 373 353
155 100 54 158 86 66 133
123 227 129 293 161 119 190
65 516 157 86 214 158 351
151 286 266 305 267 299 91
148 360 403 553 734 492 583
70 524 166 17 43 27 751
68 33 240 137 381 104 139
15 830 930 970 177 176 757
72 865 466 237 839 300 79
33 977 754 670 28 444 508
90 892 403 393 768 588 576
151 737 372 682 404 516 401
77 827 503 660 599 526 243
96 591 500 674 469 470 20
155 8 49 424 46 32 12
97 832 813 552 553 554 498
23 583 752 306 319 464 469
138 645 682 493 516 470 373
122 827 248 485 652 493 629
155 292 150 799 302 151 186
151 110 465 635 28 444 25
151 838 403 596 562 565 507
122 649 853 932 854 692 691
33 279 740 561 165 517 395
155 424 60 85 118 61 816
123 0 393 576 629 453 596
123 578 760 79 466 679 295
99 155 649 656 715 872 756
140 156 240 249 207 104 134
123 611 508 437 500 595 680
140 771 429 90 426 267 266
154 366 286 87 26 90 138
138 533 143 218 606 733 248
72 737 868 545 710 453 417
155 2 12 424 32 11 46
80 856 778 154 155 756 785
148 644 710 499 631 391 401
155 747 284 774 659 603 622
154 800 134 139 240 179 309
151 680 24 99 508 444 465
68 485 458 88 582 20 517
129 555 353 395 407 553 552
113 790 631 563 528 554 401
151 592 607 768 469 629 533
25 279 611 731 580 335 464
155 217 230 269 402 103 41
50 233 467 403 680 278 248
122 298 409 225 252 346 537
14 738 856 327 810 763 354
155 258 32 11 8 435 162
97 25 740 469 565 583 403
120 444 373 548 587 502 500
148 599 588 395 682 652 492
121 517 504 97 28 19 436
155 231 92 77 34 81 170
142 395 606 215 485 583 490
151 507 555 417 492 592 600
15 141 462 588 561 710 420
155 493 710 470 498 607 420
154 404 728 555 516 493 554
93 73 78 564 537 295 183
113 823 498 394 516 395 507
154 816 220 46 2 49 12
151 782 596 552 553 499 576
122 372 218 215 599 360 492
120 247 662 517 592 431 244
146 97 595 594 444 89 508
127 155 273 415 113 137 255
155 244 277 51 333 315 141
138 166 26 43 125 362 427
31 50 594 338 356 303 660
94 740 115 173 317 93 231
154 563 417 782 471 407 393
154 304 739 414 284 283 643
151 803 93 170 47 82 115
154 339 719 374 334 367 425
155 435 32 3 42 11 162
138 784 189 129 190 119 44
154 594 264 531 680 507 437
126 485 88 444 465 561 395
66 208 96 155 136 105 382
126 453 99 505 500 734 420
154 676 120 269 103 23 22
67 415 185 608 237 477 255
151 719 693 339 549 325 345
122 510 218 315 141 371 431
126 655 138 26 17 537 427
50 4 752 476 28 469 505
94 737 89 372 470 517 552
123 761 62 85 8 11 49
155 424 118 85 12 42 59
123 196 633 241 112 256 190
15 672 427 295 409 224 78
68 333 596 782 545 553 631
86 615 509 407 485 470 395
66 681 98 531 444 508 680
155 101 120 261 260 474 230
24 872 778 692 649 691 756
70 338 868 806 628 510 470
50 152 25 471 629 500 394
140 546 391 710 502 545 728
59 98 401 670 465 403 175
140 844 600 391 503 565 562
43 528 343 51 50 244 631
154 583 710 407 565 562 485
154 393 581 587 583 563 431
155 251 320 719 332 413 321
61 461 592 635 660 490 498
61 888 505 821 372 420 469
155 269 392 221 101 268 149
151 647 728 629 510 453 493
123 948 431 499 710 548 493
140 309 382 201 210 134 105
123 615 444 28 509 437 500
154 601 719 481 342 325 345
107 596 264 768 469 417 565
155 43 64 138 366 87 17
113 632 770 775 529 377 378
148 623 499 561 628 470 517
121 492 99 24 88 531 470
154 268 402 230 23 120 126
138 263 132 7 34 93 204
154 225 839 346 608 224 237
94 531 813 513 554 510 404
140 660 499 768 562 431 516
155 107 17 27 33 286 518
33 399 396 298 852 637 537
66 740 783 561 548 393 607
72 715 343 391 431 628 516
154 41 474 402 101 40 103
155 106 184 197 168 190 112
154 469 372 492 768 618 513
155 230 392 221 145 22 217
151 98 264 444 28 110 19
78 575 226 478 434 169 47
140 463 493 393 391 631 490
140 961 550 304 283 603 602
140 954 251 601 413 325 320
31 468 844 555 394 588 393
97 531 581 490 372 401 404
140 877 321 250 549 329 342
142 733 468 577 218 360 247
15 351 752 592 25 436 470
120 218 548 628 502 682 356
72 821 868 710 662 417 516
94 485 745 468 215 243 660
58 170 335 316 338 787 47
120 476 152 153 343 165 517
155 199 57 311 182 73 310
90 832 545 513 407 644 498
123 46 142 254 159 216 67
151 102 663 83 169 75 204
155 139 122 207 273 309 134
97 595 555 644 545 652 553
155 2 36 118 46 61 60
123 444 548 806 493 545 516
154 233 666 704 248 247 315
154 232 445 80 102 231 92
155 2 62 12 37 3 42
117 623 576 783 420 417 493
121 813 607 576 485 587 645
155 260 276 120 22 392 261
155 392 149 101 41 230 22
27 806 838 660 528 587 492
44 274 553 680 436 507 403
123 896 485 629 628 503 493
155 217 103 41 260 261 149
94 936 277 490 315 333 609
107 754 403 28 175 88 20
103 737 581 628 647 469 510
127 237 358 295 223 477 537
154 255 800 95 207 96 273
123 175 662 510 576 499 403
155 600 417 607 528 493 555
66 137 822 300 346 537 477
140 278 356 551 420 373 248
59 462 866 635 507 401 420
140 394 779 296 312 152 153
151 759 68 214 35 54 66
151 161 227 178 241 44 14
153 592 607 600 631 662 629
142 295 224 477 399 537 79
15 970 930 830 176 177 757
140 361 286 64 87 17 27
155 345 601 329 320 251 332
154 420 645 587 545 499 470
68 729 721 214 29 158 720
113 632 770 775 529 378 377
66 278 110 503 401 500 631
140 15 260 402 261 145 76
154 99 97 19 444 25 582
155 570 574 630 573 432 684
140 911 596 526 499 391 503
62 278 592 828 783 510 373
155 17 33 125 90 16 64
123 455 104 273 627 415 114
76 533 581 98 20 471 516
122 823 712 274 343 165 395
138 82 650 478 174 263 47
155 158 66 100 214 68 29
125 171 221 375 22 636 112
27 861 588 768 694 372 403
140 774 739 602 550 421 659
155 424 46 11 61 118 2
151 484 292 799 186 151 63
122 353 670 595 594 437 680
154 533 737 407 391 404 502
106 218 652 577 561 244 315
148 737 403 372 393 407 562
117 783 600 545 373 417 492
155 548 471 623 592 533 516
68 846 745 599 383 461 495
59 316 165 265 303 403 338
155 8 85 46 435 118 42
155 58 149 40 269 261 474
72 877 954 326 339 325 342
151 682 647 607 417 499 526
70 962 308 575 204 111 400
72 338 594 24 89 437 303
51 335 507 374 325 615 821
86 803 6 430 128 82 83
122 352 521 311 310 56 183
15 798 964 785 185 947 155
48 328 951 455 842 497 450
113 624 231 275 263 47 204
78 24 470 9 5 89 505
133 175 471 401 516 675 470
127 43 305 299 266 366 90
127 335 77 92 132 740 231
151 182 457 206 56 199 311
121 429 362 427 43 16 90
92 203 204 232 77 102 157
140 867 716 363 622 489 593
67 881 422 525 524 638 696
125 592 590 462 371 587 533
138 733 462 233 50 383 599
155 517 510 554 516 710 431
151 67 424 32 49 12 42
155 114 627 148 412 104 273
140 624 94 448 259 169 82
92 119 402 676 126 149 106
151 343 623 629 507 490 372
66 247 866 631 513 553 490
140 386 170 111 169 494 400
151 99 594 436 531 459 25
138 838 393 498 652 581 647
154 197 633 106 241 184 171
148 395 581 417 490 373 404
154 550 867 283 421 603 602
140 774 716 304 550 483 363
140 827 502 391 510 526 417
58 580 226 174 93 82 231
66 777 842 313 314 450 449
123 244 710 553 391 485 502
26 821 631 838 652 850 372
113 395 647 553 417 561 393
123 393 436 19 465 28 303
58 801 975 656 725 885 794
120 264 662 453 510 498 635
72 740 615 498 417 469 565
48 692 50 715 649 745 869
123 868 407 592 493 548 510
151 121 174 173 48 259 93
58 595 312 592 469 821 470
120 383 517 565 562 552 218
148 575 174 262 83 93 47
50 624 338 443 275 464 83
155 258 8 162 60 424 11
97 844 623 499 554 662 562
155 120 126 145 260 375 103
154 545 682 581 493 471 407
122 867 774 747 363 659 593
67 290 861 782 581 470 915
154 50 815 371 383 246 248
134 464 262 48 400 285 494
155 119 196 44 293 129 161
147 278 548 561 248 373 660
127 104 163 164 208 154 382
66 554 611 265 500 264 470
154 386 169 226 285 48 121
61 734 491 353 404 660 360
138 590 218 143 333 233 371
154 268 375 261 126 149 58
33 611 453 595 580 394 303
140 577 507 734 393 248 490
140 647 383 140 277 468 420
155 173 317 191 316 262 174
138 655 286 27 43 361 33
153 554 469 652 470 517 587
148 528 407 652 555 562 431
140 675 582 97 508 19 25
140 42 254 55 159 216 142
123 157 35 68 133 214 158
151 660 510 553 492 407 404
121 647 740 507 395 592 485
59 530 165 401 562 394 600
43 445 663 460 93 174 169
86 663 434 430 128 48 75
59 226 319 94 478 231 48
154 435 816 2 37 49 3
129 445 514 478 48 205 231
151 436 99 110 531 89 505
151 469 581 647 471 517 492
154 526 565 492 401 453 471
120 460 6 624 205 169 173
155 485 600 552 592 517 516
154 375 269 261 120 392 58
72 265 394 437 89 403 470
72 681 861 407 453 517 470
138 264 618 502 510 500 552
117 617 464 75 308 226 494
117 599 333 745 215 50 360
140 866 806 645 372 498 373
103 343 644 552 510 507 372
154 694 628 498 420 662 728
14 637 223 560 772 477 537
97 648 853 691 854 932 692
151 765 60 42 11 36 8
140 833 263 275 400 83 169
155 250 329 321 413 330 481
62 870 633 119 197 189 15
155 22 261 126 217 120 41
138 734 694 431 407 248 493
140 782 821 394 404 393 407
154 339 601 374 321 330 329
155 587 645 485 498 562 553
155 483 716 283 659 363 304
84 957 763 777 497 727 449
154 710 600 552 499 372 391
103 563 277 503 360 528 420
133 545 458 436 404 420 470
30 680 950 674 458 748 508
94 333 580 565 394 403 490
155 421 550 643 414 654 603
155 155 201 381 382 136 210
97 647 491 407 218 141 244
155 225 237 409 78 79 300
72 303 563 694 553 373 453
123 127 434 173 174 94 170
140 867 659 616 304 283 421
155 260 276 149 101 217 103
155 130 254 159 38 216 454
123 455 415 202 104 273 114
86 677 584 275 115 94 263
155 654 483 421 753 331 283
154 624 132 92 102 6 204
140 399 225 346 252 537 79
58 28 827 670 517 561 437
58 81 647 580 319 776 231
72 333 395 453 493 394 631
59 863 647 490 623 768 553
140 15 126 149 260 145 676
155 44 241 190 197 178 106
133 545 647 528 510 662 587
120 464 485 372 453 493 469
151 174 81 83 75 93 94
65 404 371 498 561 244 581
123 734 599 50 468 215 244
121 652 567 501 371 244 431
123 828 469 607 533 629 583
126 152 752 561 403 347 395
122 916 516 403 394 500 248
113 806 507 533 404 492 499
155 207 122 800 179 309 249
151 528 403 652 513 453 499
94 122 947 137 136 185 134
78 382 387 179 96 210 105
120 787 411 380 390 523 335
113 873 623 607 471 548 513
134 308 677 262 263 75 115
107 885 653 405 357 406 385
154 662 647 652 644 562 431
66 362 426 107 64 90 17
59 219 526 594 507 592 404
59 399 171 564 183 633 300
120 797 486 522 487 763 727
84 555 710 612 315 552 492
155 14 44 256 171 168 178
120 785 590 234 461 745 756
155 190 256 227 633 14 241
67 858 850 247 577 420 849
154 424 435 36 8 3 12
151 154 95 148 104 255 134
127 173 400 443 205 434 75
121 509 218 371 407 660 395
15 823 606 140 576 652 420
140 783 548 391 631 493 373
155 42 61 8 11 220 59
123 751 273 96 309 104 95
155 269 276 260 120 230 101
140 567 50 247 277 501 51
94 423 26 362 427 43 422
154 513 790 618 553 581 401
117 234 606 660 50 244 383
140 674 97 582 556 508 444
151 821 425 345 374 330 325
97 244 403 682 499 629 498
103 77 494 259 111 81 170
71 708 516 635 505 444 404
61 386 580 248 264 338 464
133 80 584 174 75 34 169
154 421 716 304 616 659 489
58 581 666 338 264 356 517
129 110 516 469 403 25 89
133 577 828 407 492 333 141
155 81 445 132 170 102 204
148 567 704 277 501 233 243
103 226 584 259 174 443 169
140 161 168 227 189 15 190
117 700 398 505 5 45 4
155 251 320 693 425 547 339
151 913 621 758 585 625 586
78 720 724 30 100 157 158
138 832 360 371 583 647 420
154 592 728 485 628 510 453
150 75 77 80 231 624 92
58 97 599 680 507 407 437
107 844 444 563 507 821 588
155 172 191 316 262 94 174
148 599 694 503 315 652 407
147 50 471 356 383 247 599
154 607 592 576 493 516 600
123 267 156 201 105 134 477
154 500 737 510 513 401 552
155 162 11 49 61 3 36
154 606 140 215 243 218 315
113 733 815 704 140 246 420
155 806 555 596 417 510 485
153 272 236 187 45 9 147
122 708 88 670 500 303 595
72 231 752 628 548 417 565
138 576 545 618 503 628 555
155 221 103 76 41 260 22
138 646 548 516 372 404 401
113 252 564 399 358 537 300
14 328 842 313 699 763 450
96 926 563 561 652 502 768
58 756 684 11 59 535 46
155 2 8 46 85 118 61
127 599 493 782 561 356 420
113 734 737 682 562 492 493
126 462 356 501 383 745 233
123 835 329 332 549 481 326
122 296 581 407 372 510 821
123 136 240 122 249 96 105
155 583 631 499 587 431 533
155 501 356 491 140 248 215
151 841 537 300 564 358 223
155 133 35 74 214 66 86
70 681 592 790 607 471 470
138 644 768 563 393 420 562
62 617 514 400 584 173 48
155 268 392 22 23 474 40
133 393 606 635 463 407 248
58 595 383 662 393 468 553
151 563 618 628 652 510 471
140 844 516 469 499 588 517
25 448 80 735 128 308 205
155 22 126 392 103 76 58
120 194 881 53 52 423 271
133 165 516 393 821 296 395
27 580 556 563 694 562 403
140 248 581 563 555 404 471
154 746 481 549 332 326 374
122 595 704 420 356 215 303
154 474 221 402 40 103 149
151 592 607 768 431 499 404
72 615 219 153 296 312 165
140 475 239 84 10 72 63
155 600 528 513 498 485 510
140 790 373 631 592 431 618
154 716 421 616 483 622 304
72 814 48 92 77 81 231
120 596 577 660 468 244 498
84 635 552 866 782 470 498
140 886 533 502 373 471 553
155 2 62 59 424 118 816
72 303 609 606 277 244 315
126 122 415 253 412 800 105
155 90 366 107 87 138 33
155 510 628 492 631 513 618
66 371 335 555 553 565 393
138 567 303 660 246 468 248
154 576 647 391 453 555 528
133 579 514 47 75 448 94
151 759 65 368 29 35 66
151 463 417 562 600 373 492
155 236 5 45 147 146 4
148 514 82 263 191 172 75
97 612 600 694 493 510 453
155 481 332 251 325 367 342
140 403 728 782 581 526 470
140 737 694 728 533 562 492
123 360 821 562 587 563 431
155 654 616 550 593 483 643
72 278 675 436 459 458 470
123 635 563 471 592 492 498
140 821 549 339 345 330 325
122 597 18 21 63 31 239
97 855 50 704 247 233 420
154 584 275 173 93 262 174
151 734 485 623 628 453 592
123 427 608 225 300 79 537
155 107 33 138 90 366 64
154 220 816 11 42 85 62
25 292 475 562 1 485 63
138 862 563 401 583 607 576
113 545 838 583 431 502 373
68 944 56 578 222 183 199
97 351 395 548 607 562 470
113 873 628 694 485 373 510
133 143 516 502 587 141 420
93 861 371 453 463 373 565
133 485 821 615 394 403 404
123 802 490 533 403 498 600
155 207 96 122 240 800 95
120 327 411 390 408 523 335
62 463 528 507 588 391 373
140 768 588 600 592 431 499
155 414 304 550 331 622 767
94 415 947 387 209 136 104
62 737 644 623 618 581 562
133 458 485 453 600 469 517
154 601 719 330 549 374 413
153 554 500 470 768 510 563
154 816 258 46 62 3 2
138 553 110 444 88 470 500
155 493 618 407 623 391 517
153 513 561 662 565 596 453
94 886 647 403 561 510 662
126 599 645 391 485 141 631
107 943 112 101 76 268 23
94 465 356 401 623 503 517
155 26 138 16 518 87 64
155 230 101 145 474 260 276
68 798 210 164 208 382 154
44 461 790 552 592 533 498
59 646 644 393 548 545 470
121 514 127 285 121 115 93
142 415 387 136 253 104 134
154 545 431 555 806 728 401
154 474 221 230 260 276 103
123 877 367 334 321 326 374
33 445 173 617 443 48 169
123 592 728 545 806 503 555
123 322 36 62 37 118 61
50 872 452 649 648 451 756
120 732 282 108 589 580 278
94 617 94 7 81 93 204
59 758 782 823 647 372 453
154 601 693 332 329 320 330
153 50 733 277 599 218 141
140 595 28 465 99 175 500
50 450 869 156 154 872 155
66 431 916 383 277 140 371
93 886 635 588 395 652 662
146 468 373 607 660 246 492
14 646 776 821 920 219 404
48 802 63 927 394 485 600
155 518 27 90 87 125 366
140 552 556 28 437 303 264
133 612 590 495 567 383 243
24 915 486 517 351 470 290
155 12 32 435 49 3 36
48 823 383 372 868 660 896
140 623 607 545 710 391 517
123 575 316 434 173 174 75
94 431 24 458 20 508 517
117 623 561 500 631 503 420
92 697 791 881 71 52 696
120 838 19 670 175 437 507
155 402 120 126 101 221 230
50 513 726 24 175 594 303
97 243 682 545 373 516 502
66 468 715 407 404 516 660
154 316 263 47 191 173 48
14 278 815 403 820 461 583
142 7 115 47 102 81 204
154 129 168 184 112 190 44
154 561 592 662 548 453 562
66 531 467 420 533 453 517
55 505 279 886 372 533 470
140 351 30 35 74 65 86
15 863 528 850 303 403 583
140 783 431 607 629 533 373
154 424 67 11 36 85 46
122 578 457 310 311 57 183
151 474 221 676 276 217 58
97 972 528 548 526 493 431
123 615 782 545 662 499 517
142 227 119 293 256 15 190
120 70 258 46 59 49 216
151 728 631 394 499 510 502
155 112 44 189 197 168 190
123 626 10 31 18 257 195
140 609 733 612 218 51 141
120 258 198 131 254 216 42
138 423 236 187 5 272 271
151 469 335 740 464 787 580
147 734 395 502 493 248 503
151 219 343 712 274 152 165
154 518 427 125 64 16 26
123 407 277 143 246 491 50
70 791 479 428 362 427 422
94 821 877 481 251 329 320
140 783 453 499 401 510 526
155 68 74 133 66 35 368
94 218 866 507 498 629 420
133 555 733 141 243 503 492
155 469 502 607 513 628 600
72 740 469 581 728 710 607
155 747 616 716 483 331 283
67 140 734 545 555 417 243
129 579 494 443 170 448 275
44 912 185 179 95 249 255
155 258 36 8 85 61 118
151 393 710 581 561 553 554
151 645 417 407 710 662 401
155 642 334 250 342 330 719
154 174 121 48 169 259 262
140 484 292 302 799 151 63
56 810 891 450 842 664 763
154 607 645 694 401 391 499
72 501 832 644 607 647 420
68 790 662 356 141 552 502
123 724 30 54 100 214 158
155 493 391 407 652 404 517
133 102 584 172 262 204 75
97 465 561 629 631 373 395
66 249 756 210 136 155 104
146 95 661 427 167 751 362
140 760 537 252 224 300 78
61 893 442 637 730 307 306
155 40 103 41 149 260 145
123 580 444 264 509 476 303
97 514 204 317 82 115 93
120 631 495 462 567 461 498
155 693 481 330 374 642 342
66 136 789 163 208 164 382
72 81 275 317 172 174 47
27 827 832 563 645 587 498
140 431 218 143 140 463 360
154 236 272 9 45 4 5
155 15 197 14 44 241 184
51 850 501 554 553 491 492
154 409 608 224 225 78 477
151 609 143 501 141 491 333
122 430 259 47 170 121 494
122 597 135 0 72 63 239
151 790 631 503 431 485 498
138 356 565 596 401 682 407
140 870 197 190 189 241 636
155 136 185 387 104 154 156
60 837 776 674 88 507 748
121 246 395 561 631 552 463
155 679 466 79 399 358 78
155 562 391 517 592 553 431
155 368 74 86 29 35 30
154 506 580 282 589 108 831
93 896 503 587 600 607 660
84 353 552 233 247 218 141
86 666 733 303 353 218 356
72 886 694 552 600 453 554
27 645 333 629 561 503 492
154 816 258 162 49 3 36
155 246 492 356 383 277 371
155 268 149 23 40 261 230
154 413 821 367 374 321 320
93 850 491 606 51 141 583
140 745 246 491 468 244 233
43 219 493 480 646 458 404
155 311 457 200 310 206 73
155 368 65 54 133 74 100
44 724 720 54 74 35 158
154 402 392 375 260 230 149
66 434 876 81 263 204 93
89 359 649 872 756 869 745
154 838 563 513 471 581 592
155 549 693 251 367 329 321
155 345 326 693 342 746 374
140 246 372 554 470 623 471
148 470 596 652 710 728 581
155 8 12 118 59 60 220
142 507 728 645 395 499 401
123 209 240 273 179 122 105
120 439 932 854 853 692 648
151 636 293 44 171 184 190
151 759 74 158 66 35 30
48 952 562 308 47 420 338
127 303 704 140 491 552 141
97 900 662 565 548 555 502
155 345 746 251 326 693 339
68 604 764 559 560 568 569
76 497 314 209 155 449 450
93 817 518 361 17 27 166
155 133 65 158 30 214 66
70 341 840 860 231 318 370
66 502 611 577 315 356 244
66 20 844 652 502 417 500
86 152 580 407 517 303 394
129 600 754 88 89 517 500
140 265 437 175 508 459 436
72 599 737 710 782 401 502
151 870 112 633 178 184 15
151 774 654 550 489 659 622
155 76 392 145 40 276 101
61 734 652 580 335 565 507
106 607 394 319 580 740 565
93 471 257 239 31 1 485
123 2 454 39 55 69 216
123 207 136 210 156 381 104
68 828 599 247 606 218 631
126 500 806 710 391 395 517
69 957 327 698 763 354 449
155 404 682 393 490 372 596
120 567 485 562 782 471 599
154 629 554 555 662 499 592
125 243 710 516 652 143 315
44 750 862 561 485 393 662
151 700 146 194 45 4 5
123 954 330 642 425 413 342
138 828 555 554 391 682 372
155 258 59 2 3 32 424
140 596 1 63 18 0 72
96 596 458 264 509 437 507
155 36 49 8 258 85 12
151 581 631 628 516 552 404
151 676 230 41 217 76 269
123 985 216 39 67 55 159
33 901 128 172 663 82 75
155 379 390 671 411 380 408
72 752 647 623 407 562 498
123 752 391 453 548 485 516
72 703 606 832 498 420 244
155 58 261 145 41 260 217
155 250 251 746 374 332 693
151 977 437 97 508 175 89
97 619 752 583 431 417 469
151 528 652 581 417 493 492
120 629 143 51 233 315 471
155 412 253 202 104 273 134
93 431 110 458 459 500 576
122 70 37 118 60 42 67
112 278 500 681 507 248 470
42 729 611 806 555 652 635
127 59 322 456 534 60 61
15 165 20 787 629 510 517
155 54 66 214 133 65 29
23 752 674 416 875 351 470
122 925 527 198 38 131 454
62 577 611 606 551 303 356
94 243 458 631 517 404 248
143 27 422 78 167 125 427
133 548 143 248 247 461 243
121 821 491 246 243 356 503
120 638 17 43 16 90 655
133 648 932 854 691 869 692
122 726 470 444 508 25 594
155 457 206 311 57 521 56
129 571 400 275 263 478 173
70 434 115 7 34 204 75
72 731 6 173 262 48 231
31 504 709 175 517 595 20
150 631 652 315 453 599 583
44 296 444 576 607 502 395
154 269 375 41 149 230 145
148 660 710 498 533 420 470
155 41 260 276 392 103 268
76 462 277 868 896 243 660
66 303 868 561 682 516 395
155 413 342 345 326 549 334
154 601 642 251 326 332 481
140 954 332 413 425 320 342
154 148 800 96 309 207 240
27 556 338 552 694 555 470
94 77 514 317 173 174 231
66 768 461 662 782 420 562
140 753 767 602 643 283 421
133 790 628 838 562 526 492
93 776 99 436 89 444 588
97 609 233 218 50 599 141
154 577 612 491 277 215 333
66 682 243 565 470 503 600
25 815 682 582 660 303 246
84 942 898 536 123 203 124
133 443 584 316 174 275 48
139 790 728 372 503 485 644
154 737 403 417 561 510 431
43 476 265 607 417 600 500
154 838 728 485 628 471 492
142 265 24 28 517 444 459
97 978 517 866 373 629 545
140 768 728 662 420 498 562
155 747 483 716 659 593 603
86 303 143 499 431 583 420
155 592 553 516 710 502 554
155 41 103 217 120 76 58
44 412 156 139 800 207 105
138 752 552 485 391 782 431
97 751 148 800 96 309 95
140 394 548 623 526 631 517
123 551 501 140 233 383 360
123 538 36 435 11 37 162
154 561 600 565 391 490 596
155 216 38 70 130 254 131
123 539 118 11 12 42 62
155 32 42 424 118 61 60
127 244 485 499 806 246 471
70 141 510 645 790 548 407
138 448 308 111 47 259 75
154 600 561 596 526 607 502
151 555 710 469 552 373 417
154 581 631 583 553 526 562
154 631 652 596 623 453 662
140 732 533 623 470 516 517
127 799 135 84 384 302 63
138 828 565 517 502 248 393
154 395 596 407 502 652 562
122 44 217 76 676 23 112
151 867 643 747 284 593 414
97 776 576 526 662 431 592
127 912 154 185 381 114 134
68 918 887 951 727 497 777
154 905 129 119 197 15 161
94 428 87 361 43 17 427
122 646 533 373 420 576 395
154 635 99 531 20 175 459
121 362 299 267 91 286 27
155 11 62 118 424 12 3
155 251 642 367 250 374 719
44 267 210 409 225 224 477
151 533 806 662 493 694 607
120 919 187 146 147 5 793
133 317 445 80 204 263 169
44 760 346 358 564 223 300
58 857 587 437 635 533 444
123 867 654 716 622 747 331
59 509 467 652 420 279 395
138 885 653 337 357 406 385
133 231 400 115 82 448 169
68 790 417 338 303 565 391
140 954 693 329 250 547 367
86 782 600 768 618 393 485
155 133 86 68 66 74 29
122 109 407 303 470 469 580
155 101 276 120 260 217 269
151 808 460 94 174 584 93
155 41 126 120 221 268 58
137 356 510 562 533 635 631
92 335 803 205 226 115 231
128 623 141 660 612 453 628
151 517 19 556 670 459 20
113 862 453 404 533 607 629
138 827 576 652 453 728 561
72 165 444 607 407 507 517
155 69 454 131 70 142 38
59 651 792 770 195 626 419
155 3 60 162 12 11 220
68 463 607 670 500 517 373
154 528 592 587 562 373 553
140 798 185 210 137 154 155
80 244 548 556 403 583 471
151 676 375 402 23 261 22
155 178 256 184 112 197 241
92 983 742 364 641 439 640
126 140 647 587 493 916 407
120 736 561 662 554 407 610
133 581 248 356 490 499 420
151 695 365 364 482 641 439
155 162 85 42 220 59 12
155 145 474 40 101 392 103
137 776 587 652 662 588 548
155 50 143 277 218 246 244
15 790 50 353 623 517 407
140 112 268 392 474 276 230
62 713 169 464 386 400 285
140 886 373 592 470 581 554
155 218 246 141 420 215 356
140 507 628 555 618 470 401
148 490 821 503 652 407 552
155 283 716 747 363 550 489
80 583 666 234 501 215 315
154 394 596 592 576 516 565
94 756 253 387 255 104 155
123 505 371 333 383 218 420
151 947 137 134 136 154 209
123 646 417 516 500 576 404
113 383 596 548 373 420 490
67 224 427 87 286 27 78
123 219 533 554 493 694 404
113 733 490 233 333 315 247
155 154 155 136 156 134 104
154 643 774 659 331 284 483
148 463 733 612 140 371 248
62 838 528 303 404 737 510
66 247 813 561 827 728 492
80 327 731 533 565 335 319
44 734 838 623 526 652 517
155 492 490 561 407 373 393
123 835 693 329 330 342 326
123 538 61 435 2 3 162
155 250 367 321 374 549 334
155 345 693 374 250 330 425
44 626 818 72 31 135 195
140 278 492 503 393 407 502
51 463 501 470 513 51 420
155 66 86 133 68 100 74
142 132 400 285 80 169 205
14 624 617 285 584 94 83
154 647 782 517 417 562 391
154 474 41 145 375 276 23
151 575 478 174 263 47 93
25 165 740 501 734 248 517
151 403 476 531 25 595 509
121 510 333 468 244 141 407
59 963 954 601 321 547 413
25 822 558 307 852 730 537
155 87 64 33 518 27 17
120 900 500 394 631 510 752
14 333 561 832 706 807 244
68 604 764 560 559 568 569
84 646 533 508 465 635 470
123 877 367 549 425 693 374
155 36 60 49 162 424 85
72 813 644 485 618 790 553
65 477 845 558 540 349 537
107 218 734 600 493 552 420
68 551 704 501 461 243 218
78 670 510 338 580 436 303
121 350 133 74 65 214 351
123 305 87 366 43 138 91
42 796 672 578 270 300 79
92 804 541 558 540 605 805
24 505 754 360 565 503 444
151 624 132 445 102 34 81
25 458 407 282 787 580 303
154 492 704 141 491 277 360
123 141 110 476 595 500 303
151 563 645 545 526 485 554
78 729 505 492 373 635 469
140 828 768 404 499 393 372
155 145 268 76 260 474 40
123 841 73 310 56 311 183
44 495 647 333 277 383 243
154 236 272 146 187 147 194
138 575 80 81 231 48 204
155 23 101 103 392 58 40
155 58 101 221 261 375 76
113 873 768 694 498 373 548
66 579 460 115 443 75 259
72 76 196 227 256 14 15
120 516 65 214 30 158 715
72 315 403 554 528 563 431
43 465 420 263 478 174 338
44 637 608 295 223 222 537
154 716 421 616 284 659 654
94 127 677 443 259 93 111
72 599 850 592 470 513 492
126 208 387 105 209 164 382
143 365 723 695 641 566 482
154 765 424 36 11 2 49
72 647 737 596 728 553 499
151 782 587 453 645 499 710
151 791 423 53 52 422 71
72 476 645 516 660 548 470
155 642 719 342 481 345 250
151 623 563 499 502 493 407
155 325 332 693 345 251 367
155 424 3 32 2 85 49
14 702 941 699 794 725 701
123 991 125 138 91 87 43
155 471 391 607 555 510 503
27 285 34 191 571 172 75
140 360 682 581 562 498 583
127 733 468 233 462 218 599
84 768 218 588 662 587 407
97 844 838 561 471 420 565
70 298 879 605 540 348 537
106 612 666 551 502 420 143
151 862 453 493 372 516 662
123 868 394 563 499 407 517
140 735 121 205 285 400 308
27 889 866 533 806 652 607
62 353 265 28 437 470 25
122 371 403 471 513 662 548
27 708 646 503 737 417 404
138 594 754 19 582 500 508
86 383 485 303 394 248 407
140 855 401 507 588 420 471
155 481 334 329 339 345 413
150 821 498 453 528 565 502
148 873 645 471 510 453 554
138 476 576 469 404 303 500
121 768 383 234 50 244 647
68 692 872 359 233 745 869
117 700 194 398 45 4 5
80 28 470 917 680 531 556
154 94 285 170 115 47 111
120 612 862 576 417 431 315
155 118 60 37 3 36 32
155 684 433 535 630 574 432
103 645 827 502 243 806 492
44 862 813 587 545 562 516
65 661 696 53 52 881 479
151 581 660 469 470 587 607
155 184 189 256 178 197 171
97 674 552 694 576 407 470
154 403 393 516 404 499 470
113 813 513 806 493 553 516
133 917 88 25 531 680 509
155 471 554 596 600 528 555
154 716 767 414 489 654 643
31 911 635 528 592 517 492
121 776 19 556 444 459 507
154 508 469 509 458 470 89
122 986 365 439 364 566 723
154 782 510 561 607 470 469
76 510 248 586 758 471 453
123 770 84 72 384 18 195
154 774 550 421 331 483 283
154 947 387 136 156 210 209
72 394 658 140 333 612 660
78 556 353 417 513 680 403
138 96 382 154 210 255 104
138 646 485 592 500 469 404
117 623 403 581 407 471 391
155 408 390 523 380 411 379
140 892 485 431 533 565 607
15 948 303 734 563 768 493
50 679 14 839 346 633 300
59 783 508 587 469 303 510
154 582 24 500 25 28 509
126 587 97 556 89 545 470
94 845 541 864 540 348 349
148 623 510 563 682 453 662
93 278 504 264 97 20 470
123 165 192 193 180 181 289
78 513 635 595 556 600 403
97 868 561 507 499 631 420
153 453 404 682 710 652 576
59 704 444 528 493 565 431
155 76 269 126 392 230 149
154 526 576 652 806 453 710
123 454 36 60 12 2 67
25 6 262 735 128 308 48
57 50 510 356 490 498 360
155 491 51 333 140 612 360
80 722 711 270 300 399 466
42 869 450 665 891 664 842
123 961 421 616 643 414 363
56 430 478 400 81 231 285
155 101 103 120 149 22 40
94 128 584 259 94 262 83
123 534 36 765 62 11 61
154 528 644 492 554 391 372
154 554 469 618 470 517 407
155 8 36 59 62 162 118
140 774 739 643 593 421 603
140 82 478 316 174 93 172
123 850 493 372 587 517 492
140 259 434 316 478 174 47
44 461 554 609 660 246 420
68 651 770 384 31 195 419
148 563 728 618 682 493 391
140 905 168 184 256 15 44
140 912 155 210 201 255 105
123 56 222 633 300 295 183
123 459 492 553 471 618 469
154 381 105 156 136 154 201
121 580 372 555 631 393 395
68 934 764 559 560 568 569
138 700 187 271 147 45 4
70 885 657 715 794 656 725
76 528 548 666 491 485 492
154 633 161 15 190 106 14
43 615 393 24 509 505 470
97 360 394 782 469 576 420
122 678 786 460 584 172 75
154 533 588 631 583 565 401
155 2 59 60 85 32 61
154 592 682 391 552 662 581
103 296 776 580 470 821 395
107 868 662 533 548 470 517
25 313 777 951 763 727 449
78 239 18 484 150 0 63
155 141 583 371 383 333 492
31 51 1002 403 552 526 492
154 710 503 526 554 553 806
117 816 67 435 46 36 85
58 828 975 391 498 885 682
155 104 148 134 309 122 207
123 429 43 27 64 518 91
137 463 462 244 599 631 371
70 807 215 469 493 303 248
120 46 433 630 570 535 59
25 751 361 288 817 447 166
51 776 459 485 563 465 517
138 790 356 373 652 401 492
155 170 262 400 111 115 47
140 308 172 259 174 48 170
154 269 375 23 221 58 392
97 600 660 606 50 383 420
86 317 127 443 204 82 115
155 133 66 54 100 65 74
113 154 114 240 148 134 105
76 565 587 658 612 728 498
57 669 610 580 318 611 600
123 732 493 618 710 554 562
123 857 99 89 110 437 582
140 733 431 562 526 420 533
62 381 96 912 202 148 134
155 517 372 507 576 492 596
154 293 168 197 178 44 15
44 768 526 609 383 140 492
155 367 374 547 345 719 332
140 786 478 47 514 460 191
122 412 382 210 136 201 255
72 431 815 50 143 491 371
123 612 628 555 561 576 492
113 677 172 231 174 262 263
151 469 393 391 407 513 600
25 491 862 530 647 600 420
110 464 610 353 407 611 395
133 356 234 590 462 599 371
151 676 841 183 222 270 223
86 612 490 234 745 243 244
154 381 105 154 382 134 209
155 413 746 693 332 329 339
94 998 96 381 134 104 154
70 958 866 623 618 553 790
154 719 339 329 547 342 330
15 324 724 35 720 721 158
126 131 424 60 42 70 216
155 346 409 225 252 224 237
155 471 373 485 510 493 552
154 746 642 251 321 320 329
120 684 258 12 162 59 535
122 986 365 566 364 439 723
51 274 710 437 465 553 403
93 458 591 28 504 24 437
72 830 398 271 194 4 5
155 54 65 158 29 66 35
154 607 592 533 552 576 555
155 429 266 305 267 91 90
140 850 631 644 607 373 420
97 89 394 485 592 453 470
138 346 679 466 358 537 79
155 226 111 803 48 83 443
94 612 768 600 502 499 583
43 319 470 506 108 831 580
140 67 258 62 424 46 60
151 121 584 173 75 93 262
148 275 231 81 94 262 170
66 915 815 507 499 583 516
121 703 710 407 492 471 501
155 181 193 213 219 192 180
94 140 734 629 503 417 631
86 663 128 94 460 48 47
94 945 605 349 348 540 864
72 610 782 404 490 553 407
154 286 366 518 27 90 64
154 97 110 20 19 509 88
111 505 499 628 391 469 403
134 51 562 431 583 244 356
35 308 803 434 81 47 75
66 827 888 401 652 469 629
123 210 122 139 309 96 105
123 768 599 583 471 631 407
76 195 239 583 596 84 72
155 10 384 72 135 0 31
86 567 234 315 609 383 243
142 139 114 627 96 273 134
62 734 631 806 694 407 498
66 627 163 381 136 382 104
125 670 618 607 516 594 444
51 809 969 524 661 829 525
155 131 198 130 527 254 67
155 710 545 453 662 553 554
138 244 545 499 417 431 492
154 562 244 583 533 373 502
123 183 78 237 409 224 300
154 816 32 3 2 118 36
133 915 576 752 470 861 516
123 264 587 391 592 554 516
155 643 331 622 414 421 550
126 407 501 215 247 395 551
25 277 463 916 567 599 420
155 107 26 87 16 91 518
155 118 49 220 2 11 67
65 418 883 811 812 882 819
50 409 64 136 154 90 477
154 647 592 583 391 401 652
72 303 862 728 587 581 510
72 827 666 140 244 215 577
155 260 120 474 58 375 76
123 700 271 194 187 272 5
66 273 224 201 155 477 134
154 662 469 498 652 471 588
140 485 84 0 31 63 72
129 501 823 647 734 360 498
113 674 977 500 595 459 89
140 263 80 445 132 81 169
155 204 443 259 121 75 83
151 644 470 618 728 562 629
151 82 80 92 6 170 81
126 828 218 243 215 372 492
155 374 334 367 339 345 321
155 35 65 158 133 214 29
123 920 193 181 192 213 219
71 462 533 303 394 600 660
107 868 595 471 394 453 470
107 863 50 510 393 553 420
151 645 682 417 554 373 372
148 624 232 132 81 92 34
140 886 513 498 420 471 581
59 860 927 565 740 464 318
155 264 556 24 531 436 437
14 868 596 531 279 732 517
121 708 670 436 594 303 802
146 553 303 343 631 502 583
97 712 600 940 470 588 517
151 867 363 747 414 602 489
67 619 652 50 143 315 401
155 548 513 628 728 516 401
140 580 373 490 596 403 600
151 790 533 493 498 694 554
138 373 51 468 577 561 248
131 383 647 517 631 356 660
154 375 676 145 276 101 261
155 284 304 483 602 489 421
151 595 24 444 556 459 20
84 782 838 599 652 499 420
151 338 434 514 478 173 47
97 471 215 462 233 371 599
127 8 527 39 216 85 67
151 19 507 588 444 403 500
154 255 309 96 139 249 134
148 611 554 485 264 600 565
123 234 502 710 629 373 420
138 740 662 552 492 395 607
151 252 466 295 537 79 300
126 313 887 497 777 314 449
154 870 171 14 178 15 241
72 737 315 662 623 471 407
123 461 502 565 453 470 548
151 663 111 115 83 204 47
146 215 635 463 141 733 360
146 660 555 662 407 533 576
140 905 129 241 14 161 190
148 786 514 75 584 460 174
140 172 205 400 121 259 170
125 378 135 18 195 529 770
111 581 551 393 356 647 420
51 784 241 23 76 168 15
155 49 61 3 220 36 2
123 468 453 513 470 510 583
113 905 293 241 129 119 161
94 595 821 576 502 507 500
132 768 782 694 526 647 553
127 358 182 199 73 300 183
68 551 646 510 485 404 507
76 618 561 748 776 453 372
148 791 881 53 422 71 52
123 927 505 465 500 635 403
107 458 265 88 25 508 444
133 102 127 308 82 624 170
154 339 642 251 321 250 330
154 662 565 555 562 391 493
5 851 349 908 298 897 558
123 362 518 107 87 90 17
62 734 827 880 694 629 492
50 594 383 417 401 248 517
151 475 84 10 72 21 63
56 281 362 114 148 95 455
138 866 618 554 682 662 492
25 755 785 360 872 745 756
155 248 277 50 420 501 383
43 613 45 393 395 404 505
140 963 326 332 549 342 642
67 623 600 108 532 580 562
138 478 132 204 92 75 231
15 783 855 612 628 548 420
123 343 485 401 682 662 652
27 977 98 97 675 437 175
154 171 129 189 197 106 14
42 896 599 500 465 338 660
80 501 666 403 303 246 315
151 760 718 358 466 79 399
142 263 77 7 47 204 575
44 64 655 299 429 426 90
72 929 16 446 305 90 91
155 643 593 284 489 414 716
151 395 581 553 485 682 517
154 375 269 40 103 58 126
154 296 712 274 347 152 165
93 437 728 407 710 565 303
66 299 361 26 518 33 91
151 912 113 412 114 105 134
133 401 360 463 635 652 420
123 787 548 373 562 391 607
155 284 331 489 483 654 550
138 635 666 704 215 606 356
107 827 660 513 565 471 492
151 623 728 545 503 391 492
58 1003 976 745 869 649 872
154 394 628 403 516 510 562
140 83 92 102 80 6 169
140 127 259 173 262 48 47
72 450 887 515 699 496 497
43 96 661 90 125 43 427
113 646 552 394 576 395 404
33 356 838 279 823 395 507
127 561 383 143 360 565 420
126 652 779 296 347 576 343
122 115 460 191 316 172 317
154 682 555 548 581 471 553
78 647 277 588 395 50 631
123 861 587 498 393 492 516
65 675 823 583 548 503 635
44 982 751 240 122 134 95
140 361 107 26 87 16 125
142 127 803 833 400 111 82
140 871 326 601 250 334 332
155 425 719 342 367 481 642
155 142 254 454 131 38 130
68 96 422 252 237 78 427
140 813 866 790 545 498 391
58 475 467 0 239 597 21
148 617 386 127 430 308 48
97 333 618 644 526 417 492
133 815 704 143 333 468 140
151 49 131 198 67 39 216
154 258 816 61 424 8 42
122 579 285 111 82 48 94
88 880 528 403 563 553 694
93 838 554 828 587 407 490
148 862 393 561 581 417 576
70 733 458 97 264 509 635
154 143 492 360 277 50 315
42 875 229 75 663 83 464
148 790 513 587 645 471 553
59 4 300 200 73 183 199
139 675 505 28 465 476 635
155 107 26 91 138 286 43
155 360 51 333 141 577 666
154 963 547 425 746 413 325
111 873 587 561 576 548 554
123 491 498 563 407 710 492
155 552 401 607 533 631 513
123 114 137 201 209 381 155
97 761 424 435 46 42 49
155 550 602 414 331 643 767
138 800 253 134 148 122 273
97 828 596 548 533 565 453
84 584 121 102 81 400 75
123 916 499 555 607 498 596
151 484 302 799 151 186 63
58 226 74 102 232 158 205
140 394 694 485 710 576 516
120 682 577 233 491 360 463
61 776 729 464 927 646 469
66 647 938 436 303 505 470
140 502 371 51 247 551 246
107 803 92 275 170 115 169
148 633 161 197 227 14 44
96 886 652 470 490 393 554
155 326 330 250 481 367 339
154 628 554 596 553 401 513
140 635 561 372 485 470 562
155 142 69 131 39 198 70
97 745 218 577 141 140 243
120 458 499 592 485 565 444
154 600 728 510 555 652 401
155 421 659 654 622 550 593
33 500 838 526 587 471 592
155 392 276 126 22 120 221
151 700 236 147 9 5 4
138 353 740 592 517 505 507
151 770 775 614 377 529 378
155 600 510 417 565 554 420
129 166 107 26 16 362 427
155 178 241 189 227 633 190
123 462 218 143 246 356 420
151 719 326 693 547 342 321
133 305 43 27 286 299 91
140 403 582 508 531 556 500
58 561 356 500 509 606 403
50 338 121 514 650 263 174
126 102 617 430 226 92 75
97 737 628 581 555 629 552
123 508 498 728 485 561 470
155 493 545 453 526 728 555
155 178 15 227 106 197 168
123 183 760 679 399 78 300
97 750 628 588 471 592 662
123 544 18 31 257 384 195
123 371 528 607 552 493 393
48 947 273 755 756 104 155
151 645 517 533 526 492 391
154 566 641 439 365 482 364
88 359 471 461 498 243 234
146 607 394 248 485 503 404
84 480 837 403 444 675 458
113 546 587 503 618 545 728
155 130 131 142 454 159 216
155 100 54 133 86 368 29
113 617 316 82 94 48 169
127 172 121 127 400 434 48
59 244 790 838 510 618 647
151 119 227 633 190 14 106
113 632 770 775 529 378 377
120 227 161 196 129 293 178
72 186 475 239 0 21 63
93 905 870 106 636 241 119
140 765 118 32 424 11 85
122 619 393 592 513 417 469
132 551 666 333 577 647 246
151 474 41 221 392 230 269
70 807 247 393 503 420 244
151 207 114 627 104 134 273
133 596 459 505 635 498 517
123 680 24 175 88 99 476
25 703 50 472 463 490 246
154 588 545 503 562 555 373
133 215 528 554 393 246 420
44 828 565 278 732 279 490
154 394 431 404 513 510 493
78 463 356 517 470 246 660
92 295 196 184 293 119 633
58 827 850 734 503 838 243
121 82 191 786 174 173 275
123 985 55 527 38 131 159
66 880 72 417 552 485 493
42 450 664 281 280 455 842
113 500 554 628 493 600 503
97 732 499 628 647 513 562
59 748 265 404 403 444 458
154 140 503 468 420 501 50
123 761 62 36 42 424 49
140 580 628 516 420 404 469
117 660 629 588 403 583 469
62 615 279 600 499 631 395
94 763 592 599 315 490 660
123 240 113 627 202 415 273
155 251 481 642 330 345 332
140 628 645 545 694 373 485
58 876 488 231 232 157 34
97 264 728 528 502 420 552
86 808 575 121 259 93 75
25 813 734 619 562 644 553
96 274 838 552 391 562 395
58 127 498 335 740 516 464
127 223 168 171 112 270 633
123 756 220 61 162 258 46
62 880 734 662 471 647 493
44 458 152 218 356 353 303
154 236 272 9 271 194 187
154 782 503 407 662 499 554
140 977 500 436 458 459 508
68 132 115 434 316 94 81
155 523 379 411 408 671 380
72 599 752 528 513 510 471
78 20 469 490 356 458 303
155 13 84 1 384 0 257
66 886 88 393 631 500 553
127 674 417 576 403 88 470
67 988 640 566 723 364 983
123 679 564 578 270 352 358
138 681 531 505 437 403 635
121 447 90 43 361 33 167
122 629 476 531 680 436 404
72 165 588 372 623 373 470
140 754 476 531 97 89 444
14 797 496 957 842 450 727
107 645 315 588 592 373 471
155 250 601 342 367 251 481
155 35 68 133 30 86 29
151 533 581 662 503 453 517
134 833 81 259 47 111 121
154 268 375 120 276 230 221
66 279 938 465 89 505 507
72 575 231 121 115 259 47
155 492 431 662 517 417 629
154 712 779 165 347 312 274
148 618 528 596 565 552 583
123 112 101 58 261 392 22
154 99 97 24 19 444 88
154 474 41 58 268 392 276
113 581 343 768 628 576 453
97 734 567 215 599 501 243
154 746 719 250 549 330 367
155 426 446 429 91 267 90
68 9 531 565 492 507 505
125 358 190 184 633 578 222
154 693 719 334 345 413 547
127 594 502 503 492 709 404
59 660 476 513 600 264 403
151 358 722 760 399 679 466
93 370 285 81 400 47 231
72 911 768 581 596 407 516
107 316 92 263 204 262 205
76 806 644 594 500 662 502
97 828 592 561 469 471 652
151 816 32 220 37 46 162
148 752 623 555 607 373 517
154 902 363 483 283 747 414
155 601 332 320 345 334 330
123 916 371 567 462 461 599
72 612 356 587 502 471 407
72 514 226 263 275 170 47
97 645 682 510 628 493 372
150 647 333 248 577 492 468
123 761 3 162 37 62 49
127 208 209 154 156 164 382
121 279 238 239 598 597 467
15 663 386 617 460 263 48
154 391 50 407 503 393 453
113 51 590 583 461 468 577
155 55 254 130 69 527 159
155 368 100 133 214 68 74
117 737 607 563 469 510 404
123 821 550 654 602 659 284
151 533 782 581 485 553 629
155 251 325 481 547 374 326
43 524 95 366 125 27 751
148 587 782 694 652 728 372
155 118 59 61 12 2 220
151 407 645 728 548 662 710
90 873 728 517 581 533 453
155 76 268 101 40 145 103
117 575 262 127 205 75 111
138 833 81 204 205 111 82
94 590 737 618 417 554 420
155 76 103 126 230 145 276
129 215 768 469 502 248 420
155 320 321 367 251 549 547
155 550 593 603 622 739 489
94 635 737 555 510 553 517
155 54 66 35 74 100 30
120 464 263 93 174 231 318
155 502 662 581 782 576 862
151 606 501 140 215 333 420
155 251 329 320 330 413 746
76 810 487 951 727 522 763
138 122 415 113 412 105 148
93 776 545 563 710 652 395
94 223 346 466 78 79 295
94 463 783 588 493 417 631
125 555 246 612 660 513 628
44 305 773 237 79 252 477
133 635 372 453 565 469 517
68 674 458 581 682 517 444
120 307 225 252 608 537 396
129 595 469 674 444 594 508
62 889 737 644 631 407 554
123 538 258 61 3 62 162
147 623 581 510 631 596 618
151 753 593 716 331 483 283
154 225 839 237 79 252 346
120 118 130 55 70 216 49
140 112 120 221 402 22 103
151 609 143 218 660 140 141
72 663 434 262 317 93 47
155 189 256 241 168 14 633
155 230 101 103 23 126 375
151 954 642 413 367 320 342
155 498 623 629 517 513 490
127 305 138 64 16 446 91
50 873 140 728 565 143 453
140 961 483 654 550 602 363
151 137 96 207 104 105 134
148 528 618 682 576 499 553
59 850 896 51 315 660 492
148 81 128 111 259 48 115
92 798 890 450 313 314 155
155 56 457 200 73 521 57
92 462 74 351 214 86 734
133 905 256 189 106 161 197
151 644 561 710 502 545 607
123 362 518 138 64 91 17
123 751 91 33 16 17 125
51 638 427 791 71 361 422
155 421 331 747 654 284 767
138 167 366 17 43 427 27
72 201 95 253 114 273 105
112 567 612 50 218 51 599
155 747 654 489 767 331 643
155 125 64 91 107 17 90
155 125 138 16 64 33 366
140 210 113 253 412 104 134
155 14 15 106 633 227 44
155 11 59 118 62 61 435
107 877 821 719 321 332 342
155 425 251 549 325 326 345
155 527 70 39 131 69 130
155 260 101 268 230 23 103
123 360 587 545 417 407 498
151 169 460 172 94 173 174
151 403 674 675 444 20 175
127 564 78 399 718 578 295
151 67 435 62 3 36 60
155 70 198 254 39 130 131
151 402 268 392 101 103 230
154 806 533 548 526 503 516
142 225 679 760 608 300 78
151 754 476 28 264 25 88
97 666 461 660 50 583 577
72 246 588 528 587 607 373
50 215 831 476 465 580 303
134 7 386 83 48 624 205
155 269 149 402 40 145 58
140 240 113 202 412 104 148
25 381 964 755 785 756 155
151 774 593 602 659 622 421
148 315 567 462 660 244 577
140 694 596 552 561 431 503
92 359 607 356 471 431 577
94 875 731 580 335 319 464
66 580 917 675 175 509 470
123 36 216 69 39 159 67
27 846 359 815 590 371 244
97 517 110 24 175 556 459
43 440 461 710 510 417 583
117 275 81 285 82 400 170
151 407 461 360 599 371 583
126 782 143 315 490 645 431
155 257 72 21 384 13 18
133 514 448 82 259 174 93
123 703 333 492 140 491 243
155 40 120 76 217 221 402
151 703 333 143 215 612 248
33 143 873 768 728 513 453
154 247 407 371 383 660 141
154 628 581 471 510 404 629
123 866 631 248 471 623 492
25 715 872 1001 725 778 656
80 508 681 315 353 680 436
155 425 374 326 332 693 250
155 40 149 76 268 103 230
94 855 861 607 516 403 768
50 202 800 154 136 96 134
154 99 436 556 28 88 509
43 580 175 768 565 493 303
150 821 485 596 528 407 431
155 145 676 392 217 101 261
140 490 704 233 277 248 243
59 393 243 681 403 660 470
97 215 682 510 548 554 583
154 158 368 66 65 30 133
155 171 636 227 197 168 15
155 379 671 411 380 523 408
140 850 596 417 393 652 502
155 402 474 217 375 76 145
126 24 861 469 517 28 509
121 706 577 468 244 248 807
123 866 233 140 491 315 492
86 663 226 275 259 204 48
48 595 647 218 353 652 403
120 113 209 382 137 155 114
155 136 156 201 137 210 154
133 333 563 528 471 248 492
67 357 885 656 794 725 406
122 346 381 209 154 156 477
151 770 775 614 529 378 377
15 672 655 822 839 346 78
142 394 596 492 500 403 652
78 370 319 262 75 731 231
86 500 776 492 737 588 404
133 81 191 172 174 169 94
134 947 273 104 134 210 209
123 129 168 227 171 636 189
72 660 776 465 500 509 395
113 448 443 127 400 83 205
72 464 471 577 383 244 356
104 548 279 740 507 470 420
155 217 126 101 474 402 276
155 413 547 642 345 342 326
155 392 103 76 41 22 23
113 98 24 582 25 508 20
140 821 345 250 413 330 334
153 561 821 737 607 502 469
82 436 248 503 629 403 303
154 393 644 629 553 401 471
154 624 132 102 92 34 169
76 479 361 138 26 422 427
123 682 215 247 315 491 356
92 629 360 407 383 371 517
140 782 596 628 453 393 555
123 760 564 841 223 222 295
151 182 521 206 310 311 199
133 628 244 567 248 404 420
123 681 516 592 453 596 403
113 606 491 599 666 383 141
123 295 73 311 310 199 183
125 548 451 856 756 607 513
50 615 88 600 576 505 517
96 658 548 576 768 485 660
155 493 513 391 498 503 562
155 435 162 2 36 3 49
154 339 642 330 332 367 326
127 94 7 34 6 460 93
140 315 234 461 590 233 501
43 394 312 601 320 374 821
140 742 482 365 364 641 439
151 571 317 338 172 584 174
148 566 641 695 723 482 439
94 740 728 576 502 552 395
97 461 581 600 407 513 583
94 51 646 652 635 507 356
146 460 231 205 316 174 48
134 838 218 360 583 492 431
155 207 122 95 104 148 179
151 285 443 275 83 121 111
151 495 599 420 577 233 461
155 185 387 137 136 156 210
123 783 499 873 391 431 510
154 592 647 555 581 548 492
122 734 790 548 526 502 592
138 246 485 431 631 356 471
113 862 866 587 499 607 498
97 889 528 782 431 485 553
154 469 526 516 710 517 563
72 505 660 453 401 628 517
151 581 768 393 391 576 373
137 539 61 85 162 538 62
155 221 276 260 230 149 22
129 866 565 453 471 782 790
140 877 334 642 330 374 329
58 504 729 754 264 469 19
127 25 561 565 372 635 470
70 916 315 631 576 420 660
155 659 489 622 716 616 414
155 130 69 67 55 454 159
104 729 480 674 748 469 646
126 28 628 548 660 25 635
155 592 555 510 576 470 404
148 623 607 576 490 652 553
140 351 453 502 552 420 470
42 595 465 50 453 407 500
151 808 191 786 172 173 584
80 832 553 465 635 498 420
140 776 554 555 420 503 647
155 554 555 498 782 499 471
148 444 513 629 395 469 516
103 590 660 51 612 567 371
126 403 28 476 88 561 470
76 737 768 582 531 391 404
123 760 237 346 224 409 78
72 480 729 403 404 469 646
133 777 699 727 496 887 497
151 588 694 629 492 499 662
155 171 184 227 197 106 256
133 694 500 394 583 607 503
155 89 110 19 508 444 264
138 333 562 431 533 315 583
154 375 676 101 260 126 261
123 889 873 502 431 391 554
68 662 635 19 582 264 600
151 822 252 346 537 79 78
155 393 562 628 576 631 404
107 599 658 552 463 141 583
72 888 619 503 417 644 469
140 278 218 333 420 248 583
127 444 533 623 652 436 517
155 207 96 148 105 249 134
113 169 191 808 434 174 75
93 308 650 262 172 584 169
155 286 26 107 125 17 90
154 816 220 42 46 62 3
151 806 507 600 420 471 516
155 217 269 76 402 276 126
154 173 121 262 170 48 93
121 539 67 2 85 59 538
33 606 97 470 680 531 509
123 265 670 110 175 19 303
138 139 627 412 113 105 273
59 530 403 24 476 517 531
148 592 694 545 502 652 453
140 700 147 271 187 9 4
68 827 247 513 607 583 577
127 139 136 156 387 240 104
121 980 304 414 363 659 774
151 580 516 373 469 395 507
140 353 470 444 437 264 635
122 503 674 175 19 88 303
154 255 382 201 209 210 136
151 303 373 588 562 607 503
97 530 28 517 25 508 531
155 383 704 333 215 491 218
123 850 647 607 644 562 373
136 680 315 552 407 507 353
58 960 430 344 229 464 228
58 704 473 660 490 472 143
140 954 332 345 481 547 325
133 551 592 403 492 360 248
107 815 682 233 492 243 248
97 215 25 507 505 459 303
155 159 55 69 527 70 142
72 645 838 561 607 395 562
62 528 644 565 588 662 391
155 372 526 391 453 618 420
123 888 587 401 607 498 710
14 751 422 991 266 90 43
66 391 611 215 606 248 490
62 264 561 783 828 453 552
147 360 453 407 140 612 50
113 606 501 666 468 333 360
78 470 838 277 704 502 420
121 422 87 138 90 17 361
133 855 394 592 510 768 372
138 940 555 503 502 776 588
94 504 98 675 88 89 25
93 868 219 615 274 165 517
140 81 174 316 460 94 47
140 67 162 62 435 8 220
65 419 883 812 811 882 819
123 844 403 471 563 453 562
151 774 739 414 622 421 331
154 545 682 516 548 499 420
150 606 660 140 50 356 143
155 413 321 326 250 342 367
151 490 694 607 533 555 470
5 434 949 128 81 448 170
155 363 643 483 414 421 550
72 862 491 407 682 248 420
67 598 453 704 277 143 467
15 938 353 613 476 444 505
125 820 562 471 553 956 863
155 2 11 37 46 42 220
151 115 173 478 263 262 75
140 611 393 471 407 600 420
151 771 305 90 299 446 266
33 74 232 721 324 157 158
24 994 290 246 763 660 291
138 578 711 718 399 300 358
123 39 59 435 11 162 220
148 565 790 806 576 471 492
140 676 295 841 358 223 270
72 157 898 673 769 124 203
123 49 55 254 198 69 39
62 490 495 141 51 567 577
154 670 24 89 556 175 303
84 652 338 28 436 403 500
92 791 43 479 427 33 71
151 644 565 548 417 554 510
155 148 627 253 415 202 134
155 58 103 40 269 76 126
155 102 80 77 6 445 34
142 728 583 490 806 485 499
72 886 873 562 403 513 401
148 629 577 561 453 490 583
43 848 919 398 4 45 793
138 87 422 427 361 16 43
155 425 334 250 549 325 345
94 575 650 316 172 460 94
126 417 143 463 141 911 492
134 204 713 285 128 83 400
25 784 161 22 178 145 15
76 469 338 734 490 264 470
122 940 553 631 391 592 588
138 645 752 517 502 526 470
68 537 201 114 912 134 477
31 787 896 821 592 394 565
120 576 670 175 89 264 600
97 866 737 490 576 588 499
76 242 831 373 278 589 580
140 185 95 249 179 134 104
155 308 430 128 75 83 111
24 314 328 280 842 455 450
97 305 366 286 87 16 90
127 394 459 509 508 563 470
27 451 513 872 785 155 756
154 739 767 283 550 284 421
55 844 813 72 596 431 565
140 239 135 257 384 13 0
151 474 221 41 76 23 120
93 599 444 353 509 303 407
153 682 592 563 553 492 498
148 676 474 230 221 101 276
15 930 830 970 176 177 757
24 137 267 679 537 822 477
120 347 289 192 181 219 152
68 494 94 6 132 81 400
155 83 111 115 47 169 121
151 172 448 231 259 262 170
151 770 614 775 529 378 377
25 860 282 802 403 303 580
103 862 734 545 503 782 420
155 47 443 82 259 115 400
155 201 381 155 382 156 154
151 633 293 119 106 44 184
121 828 246 733 356 371 407
146 694 868 588 407 372 470
140 42 69 70 254 142 216
155 195 257 63 84 18 135
142 518 362 361 286 33 16
155 145 230 221 22 269 76
50 25 316 623 554 338 517
94 886 469 545 498 644 526
154 93 338 173 75 584 172
126 248 607 553 417 551 490
155 29 66 86 100 54 68
151 579 443 83 275 259 94
25 557 840 173 232 231 370
50 105 722 772 773 78 477
151 599 491 247 218 356 248
97 382 627 207 273 148 104
50 613 187 99 89 4 505
138 303 628 576 592 507 403
92 437 567 583 577 371 635
151 674 437 99 19 25 444
80 724 324 77 232 157 158
94 249 947 382 155 210 134
76 728 600 84 135 502 431
155 269 103 230 126 221 149
155 24 88 99 19 175 264
125 866 303 505 395 790 499
121 338 623 490 533 401 607
140 140 502 790 401 407 492
15 720 232 203 488 324 157
44 335 287 411 671 408 523
122 312 339 374 325 342 821
138 575 430 494 285 170 111
134 264 646 458 675 437 89
125 53 194 146 271 52 423
122 199 537 300 564 358 183
155 6 170 102 204 132 92
107 7 308 275 121 204 170
151 67 258 162 42 12 49
97 889 588 485 516 393 401
103 711 841 300 183 466 358
123 868 728 498 628 629 470
155 271 194 45 4 5 147
155 342 642 481 330 321 367
122 611 476 436 89 500 507
155 106 184 197 14 178 112
123 468 565 395 821 607 503
154 205 172 170 259 93 48
154 816 32 2 49 162 61
25 590 869 657 155 756 745
123 759 214 74 65 86 29
154 749 535 684 573 630 432
151 790 563 373 391 502 498
133 275 460 191 172 259 174
120 537 182 311 199 183 352
155 310 200 56 311 182 73
25 880 587 635 244 315 492
94 270 870 106 168 178 633
151 759 86 158 29 30 35
155 41 261 217 101 126 221
151 631 806 710 453 662 502
44 360 588 645 694 710 431
154 575 443 48 169 94 93
122 980 643 363 284 616 774
151 304 739 593 659 283 603
120 281 412 273 202 114 455
125 350 54 30 65 416 351
94 20 828 391 562 373 403
155 2 12 11 46 118 32
140 782 503 583 404 373 502
155 728 806 453 372 607 510
97 174 430 115 308 494 48
62 219 635 737 391 600 404
121 853 649 756 648 785 692
155 95 800 122 139 179 104
58 606 284 628 647 821 583
113 156 179 415 273 104 255
155 214 30 65 66 35 54
151 753 622 767 414 483 331
154 409 537 225 237 78 252
154 563 552 407 576 554 471
155 162 46 816 2 37 85
155 261 375 260 126 149 101
94 222 206 182 311 57 183
27 290 86 875 416 350 351
140 196 636 171 168 190 14
155 345 746 329 320 342 413
151 424 435 220 32 162 60
123 393 436 465 25 20 470
127 25 526 492 417 509 403
44 156 253 240 95 139 105
138 823 576 373 628 503 420
155 483 593 489 616 363 747
123 943 76 149 40 217 22
155 413 601 549 345 481 325
151 112 260 392 145 230 23
155 216 39 131 159 130 254
121 198 59 258 2 60 216
80 838 470 501 248 493 394
148 516 783 647 581 372 552
97 520 140 733 215 141 356
117 303 631 682 583 420 517
154 623 403 420 628 485 401
68 790 373 680 681 507 453
92 647 437 469 444 505 600
123 615 576 393 373 492 588
140 551 372 576 404 631 502
86 458 98 670 25 20 508
72 888 740 89 465 403 470
148 359 383 461 462 234 577
151 816 220 435 162 12 3
72 873 813 562 555 694 510
120 860 340 557 341 370 318
25 338 244 776 682 401 420
142 599 592 453 371 248 420
97 972 645 552 728 587 431
68 353 89 553 493 469 436
140 947 387 105 255 156 136
117 977 436 110 459 89 175
151 753 550 363 483 331 304
61 499 215 462 234 501 492
97 886 644 517 631 391 471
44 338 351 618 548 453 420
155 747 483 616 284 331 550
96 615 660 499 618 502 394
155 217 230 22 474 276 120
140 765 118 12 46 61 62
120 356 644 510 513 469 464
126 393 218 333 140 533 490
151 704 468 501 140 277 356
14 694 823 561 312 821 503
148 394 528 552 652 510 502
155 471 555 453 470 645 485
151 774 304 550 659 616 483
129 205 650 514 172 259 94
121 231 246 609 492 490 565
27 596 303 233 548 371 420
148 783 581 471 533 647 372
57 806 940 563 469 552 554
123 338 555 528 453 391 470
151 243 618 587 548 420 660
155 11 36 61 37 59 62
155 51 612 143 247 141 218
155 87 366 17 27 138 91
120 13 768 498 453 431 135
140 783 576 517 629 393 533
155 310 73 57 200 521 457
133 768 371 141 463 485 431
113 828 734 533 553 492 372
155 103 276 126 474 392 22
117 833 93 285 121 83 115
72 348 295 346 225 300 537
66 360 892 545 548 607 498
151 183 521 200 311 310 199
155 20 99 110 582 508 264
59 830 19 271 9 505 5
107 618 600 644 662 728 401
127 154 148 273 249 137 105
58 104 688 751 167 447 95
142 624 263 400 6 83 75
58 563 736 505 264 611 403
76 826 301 114 455 160 144
155 510 806 471 581 391 499
123 772 224 225 252 409 477
14 760 672 346 352 358 78
155 345 329 425 250 367 320
148 623 644 728 548 373 503
151 790 652 516 806 545 553
155 97 476 28 508 24 531
155 221 261 149 76 22 276
59 732 827 838 395 629 517
155 189 197 106 256 190 636
155 75 174 173 172 478 263
14 279 580 828 866 401 507
62 777 951 515 496 727 497
67 828 278 589 831 580 373
153 644 694 545 431 453 554
155 577 501 244 143 333 233
151 599 563 596 492 471 407
148 587 503 565 768 510 431
42 278 555 141 491 247 490
70 394 532 506 589 108 580
155 517 552 554 401 710 453
151 767 659 593 622 483 283
140 911 526 554 510 607 694
155 221 260 58 375 41 120
155 407 554 587 431 581 682
154 481 746 326 374 345 321
97 609 500 565 507 583 420
123 166 64 125 17 286 27
154 728 393 533 562 499 513
59 906 80 327 335 231 319
120 823 234 383 233 50 647
138 828 710 554 607 393 587
123 150 84 72 135 18 63
155 425 549 481 321 320 250
155 5 147 271 236 146 45
138 666 583 492 50 51 383
107 485 383 551 246 463 660
138 372 383 141 660 431 583
92 821 98 470 20 175 562
140 579 174 173 169 259 275
154 815 333 243 140 491 215
123 488 35 74 30 214 158
121 95 90 64 27 43 362
138 96 415 202 253 105 255
72 859 695 364 365 641 439
33 823 548 783 588 393 420
122 226 77 6 624 102 75
154 601 339 325 321 334 481
150 631 577 243 599 277 244
140 528 469 404 565 552 553
113 237 718 760 399 78 79
154 119 636 106 190 14 197
138 97 595 436 500 19 509
140 463 623 372 471 631 373
138 82 191 316 174 169 48
67 985 216 85 46 2 159
155 22 149 103 276 217 101
154 470 652 510 401 403 453
44 275 663 285 226 430 48
154 831 109 506 108 589 282
151 806 644 631 662 420 510
25 396 346 711 223 358 537
92 997 821 838 562 395 889
123 1002 498 592 391 517 526
97 828 563 417 576 431 562
140 645 644 420 502 728 372
151 95 627 202 273 134 255
151 768 395 490 682 407 492
59 346 57 466 295 183 300
138 15 402 260 126 676 76
140 370 335 319 740 231 318
155 100 133 214 74 29 68
113 356 563 417 401 652 471
154 563 553 401 782 517 576
154 407 555 391 561 565 498
148 609 612 371 704 360 246
154 490 587 562 391 631 533
151 609 233 215 246 141 491
126 142 435 12 3 130 67
155 342 334 251 326 746 321
155 816 49 424 85 11 8
66 427 156 95 249 105 96
59 609 153 635 583 343 356
154 239 18 10 31 1 84
137 548 218 143 141 501 583
66 860 507 731 335 740 318
51 916 383 680 611 815 248
72 674 607 556 500 403 470
140 733 143 583 660 246 383
127 660 554 513 623 463 492
127 39 424 11 12 142 42
155 9 45 271 146 194 4
97 915 563 553 407 431 516
155 436 556 19 25 670 459
151 645 493 629 562 401 694
58 505 725 393 498 885 470
72 734 500 728 629 652 553
151 782 403 395 607 562 576
136 247 499 647 561 577 490
33 218 681 580 607 404 303
122 202 800 122 95 249 148
76 831 109 165 615 589 580
151 703 333 609 243 246 247
120 748 493 644 453 372 776
154 490 554 431 372 600 502
155 269 402 22 261 221 58
76 704 612 391 503 143 360
155 471 528 554 401 510 555
122 513 110 459 264 20 470
138 243 581 401 554 533 502
97 137 800 148 273 122 104
140 333 590 495 234 233 244
102 491 469 490 498 609 660
127 226 575 624 7 128 170
140 404 556 88 20 436 470
155 145 58 276 221 23 22
107 80 617 259 48 231 204
131 469 526 548 694 576 561
146 493 776 395 631 647 503
116 768 631 600 565 647 513
88 496 328 449 327 450 497
94 524 428 167 166 362 751
155 368 100 66 68 214 29
133 740 545 417 485 395 516
155 413 325 330 329 326 425
151 182 521 206 199 57 311
155 570 836 574 433 432 573
43 229 996 115 127 285 464
142 119 171 636 129 241 112
62 531 694 563 768 607 404
68 768 471 635 505 517 555
72 245 403 779 296 153 274
123 196 171 184 189 168 197
94 663 386 430 285 128 75
123 404 50 606 141 244 583
155 145 221 230 126 261 217
67 725 756 453 607 513 657
50 490 782 437 531 516 507
117 381 477 947 136 155 209
15 822 298 852 466 300 537
151 873 647 562 618 548 513
27 611 315 393 88 500 303
123 871 481 719 342 250 332
140 592 459 635 303 505 500
117 693 601 719 251 549 345
123 681 476 20 264 24 436
154 746 481 693 320 549 547
68 211 324 794 656 715 157
140 575 121 443 494 169 111
50 458 516 24 556 343 303
123 103 189 227 197 171 112
48 496 918 763 450 777 497
155 533 554 592 493 548 553
155 23 149 40 58 221 276
14 797 951 450 355 354 727
72 618 740 576 500 395 517
42 65 724 6 80 231 158
154 782 510 517 563 420 471
62 135 503 403 768 393 431
67 691 842 280 281 455 869
151 119 227 171 184 190 44
140 353 420 606 244 315 141
155 505 19 476 25 24 99
31 308 786 808 275 173 75
155 251 332 425 746 326 374
56 893 528 464 927 470 306
155 465 88 99 582 19 28
48 20 646 658 660 401 516
154 737 607 562 417 407 404
125 335 624 83 205 318 231
154 552 782 581 526 662 471
151 839 225 537 252 78 608
140 503 247 491 51 492 371
155 65 68 35 100 368 214
51 430 81 317 584 170 75
155 221 268 392 58 120 149
116 806 592 682 628 499 662
155 510 563 498 401 652 596
123 610 565 401 562 469 407
84 594 395 675 19 303 444
151 232 169 624 102 92 6
153 584 115 317 94 93 47
140 98 476 500 436 508 19
151 913 621 758 585 586 625
155 250 339 374 321 413 325
138 338 828 652 552 517 420
76 815 567 416 351 468 420
65 478 966 787 464 279 338
127 81 127 308 386 624 83
155 408 671 523 411 379 380
122 752 592 493 393 555 768
59 731 54 77 232 158 231
84 96 202 381 154 255 104
97 646 248 553 393 493 404
25 934 604 560 764 568 569
140 275 128 285 430 111 48
50 315 279 554 493 278 583
44 850 606 607 647 628 492
78 353 565 28 556 611 264
137 635 587 492 407 315 548
84 128 575 316 262 111 48
155 407 431 493 420 652 562
133 838 662 587 393 565 517
140 623 576 607 806 373 372
154 170 460 75 263 94 48
154 711 300 399 718 295 358
138 752 583 618 552 768 373
155 91 446 305 267 426 266
86 774 867 654 643 603 489
136 50 782 629 372 583 548
140 828 360 143 140 141 420
155 556 89 509 444 303 582
134 354 313 449 450 763 727
133 458 607 498 588 500 403
155 493 628 503 502 485 618
72 501 645 510 565 554 471
134 552 815 491 140 141 218
72 371 394 587 607 499 393
123 815 50 599 141 660 215
155 200 206 310 56 199 57
92 464 34 48 204 205 386
76 297 689 878 637 690 298
151 490 581 647 583 420 652
151 161 171 189 197 293 190
123 112 221 41 392 149 276
126 582 383 583 407 99 500
123 422 79 252 237 225 78
154 947 381 136 156 210 185
72 640 723 641 365 482 364
154 628 499 372 583 393 516
94 278 694 528 391 553 502
122 949 713 226 128 127 170
123 353 612 660 599 140 360
122 681 582 88 175 508 470
155 75 121 226 308 111 83
136 551 516 471 517 490 395
92 583 677 231 262 259 580
154 510 507 631 596 502 492
72 833 285 259 204 170 121
97 196 870 112 636 168 14
155 659 331 304 716 747 489
155 446 267 426 429 305 91
155 230 126 58 221 76 145
140 782 652 628 403 561 498
151 156 113 273 255 104 105
151 395 453 694 485 498 470
123 623 215 143 244 371 246
68 278 247 372 498 420 248
155 394 499 470 629 404 507
151 537 633 270 223 352 300
138 458 490 563 502 469 576
113 469 631 581 555 503 431
96 596 239 135 13 63 485
154 368 158 100 68 35 30
140 871 250 339 547 549 334
78 128 624 174 191 83 48
155 550 489 304 716 283 616
15 536 898 834 673 769 124
94 677 575 448 82 83 259
123 592 233 51 371 215 248
103 660 509 588 776 407 404
155 425 345 329 549 413 339
155 55 69 67 527 159 254
76 16 167 44 784 427 362
94 613 670 507 459 20 505
151 635 499 417 404 562 403
97 584 231 115 170 205 93
123 675 28 508 500 264 509
148 204 174 94 83 275 48
72 869 359 461 371 233 745
97 606 513 507 394 592 490
155 393 502 576 373 600 490
62 303 532 831 589 242 580
151 303 675 674 509 444 20
123 538 36 220 37 46 59
140 494 204 259 262 115 47
59 436 645 563 490 553 500
154 67 62 2 36 11 220
121 480 629 502 499 469 646
151 461 815 215 468 244 383
120 584 393 391 499 420 338
107 155 912 113 202 104 105
107 371 343 607 565 533 420
123 827 587 618 710 545 498
25 741 811 968 687 686 788
127 674 555 493 391 444 470
154 474 676 268 261 269 145
133 528 710 694 629 393 513
123 611 233 333 277 51 420
133 315 623 393 631 244 490
154 191 82 263 262 172 75
120 527 36 162 2 220 39
25 463 828 595 596 403 453
155 415 253 113 202 148 104
129 476 373 562 588 436 500
138 528 615 469 395 498 607
122 787 393 576 553 417 469
123 422 518 64 26 17 125
155 226 285 121 111 308 169
153 629 407 768 583 623 493
107 401 594 353 436 403 507
72 623 403 728 782 710 485
151 759 100 68 66 35 54
155 459 680 437 476 436 556
127 263 102 132 80 575 205
59 469 51 24 465 353 509
140 963 345 321 329 642 367
155 491 356 666 333 577 315
151 395 526 533 561 682 401
154 719 746 549 342 367 321
140 471 141 383 215 247 501
151 679 718 711 466 399 295
155 221 392 22 230 375 40
107 548 612 233 333 50 420
155 516 510 407 552 373 453
86 703 745 815 491 243 371
151 501 373 555 492 453 498
155 22 269 276 676 103 221
127 80 317 400 82 77 169
123 715 29 30 35 100 158
120 391 491 501 215 315 431
154 719 693 329 321 342 325
140 427 252 608 237 537 78
66 830 824 45 4 793 5
70 880 545 828 583 372 618
140 67 424 258 162 60 3
155 596 682 407 516 553 662
59 72 916 662 492 660 485
68 98 582 768 562 500 175
138 505 187 236 147 45 9
127 563 444 459 19 526 403
86 504 635 556 99 24 25
123 173 92 77 34 102 169
155 199 311 310 521 73 457
86 156 114 139 122 105 104
140 774 654 414 767 421 483
154 710 628 662 728 548 806
94 39 816 32 12 60 220
151 588 528 526 471 600 393
155 433 836 684 432 573 574
59 778 932 649 648 692 785
67 43 166 688 288 447 751
138 832 247 501 383 567 420
151 867 550 622 593 483 284
146 563 635 303 513 548 420
66 338 880 498 391 768 607
123 518 299 305 446 267 90
155 195 384 31 13 135 21
84 243 783 403 453 647 502
148 338 259 93 317 47 173
151 398 147 236 45 4 5
154 747 739 643 716 616 363
140 112 149 402 101 23 22
97 868 581 393 555 553 420
123 660 531 437 175 28 303
148 170 191 317 82 47 263
65 861 806 631 407 553 507
151 734 631 499 503 493 420
154 317 275 82 93 169 75
155 145 269 230 149 58 392
154 653 405 337 336 357 385
154 662 533 592 554 516 562
155 570 836 684 630 749 432
51 750 333 516 728 243 492
155 527 254 69 55 67 216
151 182 206 521 311 310 57
58 152 501 407 583 461 395
62 591 403 98 110 595 20
15 823 371 776 662 499 503
113 449 699 354 698 763 727
67 969 661 53 71 479 525
123 141 563 393 513 629 431
14 990 806 588 900 752 607
72 92 663 263 400 47 205
129 517 577 315 243 548 471
155 435 258 42 3 36 49
138 498 666 383 243 612 599
151 593 304 767 550 603 622
154 402 268 230 261 276 40
151 517 806 694 554 652 492
155 583 581 417 485 576 493
148 679 711 718 79 399 466
142 584 285 111 316 48 75
127 711 841 222 270 718 358
140 880 372 420 513 493 618
155 32 36 424 8 258 61
154 258 67 220 8 49 3
62 93 731 77 232 370 231
123 114 139 122 207 240 104
155 260 101 276 149 145 126
113 850 401 394 600 652 583
123 873 420 553 581 728 431
140 876 624 7 80 205 34
70 677 172 617 204 48 262
123 437 563 581 499 485 517
154 304 739 659 622 331 602
140 611 517 437 20 264 303
155 61 85 11 32 220 37
154 233 612 215 315 333 277
123 243 393 828 552 493 492
97 900 490 662 499 576 502
123 991 27 518 90 26 43
113 507 526 628 553 373 552
113 517 680 582 556 444 476
97 264 652 821 373 372 516
113 911 407 728 545 607 391
155 329 330 425 693 374 325
14 745 247 599 680 353 215
153 595 465 670 458 436 517
31 498 509 551 315 606 490
151 248 401 503 502 652 552
72 514 7 83 400 204 93
148 233 647 660 246 371 244
123 395 437 264 531 88 505
155 189 633 184 241 168 44
33 873 838 623 828 492 373
123 514 262 263 115 275 94
123 36 142 69 70 198 67
123 985 39 454 55 69 159
131 516 247 246 277 631 471
122 394 806 498 553 628 583
154 247 599 383 244 371 233
133 768 545 645 401 533 587
151 588 548 372 652 490 499
155 437 508 531 264 99 582
133 226 514 174 93 83 48
154 749 535 630 433 836 432
140 93 308 128 226 170 121
140 505 510 431 552 517 404
133 265 24 99 465 338 264
138 98 458 303 531 28 89
151 790 562 768 548 554 553
155 261 474 217 402 269 145
155 570 574 836 535 684 433
140 47 232 102 77 205 231
155 485 618 548 647 498 499
78 567 234 660 315 495 244
140 645 618 393 407 401 431
72 606 682 607 647 533 583
123 857 437 500 89 25 264
155 502 588 498 391 373 562
71 140 734 561 373 647 248
92 128 650 263 478 174 400
42 668 507 731 840 318 611
58 458 194 28 505 5 465
121 338 315 360 353 635 403
86 102 575 128 494 205 75
155 27 43 91 518 16 366
113 703 233 660 143 246 371
155 69 254 159 39 198 38
140 784 293 184 106 119 44
72 627 309 210 137 105 134
148 40 112 676 126 22 23
140 469 645 662 554 401 587
129 141 562 471 548 371 501
151 119 168 636 184 197 14
25 823 787 476 502 500 507
134 307 298 537 637 730 396
155 145 40 126 23 120 402
148 579 111 82 448 259 93
151 645 490 493 555 562 373
123 335 671 408 380 379 523
97 713 48 735 494 83 226
72 632 770 614 775 529 378
25 784 428 96 167 95 362
72 143 343 401 528 516 420
150 50 471 431 315 647 583
97 383 563 631 517 372 583
155 19 88 508 264 459 437
151 361 87 64 43 90 27
123 387 627 202 148 273 134
48 581 356 480 646 490 499
76 548 596 215 303 516 513
90 579 478 169 584 231 262
151 394 431 373 372 513 562
27 888 674 476 561 517 470
151 791 53 479 422 52 71
50 343 646 492 555 480 576
155 1 257 13 18 10 31
25 898 834 512 536 123 124
42 949 111 571 584 173 170
50 861 591 420 592 25 470
138 264 596 404 583 469 600
123 259 127 464 128 285 83
151 676 375 474 145 149 58
154 782 652 545 492 471 526
50 704 745 391 510 590 420
155 747 622 643 284 550 331
140 305 107 286 518 91 90
140 463 391 644 516 431 492
97 889 866 631 644 629 401
125 577 510 563 502 215 666
72 977 403 88 754 20 89
127 323 162 46 42 456 61
154 652 470 471 555 510 576
155 373 652 502 576 431 401
93 109 356 600 431 507 580
154 269 375 22 402 120 276
153 141 490 609 463 315 248
48 824 544 505 5 848 793
155 531 89 437 20 175 582
140 243 553 431 469 492 583
66 608 190 223 352 633 300
48 463 958 736 610 790 407
59 632 195 614 529 770 378
97 844 813 647 498 526 417
133 94 92 77 204 275 169
146 507 503 548 490 629 502
48 730 90 878 879 655 537
140 838 629 469 607 373 395
70 274 635 453 561 652 395
155 205 83 400 75 204 81
155 119 197 161 129 241 44
140 871 342 642 330 549 334
133 19 372 553 565 444 403
151 528 682 581 485 373 596
14 279 468 493 952 338 420
154 239 135 1 10 13 0
148 205 317 172 259 262 75
15 787 588 927 465 19 403
50 862 353 553 587 360 431
122 875 75 128 430 285 464
15 143 734 567 499 502 420
155 11 67 85 59 49 60
97 837 635 89 674 509 675
93 464 391 264 516 470 338
94 803 677 448 93 263 83
14 314 842 328 699 727 450
66 594 732 607 631 516 404
72 750 403 587 141 431 492
155 205 445 170 204 102 132
155 518 17 286 90 107 64
150 682 510 503 404 662 485
155 518 64 107 26 33 43
154 468 609 360 660 383 244
25 670 470 610 353 611 264
133 393 606 315 360 468 371
93 825 731 369 318 370 683
140 226 94 93 259 115 83
117 704 612 501 333 244 383
148 599 704 247 660 141 383
50 262 892 814 232 565 231
148 821 629 498 588 502 373
154 629 548 592 563 513 485
155 391 728 493 417 554 492
154 40 676 101 126 260 269
127 323 46 816 2 438 61
127 598 72 31 10 597 239
154 554 629 533 401 555 453
72 962 128 275 262 115 400
125 552 681 436 635 587 548
44 948 658 431 513 517 407
123 505 194 147 187 146 5
123 360 581 553 728 548 431
155 719 325 642 367 321 329
123 977 437 500 465 19 459
50 317 132 514 94 102 48
155 747 643 616 622 593 284
155 286 17 138 91 43 125
155 437 88 444 500 582 28
155 582 508 175 531 99 303
154 813 806 510 372 401 694
155 250 746 413 693 374 321
67 852 307 430 285 464 730
151 754 303 175 89 99 25
155 2 258 61 11 8 46
117 601 719 339 367 332 329
135 768 710 782 471 752 618
151 67 162 37 220 60 8
140 362 26 107 87 16 125
58 359 592 501 503 600 244
126 296 596 490 631 347 343
140 551 561 576 596 502 533
127 417 551 143 463 517 490
94 945 541 349 348 540 864
127 267 16 366 17 266 90
123 785 156 387 185 210 155
68 790 576 215 141 660 607
154 285 263 82 121 169 205
155 55 69 38 254 130 527
70 813 587 892 752 576 498
50 805 864 634 897 348 558
72 907 867 747 716 489 593
123 31 150 151 186 484 63
86 624 94 127 226 205 82
155 120 474 103 58 269 276
153 682 631 404 498 393 431
148 839 409 477 608 78 252
56 745 941 656 725 701 872
151 677 170 81 259 169 262
133 8 130 70 39 49 67
50 239 531 682 623 500 485
94 975 653 406 385 336 885
154 46 765 8 61 2 162
155 345 367 693 250 329 547
66 359 703 140 599 383 233
67 821 712 548 420 517 312
155 105 273 179 148 255 134
123 513 143 246 383 248 490
154 286 366 87 43 64 27
68 644 393 25 508 470 554
48 915 416 763 291 351 290
151 507 526 548 516 563 393
59 754 9 670 459 505 25
155 29 65 214 86 100 74
154 642 601 413 251 481 345
56 723 450 648 869 842 439
154 458 680 509 404 500 531
27 647 63 623 806 662 485
148 561 563 394 248 562 403
140 912 207 95 273 255 134
123 821 545 581 694 629 372
138 647 248 592 623 417 420
113 401 265 635 25 303 517
140 247 592 552 631 420 583
155 516 401 526 596 393 485
94 846 862 647 498 581 492
155 424 36 32 61 12 2
94 835 821 250 367 321 326
140 231 172 338 584 75 48
151 93 285 226 400 115 48
155 38 39 131 55 216 254
155 550 603 767 747 602 654
151 713 111 430 128 226 127
133 581 383 233 577 561 420
44 783 140 513 728 629 492
43 658 141 629 404 513 407
94 434 80 259 205 204 48
151 507 391 548 631 372 516
72 823 353 652 517 635 507
97 409 679 537 399 295 78
154 712 153 152 165 343 274
92 508 806 552 596 554 500
154 623 576 516 533 592 485
27 803 494 514 338 191 47
148 641 723 566 365 482 439
155 250 425 367 339 334 746
120 561 675 837 458 646 499
121 806 635 660 403 533 629
155 17 125 27 107 286 87
94 423 793 236 5 4 271
125 182 45 271 4 311 199
66 759 324 214 74 158 66
25 353 694 278 588 502 403
140 870 227 112 633 241 15
94 163 139 209 105 134 382
155 345 326 413 339 329 321
151 248 618 470 533 517 407
42 280 842 160 235 144 455
155 221 268 40 23 261 126
123 80 47 443 83 48 205
155 407 554 513 502 372 563
155 562 662 545 417 516 471
123 850 554 404 417 710 652
102 790 768 652 500 806 492
58 644 75 393 507 338 372
151 754 556 110 25 508 20
127 892 581 526 499 752 607
151 588 647 581 552 498 499
138 231 786 584 191 262 174
155 220 118 32 12 11 62
154 250 821 320 374 325 367
25 951 450 698 496 699 497
25 675 729 645 493 782 469
133 577 499 576 682 356 490
140 551 531 505 437 507 303
113 867 902 363 747 331 489
151 94 803 121 443 75 111
155 550 593 331 284 489 659
44 234 140 394 470 303 420
155 27 125 91 87 26 107
140 636 129 293 161 14 15
154 537 270 295 564 352 222
68 827 391 247 244 533 728
59 279 478 592 517 338 507
113 403 779 343 347 153 274
140 39 36 62 46 49 220
155 747 603 622 602 767 489
93 953 657 794 725 656 715
133 588 141 140 248 562 583
72 318 683 341 557 340 370
51 828 215 462 832 246 420
127 209 252 237 346 136 477
138 584 430 83 308 47 48
86 719 963 326 693 413 642
154 600 768 485 554 404 565
126 218 530 465 509 463 353
155 517 393 607 372 631 554
15 830 930 970 177 176 757
125 198 424 816 12 159 67
154 813 548 645 728 401 553
94 880 580 553 583 469 618
142 588 645 790 404 471 554
94 709 530 89 436 531 595
97 531 545 403 372 516 517
151 592 503 806 372 555 373
138 463 694 554 562 600 373
126 860 111 75 205 318 231
140 862 554 623 517 498 372
133 737 303 680 507 821 404
92 581 467 239 597 598 485
80 680 19 940 517 264 437
127 141 505 404 517 606 248
120 663 80 231 77 6 82
155 24 175 508 505 476 28
151 768 471 600 498 576 499
123 9 264 88 509 89 505
48 155 417 452 451 513 756
104 629 647 790 548 553 652
25 990 740 645 513 471 607
59 959 562 28 465 470 531
155 549 481 330 547 325 320
154 596 710 592 554 498 526
97 790 246 517 682 583 471
148 828 554 471 490 562 631
27 827 752 644 600 453 471
56 826 727 455 842 450 144
66 871 963 345 250 367 251
155 485 576 510 493 401 652
155 251 342 345 481 693 374
48 496 918 314 450 777 497
154 469 806 492 629 420 502
151 871 250 547 251 329 549
154 662 583 401 652 513 407
151 768 503 596 552 561 555
123 351 29 54 100 68 65
151 517 88 99 437 89 509
86 813 768 545 517 372 554
107 513 353 595 509 470 403
58 728 556 394 507 88 499
123 12 142 39 55 38 67
155 363 593 414 331 747 603
126 102 191 262 263 132 169
155 269 474 402 217 230 145
151 575 231 102 7 93 169
123 305 26 107 33 518 90
155 816 42 11 12 424 60
44 873 463 629 507 517 453
43 874 776 370 731 318 319
97 753 363 767 489 602 304
59 166 64 661 422 125 362
103 675 110 265 582 470 444
140 782 588 583 565 470 576
58 971 756 725 656 872 794
120 121 571 172 174 584 400
72 754 530 670 517 509 444
151 113 122 139 148 104 105
151 563 623 417 490 652 485
94 748 662 821 394 516 469
133 629 462 468 599 631 492
59 215 646 561 576 404 490
155 49 62 2 36 258 11
140 902 622 654 716 283 603
140 353 476 99 89 505 25
151 503 576 710 498 470 453
44 359 832 360 215 468 244
155 35 74 100 68 86 214
113 718 409 608 252 78 79
120 944 633 223 222 183 199
121 638 107 64 33 90 655
67 444 141 590 495 243 303
123 542 245 192 193 181 289
77 471 734 606 463 503 248
153 490 607 561 528 583 373
154 404 453 485 510 555 516
59 748 647 395 394 471 469
72 733 787 140 407 660 248
148 592 246 371 533 248 583
50 631 509 806 710 606 420
123 615 347 712 343 312 274
44 855 553 244 577 462 420
120 666 453 373 372 548 243
151 600 548 768 502 533 513
151 493 463 315 431 592 492
121 155 240 309 96 148 255
142 426 107 27 446 90 91
154 93 226 170 121 83 47
154 393 469 471 618 565 503
155 552 562 420 528 526 600
96 729 737 533 393 552 469
97 977 465 97 509 88 175
107 89 165 492 395 507 517
138 466 409 477 237 537 300
155 618 581 513 407 391 401
127 122 209 154 201 309 134
97 140 453 782 561 728 492
122 853 649 869 785 648 692
155 527 69 142 38 216 55
94 830 423 187 271 272 5
72 366 479 167 361 427 33
140 776 710 694 403 553 401
70 50 787 553 502 517 248
27 728 462 140 303 356 420
155 492 493 652 583 510 401
61 234 277 453 587 218 244
155 471 554 618 631 492 510
72 821 768 694 710 554 404
59 343 855 862 555 471 576
136 526 469 768 407 372 592
155 60 61 62 3 11 46
154 662 533 401 728 607 372
123 873 600 592 393 485 499
155 425 547 330 339 326 321
155 140 501 315 233 247 215
51 911 404 806 645 407 694
155 269 402 101 145 149 58
123 485 10 84 384 13 72
151 821 719 329 342 325 321
123 925 38 69 39 254 454
90 861 401 740 592 607 507
140 635 554 552 499 583 600
140 754 110 500 303 437 582
94 676 293 636 189 197 112
42 819 882 687 686 788 811
44 50 783 303 517 395 393
107 635 754 110 508 500 20
67 692 872 657 725 656 869
155 284 603 767 283 414 747
93 338 121 94 115 262 584
58 650 575 808 262 170 478
155 275 448 263 262 48 169
78 395 868 215 612 517 420
138 394 768 552 391 490 453
120 303 271 146 272 9 505
92 831 628 507 552 493 580
72 645 647 500 407 552 562
154 105 381 136 185 154 209
94 728 623 404 517 682 552
113 786 514 338 75 191 174
155 41 269 23 120 149 126
133 832 246 360 468 495 244
148 660 495 590 50 468 577
154 728 647 548 493 510 502
138 530 395 303 470 531 465
123 60 322 534 323 438 61
151 77 47 48 231 205 6
123 150 13 18 195 21 63
155 643 622 659 489 747 716
135 660 629 545 782 548 576
72 352 399 224 409 78 300
67 680 458 552 583 469 437
67 837 776 552 471 553 748
97 383 401 394 516 565 420
42 838 618 670 556 303 513
121 740 710 728 561 548 660
72 633 409 608 839 346 300
154 782 623 470 492 417 391
140 173 111 115 443 93 169
50 742 987 695 482 986 723
155 132 7 445 80 169 92
155 258 118 2 61 59 37
68 945 349 605 541 540 864
140 243 552 607 596 533 420
117 663 624 127 83 48 47
151 644 600 470 503 526 498
145 594 505 465 680 404 517
120 10 548 555 526 485 239
154 675 582 437 25 88 509
93 831 563 338 517 403 580
127 516 246 360 815 485 583
121 977 99 19 25 110 595
151 624 132 445 204 92 34
140 587 526 503 555 629 401
67 98 264 704 609 356 19
102 645 395 647 776 581 498
123 583 670 509 595 110 500
155 493 391 513 583 548 431
148 862 682 596 555 498 431
154 600 545 493 453 417 662
140 866 631 395 588 492 373
27 81 448 370 814 232 231
125 417 181 213 219 554 404
155 431 528 563 583 490 493
68 104 225 295 222 300 477
120 595 768 554 393 404 680
155 408 390 523 671 411 380
140 765 12 46 220 49 162
155 107 17 33 43 286 90
33 666 790 278 469 407 502
70 361 272 881 71 423 422
97 813 561 600 469 517 510
155 471 554 553 631 623 526
155 339 329 330 549 251 345
155 49 85 67 42 12 118
155 272 5 147 4 194 9
127 264 490 404 401 508 500
154 631 470 548 526 552 502
151 47 80 77 204 81 624
94 551 644 618 728 417 533
138 675 248 303 395 509 635
96 737 631 600 248 373 576
66 896 509 596 492 404 493
151 424 220 435 37 162 12
140 470 140 141 491 660 492
50 972 257 417 471 135 431
113 753 593 767 550 421 654
121 462 471 662 503 453 50
154 387 382 155 209 136 105
155 14 15 256 636 184 241
155 99 88 582 509 508 175
123 495 140 583 333 660 244
67 480 776 490 498 517 748
50 25 278 499 607 732 517
140 759 86 133 100 29 30
155 739 414 363 659 331 593
133 243 596 561 407 315 490
151 517 99 175 89 476 459
127 154 627 113 415 137 255
86 645 618 596 528 526 373
155 50 371 246 143 501 51
148 590 491 383 234 468 420
155 29 133 66 86 54 158
155 121 308 285 115 48 169
151 674 465 264 175 509 635
151 821 347 779 152 153 296
66 650 579 81 263 262 47
137 595 417 503 662 394 553
151 735 386 121 127 494 82
151 753 602 767 304 421 284
123 264 548 417 533 373 517
44 912 382 96 122 139 105
72 386 204 94 448 75 48
51 132 494 262 93 285 205
142 247 629 555 315 420 490
123 135 513 565 404 516 485
155 142 69 130 131 55 198
58 443 467 386 464 279 226
31 838 615 553 563 500 510
140 737 592 453 583 391 493
122 790 500 248 403 517 453
154 642 601 342 325 329 251
151 765 424 42 2 85 62
140 663 494 170 443 83 82
140 892 652 507 498 516 607
117 776 728 576 470 372 553
123 949 169 83 443 494 170
48 327 478 390 523 231 335
154 679 718 295 466 300 79
153 680 25 264 594 531 508
155 15 241 227 636 14 184
155 230 392 260 269 103 76
151 759 100 86 35 30 66
129 240 912 202 255 179 104
125 820 502 490 553 956 863
35 815 635 394 628 583 420
148 711 564 300 466 358 295
72 278 371 581 517 647 373
154 375 269 145 402 41 230
70 599 458 582 476 531 517
44 896 832 609 315 356 244
48 525 537 9 272 655 638
71 926 500 431 628 652 768
111 215 916 502 407 246 599
133 391 551 247 660 516 533
127 125 426 267 446 16 90
155 139 249 179 96 309 800
50 710 900 596 490 752 498
94 509 587 565 631 592 403
155 603 331 774 747 483 616
72 782 733 50 577 247 420
67 247 353 444 517 465 356
24 248 850 654 821 284 373
117 409 839 537 224 78 237
151 475 84 0 21 63 135
140 82 584 173 316 47 172
123 435 323 534 438 322 61
151 259 650 514 174 48 172
138 660 600 471 682 356 492
113 516 754 531 465 20 264
107 868 861 596 507 576 565
44 277 644 555 592 485 420
94 265 128 316 47 48 338
151 806 404 631 372 492 607
155 18 72 135 257 63 21
76 710 866 463 600 694 526
133 650 121 115 93 460 47
155 342 330 320 329 321 326
66 840 453 335 319 565 318
151 233 609 356 51 247 333
44 615 25 662 493 561 517
155 375 120 402 58 230 260
151 599 431 404 517 660 492
155 261 392 230 101 474 145
113 571 259 308 400 75 47
78 400 173 92 102 584 169
138 356 545 562 493 552 373
155 492 629 581 694 401 607
155 205 81 169 170 132 204
138 631 704 233 360 50 244
97 911 768 710 563 587 492
50 536 511 203 673 512 123
51 303 589 319 464 109 580
140 902 739 643 363 602 483
140 351 29 54 133 65 214
103 633 718 537 399 352 300
122 750 404 401 490 420 548
138 636 293 119 129 241 14
123 832 141 501 50 491 420
31 50 844 394 528 562 631
151 633 841 564 352 295 223
154 760 537 399 295 466 300
155 3 816 12 42 85 118
50 955 804 897 634 805 558
155 816 61 62 3 8 42
86 611 660 623 682 356 507
25 701 763 887 515 496 699
133 356 526 470 561 244 503
48 919 544 271 45 848 793
123 758 596 553 631 517 453
154 533 710 652 694 562 510
154 239 135 0 84 63 13
140 507 247 141 140 492 583
77 916 485 277 468 596 660
25 537 409 415 136 134 477
151 753 902 489 283 331 483
155 565 629 507 600 404 596
151 666 612 244 143 491 248
27 916 520 609 501 141 246
84 371 471 823 734 393 420
151 838 470 417 513 391 499
113 803 127 259 400 48 82
97 815 806 552 492 629 420
94 889 710 850 373 502 838
113 774 643 753 304 483 283
133 501 485 618 583 143 453
151 581 403 588 407 662 517
94 315 644 682 554 526 583
14 772 154 409 399 537 477
59 807 278 333 612 407 244
155 269 120 402 103 260 22
56 68 191 232 34 93 158
66 317 617 624 170 83 47
123 721 30 74 54 35 158
123 827 360 143 660 371 243
123 886 631 373 493 623 401
151 635 666 383 360 315 356
68 704 468 652 526 503 243
72 866 246 503 552 502 373
155 2 46 8 49 3 220
133 587 333 246 315 407 492
94 842 890 449 314 313 450
155 8 11 12 37 2 424
61 861 395 675 88 303 469
154 407 555 631 592 517 401
140 504 437 556 508 28 20
155 137 154 210 201 381 209
113 387 253 139 273 105 134
155 168 15 189 633 227 241
126 371 458 576 500 383 583
72 735 663 448 94 205 82
97 977 670 505 25 19 508
151 403 528 493 391 596 485
154 220 424 36 32 12 162
94 334 583 615 394 469 821
155 507 394 393 600 303 502
113 278 403 599 652 583 248
107 431 303 51 215 371 420
140 871 321 719 642 329 332
123 33 104 96 273 122 139
123 145 14 44 106 171 112
155 260 101 276 22 58 40
123 756 36 62 32 8 46
148 317 285 111 262 82 400
151 862 469 517 498 516 628
154 308 94 400 47 48 443
151 943 101 230 22 268 23
155 402 103 221 41 23 145
127 209 208 164 163 156 382
125 51 498 503 471 733 246
94 371 469 631 510 552 647
151 790 647 503 401 498 581
140 765 12 60 42 61 11
155 159 454 254 198 67 69
155 292 302 186 151 150 799
155 162 59 220 42 36 61
97 768 631 371 503 583 548
154 510 682 485 502 526 596
150 554 500 403 768 588 563
155 339 330 547 367 481 332
97 611 526 868 516 517 600
151 782 503 510 728 502 662
86 571 808 263 317 173 584
70 619 646 508 505 507 469
155 184 190 241 189 256 14
151 67 424 162 85 60 46
133 674 407 565 507 635 469
120 516 368 68 29 214 351
155 592 628 420 565 553 517
155 33 64 90 125 87 138
130 896 401 373 404 394 623
155 121 308 83 226 494 443
138 80 285 111 115 204 169
129 353 555 561 470 303 395
150 599 277 704 140 666 218
151 563 728 553 587 548 498
117 293 905 241 119 161 44
76 600 581 218 353 431 404
138 83 808 173 434 170 75
50 892 312 600 469 165 470
97 264 576 545 710 372 516
148 548 868 576 431 562 417
97 710 143 733 360 218 420
123 827 371 51 733 606 243
151 782 552 592 629 710 373
155 533 510 431 453 552 553
111 404 618 662 623 710 553
59 78 688 751 166 447 167
154 83 579 448 94 275 93
151 695 364 566 723 482 439
113 628 782 813 694 431 553
50 694 740 143 463 507 453
148 774 716 414 421 622 603
113 628 554 490 499 652 682
128 196 256 189 241 161 293
151 576 644 728 510 581 493
50 696 760 272 638 78 422
154 387 381 201 136 185 209
155 375 120 76 23 402 149
123 453 586 625 585 621 758
151 462 215 333 577 420 233
72 534 765 424 258 62 61
126 132 724 158 157 77 232
138 507 97 476 19 505 508
151 51 599 660 218 141 246
42 634 879 690 297 298 637
122 132 386 400 83 285 169
151 774 602 654 284 489 363
140 115 173 174 316 169 93
92 850 99 403 465 175 513
155 195 13 384 0 21 257
154 233 606 371 244 420 247
151 723 365 641 439 364 482
154 275 81 170 75 47 400
127 565 694 790 645 395 499
72 868 607 465 20 507 470
132 95 43 422 427 96 362
72 868 592 660 561 628 576
84 81 111 316 172 259 47
154 339 719 250 547 425 329
120 998 249 800 96 104 154
48 842 155 826 144 114 455
148 752 485 629 469 768 516
117 737 507 768 516 502 562
97 523 731 580 231 740 335
151 112 269 126 22 276 76
151 771 429 91 267 446 266
155 42 60 816 37 85 49
155 75 173 174 316 47 94
72 949 6 94 172 47 170
93 246 768 652 607 533 315
140 753 747 593 363 283 284
140 122 155 137 156 255 104
154 333 599 577 383 315 215
120 517 215 218 360 353 505
142 627 240 139 113 273 148
155 92 445 102 7 170 169
155 148 627 114 415 412 273
68 771 426 27 33 90 266
133 581 395 403 631 554 592
140 961 284 421 616 602 363
123 783 470 548 555 490 393
25 24 754 838 353 507 264
77 615 373 436 88 821 470
151 490 587 618 493 682 517
122 936 500 417 592 401 710
126 66 370 232 231 29 158
51 359 832 277 356 647 244
142 415 249 95 113 273 148
70 516 927 734 490 248 403
72 920 152 180 193 245 219
154 839 477 252 237 300 224
140 902 739 622 643 483 489
123 240 136 210 387 154 104
50 359 553 491 143 373 244
148 680 24 19 403 509 556
155 283 774 284 483 616 747
155 383 143 360 577 315 247
113 553 635 556 20 500 403
51 580 437 513 503 459 470
84 141 507 768 628 583 492
122 234 704 315 140 356 501
155 493 554 502 431 623 492
50 875 344 386 83 229 464
148 333 658 407 141 612 315
140 645 592 404 565 401 471
151 704 50 492 246 140 277
155 321 326 413 425 329 642
155 299 426 429 446 266 305
76 882 819 741 788 812 811
44 626 933 13 1 135 195
68 656 324 86 214 158 715
151 463 215 247 315 360 143
76 694 587 143 501 391 492
97 715 507 554 583 607 516
123 23 190 197 256 184 15
123 678 47 48 434 478 316
155 315 666 51 215 243 246
155 126 276 120 41 375 58
84 658 143 393 485 660 583
154 747 739 421 643 622 603
151 647 806 596 526 581 401
137 735 81 169 48 617 400
155 435 162 85 12 3 8
62 669 463 510 576 682 600
155 116 144 301 117 235 188
107 239 475 18 135 31 63
83 695 742 566 364 641 723
59 594 737 615 607 499 507
127 548 462 599 233 503 50
96 700 236 272 187 271 45
151 500 555 565 401 552 517
14 863 652 234 668 611 420
155 145 22 269 101 40 402
155 282 242 506 109 589 108
107 403 530 24 531 459 444
155 137 382 210 154 209 156
148 710 500 588 431 502 516
80 647 315 319 565 552 652
155 101 474 149 230 22 402
14 1000 428 655 447 167 427
104 587 681 733 635 533 470
155 39 198 527 131 254 67
62 776 563 732 278 373 502
133 256 196 905 119 241 44
126 192 296 165 274 180 245
136 561 704 666 143 577 244
155 87 90 107 26 17 64
44 443 316 6 445 132 205
155 652 417 533 587 552 420
43 802 401 97 509 508 303
31 57 760 564 633 295 183
154 535 749 573 836 684 570
155 197 227 190 241 112 15
133 448 434 514 172 262 75
122 4 556 444 19 264 505
68 378 195 651 418 419 770
84 663 92 173 263 204 169
155 200 206 57 311 521 310
50 498 821 264 19 404 403
56 86 328 231 319 327 158
56 647 290 507 861 915 734
90 886 356 502 244 552 471
154 424 67 59 60 12 2
142 733 554 581 356 420 492
127 323 60 424 162 534 61
154 679 537 358 466 78 295
155 513 618 503 548 526 552
127 501 517 404 395 140 248
151 676 120 474 268 23 58
123 196 106 178 184 112 14
151 735 47 285 226 127 308
155 243 247 315 215 143 356
140 247 401 431 652 490 471
151 567 277 315 577 501 51
68 737 394 556 680 403 576
76 571 191 386 128 172 75
43 785 1001 794 725 656 778
139 343 493 502 407 631 303
123 915 583 628 562 618 516
155 17 125 87 16 518 27
140 394 528 401 596 513 493
155 129 44 112 15 197 189
155 3 12 2 11 220 85
155 217 149 276 40 23 126
155 269 126 23 41 261 40
148 274 213 289 165 245 219
95 278 463 243 218 141 490
155 22 392 23 101 40 217
151 737 581 652 407 553 562
133 548 383 360 468 393 371
123 338 205 624 204 575 75
122 343 526 492 694 417 576
154 628 554 420 652 576 492
93 514 232 7 92 102 93
96 246 631 652 548 407 551
155 243 247 246 577 233 468
15 930 970 830 176 177 757
151 609 501 50 243 51 420
93 737 592 647 517 372 783
155 754 508 20 89 25 437
151 394 533 373 248 631 490
122 467 694 516 533 471 600
138 39 816 118 2 67 42
42 947 756 148 113 134 155
24 629 554 915 776 861 404
154 553 563 431 592 407 404
94 141 782 592 372 629 587
142 209 249 95 155 104 134
123 877 250 345 549 601 332
123 647 383 606 215 51 243
56 819 641 788 741 742 811
155 345 693 329 320 330 332
155 505 531 437 24 465 303
140 821 548 623 652 391 562
67 624 231 133 214 158 205
155 283 747 767 550 284 483
151 838 516 631 562 503 401
155 517 565 553 562 600 583
140 551 383 141 666 356 143
140 892 563 513 768 516 576
122 39 162 118 60 2 67
155 630 573 433 684 570 836
140 711 270 352 223 358 295
93 876 386 111 308 48 204
154 754 476 465 582 99 508
123 871 250 330 320 326 334
155 217 103 276 23 230 375
140 663 624 6 81 204 83
154 316 514 94 478 172 174
33 977 754 458 110 437 508
50 287 464 379 390 335 523
155 40 58 260 269 76 23
139 463 395 498 469 635 373
97 846 51 599 141 501 244
140 494 275 204 259 443 400
72 102 494 275 262 83 170
127 394 24 28 444 615 500
121 386 316 93 75 47 128
133 870 161 196 44 178 15
59 788 419 882 812 819 811
155 217 120 58 41 40 261
140 961 421 550 483 603 602
120 584 111 275 83 82 317
107 551 431 140 704 51 360
62 152 110 680 353 25 303
140 961 747 283 654 602 363
154 601 425 374 251 325 345
25 919 824 199 5 4 793
125 14 225 252 300 15 633
42 973 638 751 95 362 655
68 656 756 154 137 155 872
31 611 880 710 588 493 420
140 239 257 384 195 13 31
66 679 168 223 183 633 300
126 710 28 509 264 561 469
25 752 729 218 436 303 469
44 567 143 596 502 528 420
155 76 120 145 474 230 276
72 632 770 775 614 529 378
33 246 752 821 555 431 373
122 462 143 247 141 51 468
155 302 799 151 186 292 63
59 834 512 769 673 123 124
140 774 304 602 414 283 616
123 468 470 618 517 552 647
138 545 343 393 507 493 652
59 827 353 461 501 51 243
86 680 24 265 470 436 264
123 79 223 578 183 352 300
121 159 435 61 59 12 67
148 682 528 503 662 393 596
142 554 50 461 401 503 583
72 972 528 545 782 492 391
140 39 2 435 11 220 49
138 293 168 241 112 119 184
123 96 154 210 156 137 105
148 623 528 587 768 431 498
123 538 46 37 49 220 85
117 421 716 902 283 331 284
117 581 565 528 498 417 516
154 612 356 140 51 333 244
154 368 158 35 66 30 68
151 303 631 372 343 453 507
140 676 841 295 358 222 223
154 867 550 489 284 421 483
25 682 694 597 72 239 485
134 623 783 647 528 513 555
97 886 782 503 607 470 526
72 703 562 463 660 583 248
151 537 760 679 295 399 300
127 600 675 748 458 471 469
72 484 475 0 10 384 63
86 828 551 553 565 652 407
154 402 268 149 40 474 22
140 67 162 424 816 59 8
113 786 316 170 75 174 172
24 155 727 281 842 455 450
132 362 273 207 139 33 95
155 342 374 693 325 549 330
155 622 716 414 331 489 304
123 113 156 210 185 382 134
151 734 565 631 492 493 592
140 256 293 196 129 14 44
155 401 372 485 662 563 587
123 412 155 137 381 209 104
72 708 458 670 110 508 595
14 715 211 724 860 232 157
58 611 931 383 244 807 356
140 876 169 80 102 205 6
155 693 326 549 320 547 374
151 233 733 606 243 277 420
154 326 719 251 481 320 330
142 275 102 624 259 170 169
120 817 179 134 96 95 167
120 821 24 175 89 303 395
59 904 306 731 319 464 318
155 251 374 549 332 330 719
148 555 615 395 393 470 607
123 59 438 456 322 323 61
132 353 576 561 431 315 403
94 565 571 317 478 75 338
146 662 618 768 563 581 493
155 408 411 390 671 379 380
148 262 650 514 75 47 172
148 394 618 485 576 502 682
134 650 677 262 263 173 172
133 722 225 409 300 679 79
155 39 198 38 69 131 55
92 518 382 477 137 104 90
140 119 633 189 256 241 190
66 215 548 509 505 635 353
70 128 275 808 172 262 170
122 356 545 662 372 553 552
122 591 500 444 175 582 97
42 247 635 737 554 407 315
67 751 361 107 91 90 362
154 576 545 453 401 554 555
155 676 260 101 149 217 126
155 460 650 174 514 191 48
42 409 772 253 412 105 477
155 368 65 66 68 74 35
138 227 905 161 119 241 15
122 611 587 485 592 498 565
97 72 652 631 499 513 596
94 937 948 682 493 407 553
155 105 154 136 387 137 104
155 40 261 260 149 269 276
155 336 406 357 385 337 405
155 523 671 379 411 408 390
151 394 710 401 513 469 517
155 36 46 3 42 32 62
123 916 577 468 333 50 660
140 821 345 326 250 320 330
155 77 445 169 81 205 6
107 742 365 695 482 723 439
50 947 755 137 201 756 155
80 644 710 247 533 493 417
140 448 7 132 445 169 231
57 911 248 548 628 404 694
123 179 210 201 477 136 104
93 733 628 303 517 503 356
148 490 710 516 555 629 431
123 740 469 576 407 493 565
151 315 417 555 592 652 583
62 886 248 790 391 393 471
90 886 563 503 629 548 401
68 656 324 74 29 158 715
140 196 171 241 227 197 14
133 63 806 420 431 135 485
155 38 131 454 39 70 55
66 784 479 361 125 33 362
58 619 24 748 675 476 469
94 885 936 470 565 710 498
123 166 17 518 125 26 33
14 868 561 50 585 758 453
140 728 752 768 469 607 510
84 615 303 587 592 507 470
25 352 348 155 252 477 537
113 782 403 892 565 752 607
94 661 64 361 33 43 362
154 404 782 607 502 629 393
155 652 728 503 806 420 553
122 579 650 172 173 48 259
123 718 225 237 252 409 79
138 850 526 485 581 838 373
154 67 37 2 59 11 118
76 275 205 787 338 204 48
117 575 275 191 93 263 48
148 168 161 293 184 15 14
138 892 526 372 631 565 516
93 748 499 500 631 576 458
140 635 89 476 19 465 175
50 752 620 563 500 619 469
