277875810 7
1956388345 22
1933293151 23
1074713379 43
2146483582 44
7187917803 45
814661105 46
2158510456 47
819012740 61
5650055601 62
6654958093 63
0 64
1982059760 65
0 66
852931090 67
0 74
1306304002 75
0 76
1615413102 77
0 78
245887030 79
0 82
69254239 83
0 84
101332951 85
0 86
0 87
3707595447 102
2045519412 103
2346700410 104
39823791538 120
7771076238 122
2170187050 123
16381810743 146
17189542034 147
4267701808 148
1134041742 149
13019054308 150
7911443428 151
9872487 152
324182046 153
2411284563 154
6046488945 178
5130702837 179
1817800396 180
1667416242 181
8662938088 182
4935564492 183
2019207614 184
429741624 185
1385231215 186
60138610 187
3676921590 188
21573722231 210
9179390567 212
0 215
27346889735 216
6703658843 217
9286759801 218
0 221
13541014394 222
422079586 223
4423862190 224
4876805408 245
8415687895 246
102724141 247
1124364067 248
9394980245 249
5644586577 250
8306423789 251
3800190464 252
148291 253
4879864177 254
2018535833 255
1537560944 256
1297967465 257
5501282290 258
2349312040 259
2391549040 260
0 261
3028129000 262
0 263
255998859 264
0 265
1507402835 266
1021006590 277
3920060099 278
9770532426 279
7179102285 280
871557270 281
5230791301 282
385748776 283
6195846425 284
73694548 285
3744184374 286
0 287
1678020770 288
0 289
1465769891 290
7705660796 299
14398432212 300
118310913 301
3398596171 302
0 305
4189072591 306
0 307
1281264187 308
0 315
965562290 316
0 317
280974016 318
0 319
822792649 320
0 321
953748296 322
0 323
333068438 324
0 325
65672075 326
0 327
492744201 328
0 331
1083354130 332
0 333
160664980 334
0 335
669030207 336
0 337
495046842 338
0 341
0 342
0 343
176951970 344
0 345
11448256 346
0 347
0 348
0 349
8145945 350
0 351
9433130 352
428740765 364
0 365
0 366
2146 367
44962310 368
2852753647 386
504434175 387
3764035046 388
2762194255 389
3318501878 390
63230379 391
367201329 392
2741671200 393
26843814572 418
254460106 419
0 420
14413569788 421
5358168899 422
19563694787 423
220550816 424
8993997230 425
1215412982 426
852552712 427
1916514752 428
6227441807 429
4762081799 430
0 431
0 432
545092329 433
0 434
512383459 435
1169360335 436
10491864499 455
7103483709 456
0 457
6862639083 458
13724659498 459
7132597044 460
2447479719 461
7418824908 462
1453322448 463
66530 464
605996745 465
980975990 466
7830590176 467
17311586 468
23559377 469
818740153 470
0 471
72374330 472
2028513411 473
1957023461 495
608215868 496
53993223 497
63089 498
2603688316 499
292733 500
1470467284 501
0 502
0 503
0 504
438015799 505
0 506
0 507
0 508
43107492 509
1397503539 510
243458425 511
0 512
713283983 513
0 514
59975243 515
0 516
333813902 517
7220520471 535
1266163428 536
3242287653 537
4256204090 538
3234687629 539
1735538389 540
8482019894 541
80364274 542
1621263701 543
453972976 544
7080592169 545
6416480587 546
864817074 547
91556839 548
684850022 549
855308693 550
1160867505 551
282594309 552
1707494411 553
0 554
260127861 555
73161367 556
2768866452 557
80527393580 561
12087685917 562
14357865624 563
0 564
2071352367 565
6119722593 566
7890663350 567
0 568
422744374 569
795581956 570
0 574
715951903 575
4436457298 576
200516157 577
0 578
325950730 579
1320745192 580
0 581
0 582
167887558 583
13991534368 596
3150489544 597
0 598
7240186210 599
1973282622 600
0 601
22731232 602
290637059 603
0 604
0 605
320677971 606
2848486164 607
0 608
534656847 609
0 610
521580032 611
0 612
2279805376 613
0 614
2547418089 615
481685351 616
0 617
0 618
92868605 619
0 620
25724871 621
0 622
588929164 623
0 632
5433763379 633
0 634
750132388 635
0 636
204687359 637
839937073 638
4335683117 639
0 640
635662578 641
0 642
840513372 643
0 644
229596760 645
157893693 646
1680671004 647
0 648
51162831 649
119192680 650
212434368 651
0 652
35149026 653
0 654
964150271 655
0 660
0 661
0 662
202880166 663
0 664
395818983 665
0 666
0 667
0 668
166373135 669
0 670
108372040 671
0 672
0 673
0 674
66780567 675
177771207 678
1979198667 679
0 680
1382366082 681
217385246 682
64763454 683
209126604 684
146346662 685
0 686
733140361 687
0 688
24238825 689
0 690
793139146 691
0 694
1743876334 695
604412944 696
4848246042 697
0 698
1134353832 699
0 700
69259554 701
0 702
259159062 703
0 704
0 705
0 706
25072096 707
0 708
381207399 709
0 710
0 711
0 712
43065465 713
0 714
969535386 715
0 716
129194696 717
0 718
251551609 719
0 720
0 721
0 722
68440460 723
0 724
132812897 725
0 726
461327168 727
0 728
3584427 729
0 730
4337390 731
0 732
94964186 733
0 734
0 735
0 736
5474370 737
4488210 738
70417484 739
0 749
623149546 750
0 751
0 752
0 753
0 754
0 755
0 756
3087304 757
1722377055 765
574657916 766
517439547 767
282470930 768
0 769
808636384 770
0 771
73773882 772
584068464 773
0 780
0 781
0 782
0 783
0 784
0 785
76733504 786
0 787
0 788
0 789
0 790
0 791
0 792
42953306 793
0 794
0 795
71817425 796
0 797
0 798
102270890 799
1244242605 804
917841760 805
742027290 806
0 807
104347954 808
82446033 809
1693175426 810
0 811
516005389 812
218854555 813
0 814
50085004 815
527336368 816
0 817
0 818
375735136 819
0 824
0 825
0 826
0 827
0 828
147416042 829
0 830
0 831
0 832
0 833
0 834
23347435 835
0 836
0 837
0 838
0 839
0 842
455385597 843
0 844
283062965 845
8724975 846
563860620 847
0 848
46393739 849
0 850
547402542 851
0 852
0 853
0 854
363776677 855
0 856
0 857
0 858
0 859
0 860
16359759 861
0 862
0 863
17612515 864
0 865
0 866
66091599 867
0 868
11650635 869
0 870
5617288 871
0 872
0 873
0 874
21784268 875
0 876
59056036 877
0 878
453341 879
0 880
63787355 881
0 882
73447376 883
0 884
0 885
0 886
65166191 887
0 888
0 889
0 890
10205257 891
0 892
19218388 893
0 897
0 898
0 899
0 900
0 901
0 902
0 904
51865967 905
142759375 906
0 907
0 908
79172736 909
0 910
0 911
0 912
0 913
0 914
0 915
23052797 916
0 917
0 918
23254633 919
0 920
0 921
0 922
0 923
0 924
17667291 925
0 926
0 927
0 928
2359866 929
3660936879 942
1064903521 943
1211359493 944
2904578222 945
23685767119 965
10877778837 967
7249090096 969
12660258675 971
3071504955 972
4803955361 973
7911139861 1003
7031598492 1004
10017947384 1005
3952103714 1006
0 1007
3966573749 1008
1307565786 1009
0 1010
0 1011
12034693272 1012
6003627829 1013
2792111319 1014
5719285198 1015
196450670 1016
4603629977 1017
53201029 1018
937338590 1019
382229526 1020
2934228414 1021
0 1022
144639270 1023
613901056 1024
3151843873 1025
7957627476 1050
2594942874 1051
4580512220 1052
2185134493 1053
2874280278 1054
2412381719 1055
831625623 1056
2537684424 1057
531679559 1058
3748634036 1059
6491928750 1060
1125822948 1061
2155813282 1062
177920212 1063
1060274524 1064
133408903 1065
1663031164 1066
0 1067
183408126 1068
77905474 1069
494805268 1070
184842673 1071
2392128285 1072
5588041188 1086
3866595708 1087
10830260865 1088
2492609270 1089
5423723798 1090
835695071 1091
12176490545 1092
5195661354 1093
3908627475 1094
933723001 1095
1542129961 1096
292945558 1097
1578279318 1098
136087750 1099
3798335238 1100
3508211 1111
9028615069 1112
2678247230 1113
5832406910 1114
11365992320 1115
8584246586 1116
0 1119
5786494797 1120
653026237 1121
1411763515 1122
270492915 1123
2705210645 1124
1285199803 1135
3348158870 1136
771176519 1137
202603496 1138
215762874 1139
2219618672 1140
0 1141
239997942 1142
351777995 1143
1975534237 1144
0 1145
3305915246 1146
0 1147
2009404824 1148
0 1149
231452069 1150
0 1151
838536816 1152
0 1153
125305175 1154
0 1155
825584383 1156
0 1163
890718910 1164
0 1165
552098082 1166
338456617 1167
3325348706 1168
210024527 1169
949842021 1170
86873794 1171
482994275 1172
0 1173
753800947 1174
0 1175
0 1176
0 1177
54991021 1178
63295265 1179
791963875 1180
0 1183
1802826015 1184
0 1185
1529031719 1186
0 1187
341013502 1188
0 1189
289003442 1190
102061374 1191
795419582 1192
0 1195
916409824 1196
6163610 1197
480935307 1198
0 1199
412193284 1200
0 1201
489021949 1202
0 1203
0 1204
0 1205
25563118 1206
0 1207
0 1208
0 1209
52059097 1210
0 1211
46307775 1212
0 1213
63982139 1214
0 1215
99534536 1216
0 1217
58168961 1218
2707070608 1234
4451420497 1235
4495285442 1236
0 1237
363896668 1238
1583456687 1239
4210184604 1240
1032044 1241
1182357671 1242
28590700 1243
579476678 1244
0 1249
51457623896 1252
6733425634 1254
226554713 1255
1328015 1267
3763118939 1268
24108438387 1270
4475529743 1271
16556944 1276
2736666975 1277
18708013644 1278
20524221510 1279
16744005 1280
132074352 1281
9522550161 1282
3398045013 1283
0 1287
2954433041 1288
3657230281 1289
261043663 1290
461864986 1291
1924812853 1292
0 1305
0 1306
1158890502 1307
0 1308
6013549612 1309
26254214135 1310
12441163 1311
1835334747 1312
0 1313
0 1314
410055 1315
2088397670 1316
240421163 1317
1473992839 1318
0 1319
0 1320
6859740504 1321
1986751857 1322
0 1323
183710220 1324
0 1325
5168825476 1326
0 1327
52620997 1328
323477344 1329
3473314737 1330
0 1331
1999823546 1332
0 1333
0 1334
0 1335
504501309 1336
0 1337
743026926 1338
3533987329 1351
20531212359 1352
2324481241 1354
6778704062 1355
10283269366 1356
1052669420 1357
11044019046 1358
10767425094 1361
10691524560 1362
14547595 1365
9035283738 1366
0 1369
11275958151 1370
7201435794 1371
6036966669 1372
177007091 1373
3184647058 1374
123814070 1375
4155678404 1376
0 1385
10462681856 1386
0 1387
2741818782 1388
0 1389
201079222 1390
287219775 1391
3001571393 1392
106830411 1393
19364866941 1394
90878763 1395
19004539415 1396
3703832011 1397
9658163327 1398
0 1399
380553203 1400
0 1401
4522084556 1402
0 1403
2870924197 1404
0 1405
730045355 1406
140626387 1407
1912791380 1408
0 1409
19432930 1410
0 1411
1235127911 1412
314923756 1413
153219503 1414
36409520 1415
1006596711 1416
0 1419
56611654 1420
11471648243 1421
2071217311 1422
24071236 1423
972563887 1424
0 1425
1267922347 1426
316914883 1427
1945626509 1428
0 1429
723889165 1430
0 1431
390630560 1432
0 1437
0 1438
1082951692 1441
6102681429 1442
219388063 1443
770901536 1444
0 1447
969021955 1448
0 1449
4365585961 1450
0 1451
4827394796 1452
49856433 1453
0 1454
0 1459
1824426538 1460
0 1461
1641012113 1462
86561513 1463
23596947 1464
0 1465
430470172 1466
0 1467
2061551 1468
0 1469
0 1470
0 1471
47885833 1472
0 1473
1176228944 1474
0 1475
0 1476
0 1477
96891794 1478
0 1479
56821647 1480
0 1483
985288245 1484
47670488 1485
244934454 1486
0 1487
98739874 1488
0 1489
742172929 1490
0 1491
712748670 1492
0 1493
0 1494
0 1495
81580194 1496
0 1497
144719846 1498
0 1499
110470369 1500
0 1508
0 1509
0 1510
0 1511
0 1512
140567493 1513
0 1514
1249114166 1534
74392160 1535
1440824843 1536
0 1537
64816148 1538
0 1539
248347788 1540
0 1541
118491098 1542
0 1543
130607104 1544
28305357 1545
0 1546
0 1547
0 1548
594838766 1549
76890779 1550
44894517 1551
301237804 1552
827740503 1572
2463306898 1573
2191813562 1574
261984231 1575
1567778632 1576
4952882761 1577
866353522 1578
0 1579
318310099 1580
859040303 1581
3201166792 1582
619363281 1583
2146170323 1584
0 1585
211415274 1586
49638525 1587
446623038 1588
22241593 1589
2086885889 1590
0 1595
2133715576 1596
225830 1597
0 1598
6864400661 1599
4399968365 1600
2648156159 1601
99466805 1602
0 1603
218920412 1604
350376778 1605
1286287396 1606
1278853764 1607
0 1608
0 1609
0 1610
186638645 1611
0 1622
41030824338 1623
1615538248 1624
136553334 1625
0 1626
27937161830 1627
0 1628
1570491838 1629
0 1630
9507586593 1631
575509851 1632
0 1633
0 1634
1238996283 1635
735566862 1636
143933904 1637
335714 1638
5107273115 1639
1178206251 1640
0 1641
9895476 1642
0 1643
0 1644
0 1645
1325103956 1646
0 1647
0 1648
289226339 1649
644811844 1650
0 1659
21724 1660
66186355 1661
1184462077 1662
1592205646 1663
0 1664
0 1665
0 1666
0 1667
0 1668
0 1669
294707254 1670
578640388 1671
0 1672
0 1673
0 1674
433495897 1675
0 1676
3418176 1677
502856258 1678
0 1679
0 1680
0 1681
64827456 1682
0 1683
0 1684
330769908 1685
5077591029 1702
7555762631 1703
7893823424 1704
7159055426 1705
10182105357 1706
2358129 1707
6698545076 1708
2198412618 1709
0 1710
0 1711
412462709 1712
622292780 1713
968778167 1714
2805961249 1715
2243898856 1716
5616328519 1717
22679894022 1718
6978867016 1719
123270826 1720
65344624 1721
0 1722
6124291480 1723
0 1724
2544991224 1725
0 1726
5634696508 1727
0 1728
52446733 1729
2191896212 1730
5578130405 1731
1275210021 1732
4736444472 1733
0 1734
0 1735
0 1736
179368027 1737
0 1738
22490635 1739
109764957 1740
807860098 1741
0 1742
28908402 1743
0 1744
72697511 1745
172703388 1746
218385579 1747
0 1748
1508960756 1749
1210773805 1762
6232309867 1763
1109185558 1764
1061859638 1765
943855630 1766
592718388 1767
301018911 1768
0 1769
0 1770
1068664314 1771
83596303 1772
3974259844 1773
6786374429 1774
5967397323 1775
381148122 1776
56097369 1777
3199 1778
491646991 1779
6559643 1780
1836040721 1781
136570857 1782
1538314739 1783
1069702081 1784
358449674 1785
404951851 1786
1871917158 1787
0 1788
4425729745 1789
0 1790
244877007 1791
123728783 1792
646549550 1793
0 1794
0 1795
25154260 1796
598041412 1797
0 1798
0 1799
0 1800
93324929 1801
0 1802
304672114 1803
44309803 1804
1290421953 1805
0 1812
0 1813
0 1814
0 1815
262944611 1816
117101818 1817
0 1818
0 1819
0 1820
0 1821
0 1822
0 1823
0 1824
248580880 1825
0 1826
0 1827
0 1828
0 1829
24792481 1830
44035399 1831
0 1832
0 1833
0 1834
666160167 1835
0 1836
10692539 1837
0 1844
0 1845
0 1846
150436490 1847
111469083 1848
257882777 1849
0 1850
0 1851
342411759 1852
370406714 1853
0 1854
0 1855
0 1856
156260417 1857
0 1858
0 1859
0 1860
102860918 1861
0 1862
0 1863
0 1864
63092487 1865
0 1866
1053501 1867
0 1868
1237707993 1869
0 1870
0 1871
0 1872
85088539 1873
0 1874
0 1875
0 1876
572875661 1877
0 1878
47933575 1879
0 1880
344592499 1881
0 1884
1037060292 1885
2713838629 1886
1255005739 1887
0 1888
736781755 1889
0 1890
639579568 1891
172072859 1892
1044754471 1893
0 1894
323362064 1895
0 1896
802940841 1897
0 1898
527408195 1899
0 1900
0 1901
0 1902
196549663 1903
0 1904
754015635 1905
149604571 1908
7371123537 1909
0 1910
133113978 1911
675001317 1912
1720888482 1913
0 1914
636316304 1915
0 1916
3043731014 1917
397046613 1918
980591887 1919
0 1920
20113152 1921
0 1922
206225212 1923
0 1924
693642505 1925
0 1926
4278207826 1927
0 1928
932484777 1929
0 1930
2302556370 1931
0 1932
0 1933
0 1934
16657729 1935
0 1936
36977506 1937
0 1938
94202881 1939
0 1940
49408902 1941
0 1942
2288062901 1943
0 1944
0 1945
0 1946
70624092 1947
0 1948
0 1949
0 1950
3583593 1951
0 1952
0 1953
0 1954
163005880 1955
0 1956
219125395 1957
0 1958
0 1959
0 1960
0 1961
0 1962
597370378 1963
187599321 1964
426000735 1965
0 1966
0 1967
0 1968
33172865 1969
0 1970
70329252 1971
0 1972
3831659971 1973
0 1974
0 1975
59666478 1976
165874157 1977
0 1978
364300376 1979
0 1980
429519594 1981
0 1982
0 1983
0 1984
0 1985
40090345 1986
38163452 1987
0 1988
0 1989
0 1990
0 1991
0 1992
21268804 1993
0 1994
117519535 1995
0 1996
136162936 1997
0 1998
256214842 1999
0 2000
196314497 2001
0 2002
0 2003
0 2004
0 2005
0 2006
0 2007
0 2008
0 2009
0 2010
26097730 2011
0 2012
65548086 2013
0 2014
32795719 2015
0 2016
523713765 2017
0 2018
1031970969 2019
0 2020
16794481 2021
0 2022
8805418 2023
0 2024
0 2025
0 2026
0 2027
0 2028
46870893 2029
0 2030
193520584 2031
0 2032
302689879 2033
0 2034
62668821 2035
0 2036
73945808 2037
0 2038
8605067 2039
0 2040
11933408 2041
0 2042
301784690 2043
0 2044
0 2045
0 2046
7826816 2047
0 2048
15878605 2049
0 2050
49937091 2051
0 2052
0 2053
0 2054
28987621 2055
0 2056
42425403 2057
346038862 2073
0 2074
0 2075
109137345 2076
95772833 2077
0 2078
0 2079
0 2080
0 2081
519712973 2082
0 2083
0 2084
112044802 2085
80003296 2086
0 2087
11362954 2088
159610518 2089
5594575063 2104
1386535632 2105
2408791574 2106
1982983607 2107
1586104281 2108
350903838 2109
1880516118 2110
4360231457 2111
2020646342 2112
1512340185 2113
1203928650 2114
122785907 2115
552944018 2116
1636171041 2117
77386143 2118
221020833 2119
3546811147 2120
0 2130
2089749274 2131
4520649829 2132
0 2133
0 2134
902052824 2135
200479468 2136
0 2137
0 2138
2864125 2139
182151735 2140
0 2141
56502979 2142
3083207952 2143
2841282458 2144
0 2145
119509452 2146
0 2147
0 2148
0 2149
184947246 2150
0 2151
22190714 2152
206089454 2153
3582594833 2163
17244196652 2164
33551860 2165
5480081801 2166
1773145490 2167
1478379591 2168
375353759 2169
2433337273 2170
3221968373 2171
361763239 2172
631250414 2173
2192433595 2174
9776779678 2175
0 2176
77203588 2177
107171018 2178
318794256 2179
160673182 2180
388473809 2181
0 2182
174125169 2183
1298220048 2184
0 2196
4829938864 2197
446589016 2198
6183751882 2199
0 2200
222316871 2201
2021270550 2202
716251284 2203
0 2204
0 2205
6953623202 2206
2253910201 2207
8339907868 2208
8307547178 2209
0 2210
133175453 2211
0 2212
0 2213
0 2214
520687890 2215
229451468 2216
116212827 2217
650721029 2218
414453515 2219
2350947500 2220
11747831293 2221
543162374 2222
2292244610 2223
0 2224
178923507 2225
476752195 2226
558013585 2227
0 2228
0 2229
134090511 2230
1010064345 2231
5730249822 2242
1758889185 2243
0 2244
0 2245
1110527659 2246
2725182481 2247
138688813 2248
0 2249
2075671440 2250
1911866134 2251
6999979029 2252
2527943652 2253
0 2254
1701211408 2255
62505132 2256
0 2257
0 2258
524162959 2259
0 2260
0 2261
118023789 2262
366194158 2263
0 2264
3034715513 2265
328757699 2266
4299927624 2267
0 2268
45278471 2269
154771208 2270
393356774 2271
0 2272
3222186 2273
6664767 2274
1042882690 2275
0 2288
233328466 2289
0 2290
400505327 2291
0 2292
0 2293
0 2294
219760384 2295
0 2296
0 2297
191901917 2298
1247238028 2299
468568885 2300
878259505 2301
0 2302
96052059 2303
0 2304
145018178 2305
0 2306
77327438 2307
0 2308
0 2309
0 2310
0 2311
0 2312
0 2313
0 2314
133972497 2315
26760 2316
291067974 2317
202837250 2318
108005107 2319
0 2320
110186809 2321
98938530 2322
130645828 2323
0 2324
0 2325
0 2326
0 2327
0 2328
573835 2329
32829401 2330
293543828 2331
435647455 2340
929808667 2341
0 2342
135893786 2343
0 2344
239245175 2345
162603303 2346
3979338859 2347
2682077870 2348
4747647013 2349
0 2350
654817125 2351
11676672 2352
277036138 2353
621724 2354
762881592 2355
0 2356
110096940 2357
40184807 2358
118496931 2359
0 2360
51364073 2361
88657902 2362
785391158 2363
0 2364
472146856 2365
36306982 2366
544636551 2367
0 2368
337843139 2369
61158989 2370
1139825352 2371
0 2372
8257041 2373
44871989 2374
4970554 2375
0 2376
14428400 2377
0 2378
1112898543 2379
0 2384
0 2385
0 2386
490598637 2387
438418561 2388
594829879 2389
0 2390
0 2391
0 2392
0 2393
88888086 2394
0 2395
386850840 2396
0 2397
0 2398
27199748 2399
0 2400
152084 2401
0 2402
0 2403
0 2404
147820605 2405
26633835 2406
1305706 2407
0 2408
172546908 2409
0 2410
114917334 2411
0 2414
3293810308 2415
6010834545 2416
5425416708 2417
197019320 2418
571775181 2419
123204776 2420
789625296 2421
30618946 2422
1035274637 2423
56922424 2424
414395497 2425
98167493 2426
1874747138 2427
294392131 2428
934553639 2429
82832270 2430
593358745 2431
5275309 2432
334726203 2433
91030750 2434
1209977984 2435
0 2436
90751151 2437
58582253 2438
2046870682 2439
243722915 2442
4166487779 2443
218773233 2444
5307360648 2445
784900240 2446
2747825251 2447
0 2448
1045452132 2449
1542029256 2450
2785752933 2451
0 2452
1914791251 2453
0 2454
1543378103 2455
257919654 2456
587102238 2457
298515577 2458
164713538 2459
0 2460
42959015 2461
892287995 2462
1272356904 2463
0 2464
1031409256 2465
12672387 2466
1125432689 2467
0 2468
122861620 2469
0 2470
0 2471
0 2472
541588768 2473
0 2474
220739651 2475
0 2476
265010792 2477
0 2478
0 2479
0 2480
237855971 2481
0 2482
0 2483
0 2484
234384227 2485
0 2486
2046368709 2487
0 2488
99542388 2489
0 2490
0 2491
0 2492
0 2493
0 2494
174912 2495
0 2496
397512988 2497
0 2498
232768621 2499
0 2500
39403561 2501
0 2502
29844157 2503
0 2504
0 2505
0 2506
0 2507
0 2508
0 2509
0 2510
0 2511
0 2512
179307997 2513
0 2514
404623980 2515
0 2516
68688904 2517
0 2518
151996229 2519
0 2520
863557168 2521
0 2522
118811156 2523
0 2524
0 2525
0 2526
55890997 2527
0 2528
175313586 2529
0 2530
52921516 2531
0 2532
40980332 2533
0 2534
0 2535
9597752 2536
245013373 2537
0 2538
736424 2539
0 2540
305756995 2541
0 2542
25013447 2543
0 2544
0 2545
0 2546
0 2547
0 2548
0 2549
0 2550
0 2551
0 2552
136787581 2553
0 2554
1112200282 2555
71557025 2556
21966964 2557
0 2558
148183185 2559
0 2560
91073782 2561
0 2562
216505787 2563
0 2564
12440160 2565
8150007 2566
395931823 2567
0 2568
1161047416 2569
0 2570
432555219 2571
0 2572
233585748 2573
0 2574
250245520 2575
0 2576
24090615 2577
1550346 2578
150518018 2579
123362730 2580
441494385 2581
0 2582
0 2583
0 2584
55499134 2585
0 2586
0 2587
0 2588
69900538 2589
0 2590
7613548 2591
0 2592
88228 2593
0 2594
0 2595
0 2596
0 2597
0 2598
0 2599
0 2600
66491710 2601
0 2602
92063869 2603
0 2604
12475020 2605
0 2606
0 2607
0 2608
248302451 2609
0 2610
0 2611
0 2612
52590933 2613
0 2614
193020219 2615
5658407009 2621
2730781608 2622
344068032 2623
189388962 2624
0 2626
61565415 2627
9446521394 2637
4357097492 2638
5736164604 2639
4244544880 2640
2169878218 2641
3030181555 2642
0 2646
1390677297 2647
7139434035 2648
236207296 2649
820003760 2650
2858940756 2651
0 2659
0 2660
0 2661
34808 2662
68015 2663
2856433741 2664
0 2665
0 2666
0 2667
0 2668
0 2669
0 2670
0 2671
0 2672
0 2673
71186274 2674
0 2675
0 2676
0 2677
1801531069 2678
0 2679
0 2680
0 2681
44559771 2682
0 2683
92816661 2684
0 2685
0 2686
139539851 2687
0 2688
0 2689
76966081 2690
2329343 2699
927232508 2700
1550131021 2701
4071081657 2702
1736002775 2703
573894882 2704
157181985 2705
2871613216 2706
909862515 2707
179036748 2708
0 2709
344721199 2710
557341529 2711
1712097075 2712
198407187 2713
996596022 2714
362184595 2715
0 2716
687125718 2717
6622632804 2718
0 2719
612378622 2720
44859327 2721
3008261596 2722
0 2723
15450834 2724
0 2725
964590205 2726
19804336 2727
126280761 2728
27545722 2729
1009238307 2730
337028559 2735
1100558902 2736
20519 2737
240720369 2738
0 2739
0 2740
0 2741
156785415 2742
0 2743
690847852 2744
0 2745
66059618 2746
0 2747
7230032 2748
0 2749
529439187 2750
0 2751
0 2752
54249475 2753
67258663 2754
0 2755
0 2756
0 2757
64528898 2758
29481889 2761
1822422618 2762
1411380360 2763
4783021285 2764
61114720 2765
416515195 2766
39293252 2767
485448844 2768
0 2769
624069546 2770
67281490 2771
532355227 2772
0 2773
180744739 2774
599800407 2775
1619904066 2776
0 2777
11888025 2778
10388413 2779
648094278 2780
0 2781
28883190 2782
0 2783
442967930 2784
0 2788
0 2789
0 2790
0 2791
0 2792
148822702 2793
0 2797
0 2798
1237023596 2799
0 2800
2828590 2801
82070670 2802
0 2804
2330828271 2805
2223136140 2806
0 2807
0 2808
434011159 2809
0 2813
78520719 2814
833097205 2815
0 2816
168153919 2817
867421542 2818
5810676201 2819
0 2820
2639955362 2821
0 2822
0 2823
0 2824
0 2825
1476755907 2826
1976394932 2827
0 2828
170477975 2829
0 2830
0 2831
19979649 2832
0 2833
0 2834
0 2835
0 2836
0 2837
0 2838
0 2839
35934957 2840
107994711 2841
0 2842
0 2843
0 2844
951633264 2845
0 2846
0 2847
0 2848
656498057 2849
0 2850
0 2851
293380950 2852
7087020 2853
0 2854
0 2855
5042265 2856
118322799 2857
0 2858
1601430393 2859
0 2860
217225195 2861
0 2862
221518835 2863
0 2864
1374981405 2865
0 2866
118950826 2867
0 2868
0 2869
0 2870
33212067 2871
0 2872
136859718 2873
0 2874
0 2875
32409005 2876
3980501808 2877
0 2878
0 2879
11966259 2880
953205589 2881
0 2882
0 2883
0 2884
120405257 2885
0 2886
17102539 2887
58850123 2888
414543681 2889
0 2890
750980949 2891
52305029 2892
404656015 2893
0 2894
0 2895
0 2896
48787683 2897
0 2898
35683442 2899
370646661 2900
828090597 2901
0 2902
171455242 2903
0 2904
53050722 2905
0 2906
113304117 2907
0 2908
429183491 2909
0 2910
928366202 2911
0 2912
101719616 2913
0 2914
10139346 2915
92502375 2916
2223229458 2917
0 2918
9480120 2919
65164697 2920
306240961 2921
0 2922
120505986 2923
0 2924
227866533 2925
0 2930
0 2931
0 2932
0 2933
0 2934
36143036 2935
0 2936
102924105 2937
211506788 2940
0 2941
317501820 2942
3292495696 2943
0 2944
98054749 2945
0 2946
1097088333 2947
0 2948
0 2949
0 2950
142895998 2951
0 2952
0 2953
0 2954
0 2955
0 2956
0 2957
0 2958
5555266 2959
0 2960
431894237 2961
0 2962
0 2963
0 2964
0 2965
0 2966
283035787 2967
0 2968
0 2969
0 2970
14681305 2971
0 2972
105309202 2973
0 2981
0 2982
0 2983
0 2984
0 2985
0 2986
154419845 2987
56259632 2988
0 2989
0 2990
0 2991
0 2992
0 2993
0 2994
0 2995
0 2996
0 2997
0 2998
0 2999
8875403 3000
0 3008
1391219472 3009
2330625245 3010
167142915 3011
103549100 3012
0 3013
9055701 3014
49450415 3015
606444877 3016
0 3017
440819340 3018
91608752 3019
0 3020
44961160 3021
1028116547 3022
0 3023
0 3024
28116011 3025
0 3026
0 3027
329614367 3028
0 3032
0 3033
0 3034
0 3035
0 3036
0 3037
22275328 3038
0 3039
0 3040
0 3041
0 3042
0 3043
0 3044
54929617 3045
0 3046
0 3047
0 3048
0 3052
0 3053
0 3054
128306009 3055
0 3056
52533714 3057
105620936 3058
0 3059
0 3060
0 3061
0 3062
0 3063
0 3064
39830620 3065
0 3066
36772239 3067
48094814 3068
0 3073
0 3074
0 3075
0 3076
0 3077
0 3078
0 3079
0 3080
0 3081
0 3082
0 3083
45942440 3084
0 3085
0 3086
201968538 3087
11679991 3088
0 3089
0 3090
0 3091
0 3092
0 3093
0 3094
0 3095
47791961 3096
0 3097
0 3098
0 3099
10752895 3100
0 3103
16154323 3104
144071592 3105
758987985 3106
0 3107
163656704 3108
0 3109
186142417 3110
22438517 3111
414744697 3112
51169906 3113
1236272108 3114
0 3115
809167200 3116
283138202 3117
626865798 3118
0 3119
0 3120
0 3121
545854283 3122
0 3123
29131780 3124
11552239 3125
50876037 3126
0 3127
18787907 3128
0 3129
623212059 3130
0 3131
0 3132
0 3133
0 3134
0 3135
0 3136
0 3137
0 3138
0 3139
0 3140
0 3141
0 3142
0 3143
0 3144
145785057 3145
0 3146
0 3147
7977585 3148
0 3149
0 3150
16255565 3151
0 3152
0 3153
0 3154
0 3155
0 3156
26632070 3157
0 3158
0 3159
0 3160
849 3161
0 3162
146252009 3163
432614862 3164
0 3165
0 3166
0 3167
0 3168
3917097 3169
71487636 3170
0 3171
0 3172
0 3173
0 3174
0 3175
0 3176
0 3177
0 3178
0 3179
0 3180
0 3181
40757120 3182
0 3183
0 3184
50407765 3185
0 3186
0 3187
0 3188
30967433 3189
0 3190
43391938 3191
0 3192
34379440 3193
0 3194
0 3195
37973148 3196
0 3197
513272 3198
0 3199
117469171 3200
0 3201
0 3202
0 3203
0 3204
0 3205
0 3206
0 3207
0 3208
0 3209
47844951 3210
0 3211
6749601 3212
0 3213
0 3214
0 3215
0 3216
0 3217
1249057 3218
0 3219
18369286 3220
0 3221
675838263 3222
0 3223
80413200 3224
0 3225
69745069 3226
0 3227
138597411 3228
0 3229
55566657 3230
0 3231
169666297 3232
0 3233
21725576 3234
0 3235
42840735 3236
0 3237
18035581 3238
17188767 3239
164340797 3240
0 3241
0 3242
0 3243
287114966 3244
0 3245
0 3246
0 3247
0 3248
0 3249
0 3250
0 3251
85066518 3252
0 3253
0 3254
0 3255
55073590 3256
0 3257
1366187278 3258
0 3259
0 3260
0 3261
578260089 3262
0 3263
0 3264
0 3265
44186184 3266
0 3267
0 3268
10194072 3269
287894319 3270
0 3271
0 3272
0 3273
25138551 3274
0 3275
0 3276
0 3277
0 3278
0 3279
0 3280
0 3281
1887592 3282
0 3283
278651515 3284
0 3285
0 3286
0 3287
0 3288
0 3289
0 3290
0 3291
197570315 3292
0 3293
0 3294
0 3295
0 3296
0 3297
0 3298
0 3299
10574864 3300
0 3301
36744472 3302
0 3303
0 3304
0 3305
25342515 3306
25463043 3307
0 3308
0 3309
0 3310
0 3311
123129378 3312
0 3316
0 3317
0 3318
0 3319
0 3320
0 3321
0 3322
0 3323
0 3324
0 3325
0 3326
4240064 3327
64122656 3329
108626542 3330
959184073 3331
124695583 3332
82469829 3333
348918971 3334
0 3335
16606391 3336
120395678 3337
0 3338
2101892 3339
392043404 3340
0 3341
0 3342
0 3343
0 3344
0 3345
0 3346
0 3347
0 3348
0 3349
0 3350
0 3351
0 3352
56307904 3353
0 3354
729372 3355
16095750 3356
0 3357
5983938 3358
120372345 3359
0 3360
5404122 3361
241595003 3362
0 3363
0 3364
0 3365
38706288 3366
0 3367
0 3368
0 3369
18500173 3370
0 3371
0 3372
0 3373
31168390 3374
0 3375
513159261 3376
0 3377
6105830 3378
0 3379
221300262 3380
0 3381
0 3382
0 3383
123942432 3384
0 3385
0 3386
0 3387
0 3388
0 3389
0 3390
0 3391
0 3392
0 3393
596544 3394
0 3395
15041453 3396
0 3397
41293438 3398
0 3399
4771992 3400
0 3401
0 3402
0 3403
83885749 3404
0 3405
0 3406
0 3407
14043562 3408
0 3409
107624444 3410
0 3414
0 3415
0 3416
0 3417
0 3418
5200433 3419
0 3421
79899912 3422
1507698178 3423
0 3424
0 3425
96852881 3426
0 3427
0 3428
0 3429
0 3430
0 3431
0 3432
0 3433
0 3434
0 3435
0 3436
0 3437
2642237 3438
0 3439
123973580 3440
0 3441
0 3442
0 3443
0 3444
0 3445
43365127 3446
0 3447
0 3448
0 3449
0 3450
0 3451
34518683 3452
0 3453
0 3454
0 3455
0 3456
0 3457
0 3458
0 3459
0 3460
0 3461
48842115 3462
0 3463
0 3464
0 3465
0 3466
0 3467
18773901 3468
0 3469
0 3470
0 3471
0 3472
0 3473
0 3474
0 3475
0 3476
0 3477
0 3478
0 3479
10225280 3480
0 3481
0 3482
0 3483
2747966 3484
464547123 3494
894561919 3495
44106114 3496
0 3497
24307874 3498
113059709 3499
43426629 3500
9679299 3501
235457670 3502
26778897 3503
218561542 3504
3193680755 3516
0 3517
0 3518
0 3519
0 3520
336804294 3521
586295713 3522
0 3523
241898351 3524
0 3525
413450710 3526
15943134 3527
6280112225 3528
0 3529
0 3530
129136443 3531
0 3532
112233974 3533
0 3534
42213825 3535
0 3536
103317612 3537
0 3538
175396777 3539
165594778 3540
167692636 3541
0 3542
32137120 3543
0 3544
55173548 3545
0 3546
122274563 3547
0 3556
196136860 3557
0 3558
0 3559
0 3560
0 3561
84653398 3562
260335429 3563
0 3564
0 3565
0 3566
12101083 3567
0 3568
0 3569
0 3570
0 3571
0 3572
20877514 3573
0 3574
86559828 3575
0 3576
2711060 3577
0 3578
19823 3579
0 3580
15929230 3581
0 3582
0 3583
0 3584
29024109 3585
0 3586
126939809 3587
0 3590
158315634 3591
0 3592
55909907 3593
0 3594
90024754 3595
0 3596
0 3597
0 3598
153463797 3599
0 3600
143632517 3601
0 3602
114277856 3603
0 3606
0 3607
0 3608
0 3609
0 3610
371468381 3611
0 3612
0 3613
0 3614
142489933 3615
0 3616
0 3617
0 3618
0 3619
0 3620
0 3621
0 3622
73671543 3623
0 3624
0 3625
0 3626
0 3627
57888064 3628
0 3629
0 3630
0 3631
0 3632
0 3633
24142542 3634
0 3635
68432389 3636
0 3637
0 3638
0 3639
0 3640
0 3641
0 3642
0 3643
0 3644
0 3645
0 3646
0 3647
0 3648
0 3649
0 3650
0 3651
0 3652
0 3653
0 3654
0 3655
0 3656
0 3657
9901772 3658
0 3659
15943510 3660
0 3661
26670638 3662
0 3663
6069096 3664
0 3665
0 3666
0 3667
16439142 3668
0 3669
9821670 3670
3464093544 3681
584818097 3682
374548910 3683
1918378345 3684
1504763433 3685
1526255144 3686
1953838633 3687
82884754 3688
100750177 3689
693597144 3690
3230945389 3691
0 3705
199372085 3706
0 3707
3614569941 3708
8768076519 3709
1303231451 3710
5757461944 3711
0 3712
2399582647 3713
250436029 3714
5257760052 3715
0 3716
0 3717
823452506 3718
750011959 3719
13883508 3720
9100227170 3721
2122562245 3722
7942015183 3723
3802940518 3724
210638462 3725
132070357 3726
0 3727
300610061 3728
118246384 3729
3279654503 3730
261069631 3731
1034663606 3732
0 3733
559385813 3734
0 3735
0 3736
231320866 3737
13198989 3738
23890993 3739
134898633 3740
0 3741
60556694 3742
77764479 3743
302283494 3744
190658398 3745
1107145160 3746
648564972 3763
1107576417 3764
3462430980 3765
387320080 3766
2326623670 3767
2106803413 3768
0 3769
22198466 3770
1291282645 3771
0 3772
2343952949 3773
379597665 3774
0 3775
0 3776
249607533 3777
1507550901 3778
495364800 3779
552375737 3780
3568267603 3781
5147801552 3782
4188108926 3783
2158326935 3784
0 3785
638811066 3786
0 3787
59474894 3788
14365739 3789
321129335 3790
211133239 3791
529908964 3792
39217575 3793
422839454 3794
67984661 3795
45218383 3796
0 3797
1365386318 3798
19820039 3799
0 3800
56670296 3801
126316578 3802
163741150 3803
82354308 3804
21822386 3805
208148964 3806
0 3807
54965534 3808
0 3809
119550737 3810
0 3811
9558117 3812
171907164 3813
1154074692 3814
905459783 3824
5389307120 3825
485549388 3826
988719416 3827
0 3828
155143876 3829
280380829 3830
1001425685 3831
1883448122 3832
7973530228 3833
6602113347 3834
1907658507 3835
819950751 3836
1072262966 3837
0 3838
434230157 3839
0 3840
499427340 3841
178318105 3842
1287816091 3843
176089656 3844
2246516542 3845
0 3846
125683989 3847
5730658 3848
100846893 3849
1243227 3850
416704397 3851
0 3852
62866273 3853
35383553 3854
29183792 3855
102687748 3856
1538953976 3857
0 3863
0 3864
0 3865
0 3866
153028383 3867
635552651 3868
0 3869
0 3870
0 3871
45548677 3872
0 3873
0 3874
0 3875
182477111 3876
0 3877
58470283 3878
0 3879
55000888 3880
0 3881
121399501 3882
0 3883
0 3884
0 3885
104564291 3886
0 3893
222194771 3894
0 3895
0 3896
862689683 3897
1639779230 3898
811846903 3899
26447144 3900
0 3901
161782946 3902
0 3903
0 3904
0 3905
0 3906
0 3907
95421784 3908
0 3909
181347692 3910
0 3911
36080537 3912
0 3913
347406712 3914
0 3915
6472781 3916
75536829 3917
180440490 3918
0 3919
25792152 3920
0 3921
321712989 3922
299056797 3925
4260762121 3926
7208181523 3927
2205297045 3928
355839075 3929
595341096 3930
2487396 3931
408814432 3932
267862856 3933
152737454 3934
251592591 3935
1018489416 3936
71902411 3937
1405153432 3938
0 3939
182456070 3940
22311173 3941
252766574 3942
57153697 3943
2907599093 3944
476042534 3946
642717172 3947
48572205 3948
1668492967 3949
0 3950
932685217 3951
0 3952
1546247776 3953
0 3954
277802615 3955
0 3956
202342265 3957
117248424 3958
1338853036 3959
0 3960
72060902 3961
0 3962
66284205 3963
73947229 3964
156860005 3965
0 3966
15454090 3967
0 3968
252319937 3969
0 3970
0 3971
0 3972
0 3973
0 3974
16239808 3975
0 3976
219718499 3977
7761420 3978
0 3979
0 3980
0 3981
0 3982
0 3983
84598131 3984
0 3985
0 3986
0 3987
0 3988
0 3989
66703504 3990
0 3991
1733794333 3992
44406357 3993
443213051 3994
0 3995
167489695 3996
0 3997
0 3998
0 3999
17034726 4000
0 4001
0 4002
0 4003
0 4004
0 4005
88565876 4006
0 4007
68979998 4008
0 4009
228654459 4010
0 4011
40235591 4012
23440676 4013
285204875 4014
0 4015
27258959 4016
0 4017
10256592 4018
0 4019
12004226 4020
0 4021
6452793 4022
0 4023
30178062 4024
0 4025
0 4026
0 4027
208233809 4028
0 4029
180773665 4030
0 4031
51165511 4032
0 4033
0 4034
0 4035
18897466 4036
0 4037
226680737 4038
0 4039
0 4040
0 4041
0 4042
0 4043
21466882 4044
0 4045
0 4046
0 4047
8336914 4048
0 4049
51084527 4050
0 4051
224809994 4052
0 4054
0 4055
0 4056
0 4057
0 4058
0 4059
0 4060
0 4061
6128677 4062
0 4067
0 4068
765775 4069
44886180 4070
169838026 4071
0 4072
346991716 4073
0 4074
0 4075
0 4076
0 4077
0 4078
34952586 4079
0 4080
0 4081
0 4082
0 4083
0 4084
0 4085
0 4086
0 4087
0 4088
0 4089
0 4090
0 4091
0 4092
0 4093
186007505 4094
0 4095
0 4096
0 4097
0 4098
49296998 4099
13524781 4100
133438421 4107
37747188 4108
6534752 4109
0 4110
48586557 4111
7413586 4112
0 4113
0 4114
0 4115
0 4116
0 4117
100090847 4118
0 4119
268525782 4120
0 4121
0 4122
0 4123
0 4124
0 4125
121505652 4126
32365145 4127
59885291 4128
0 4129
0 4130
0 4131
37243113 4132
0 4133
32329586 4134
0 4135
0 4136
0 4137
67657179 4138
0 4139
28745198 4140
0 4142
0 4143
0 4144
0 4145
0 4146
0 4147
0 4148
0 4149
0 4150
0 4151
0 4152
0 4153
0 4154
0 4155
70140076 4156
0 4157
0 4158
0 4159
0 4165
0 4166
0 4167
0 4168
0 4169
0 4170
0 4171
4142157 4172
1237649175 4173
0 4174
0 4175
174445001 4176
598617107 4177
114620606 4178
0 4179
14894860 4180
363300260 4181
0 4182
243487479 4183
0 4184
137229440 4185
196142287 4186
0 4187
59889151 4188
64998600 4189
0 4190
0 4191
1946914779 4192
0 4193
26807603 4194
0 4195
0 4196
241098499 4197
15870503 4198
0 4199
1088211348 4200
0 4201
0 4202
0 4203
293368955 4204
0 4205
0 4206
0 4207
0 4208
0 4209
8935560 4210
0 4211
69928975 4212
0 4213
0 4214
0 4215
107214644 4216
0 4217
54522550 4218
0 4219
171373552 4220
694177907 4223
357123080 4224
683747199 4225
574563338 4226
5641 4227
246794788 4228
2851334738 4229
1243536421 4230
131162414 4231
26350412 4232
631248349 4233
794424049 4234
3346803 4235
111341539 4236
37996767 4237
505142965 4238
0 4239
161758322 4240
417393586 4241
1755134133 4242
0 4243
695342400 4244
0 4245
55910314 4246
0 4247
61457882 4248
0 4249
37188067 4250
0 4251
164364825 4252
0 4253
110866432 4254
0 4255
496850646 4256
0 4257
0 4258
0 4259
0 4260
0 4261
0 4262
188514651 4263
3440769 4264
488450639 4265
0 4266
0 4267
762274720 4268
2755472681 4269
0 4270
0 4271
309590281 4272
0 4273
0 4274
0 4275
0 4276
0 4277
0 4278
0 4279
0 4280
57523247 4281
0 4282
0 4283
55023115 4284
0 4285
262109000 4286
0 4287
0 4288
0 4289
73494578 4290
0 4291
353987350 4292
0 4293
1541910010 4294
0 4295
0 4296
0 4297
0 4298
0 4299
0 4300
0 4301
0 4302
0 4303
25273513 4304
0 4305
67178881 4306
0 4307
0 4308
77007776 4309
0 4310
0 4311
0 4312
0 4313
0 4314
0 4315
0 4316
0 4317
0 4318
0 4319
0 4320
0 4321
0 4322
0 4323
0 4324
3748425 4325
137216059 4326
958410979 4327
0 4328
0 4329
0 4330
0 4331
0 4332
0 4333
0 4334
0 4335
0 4336
0 4337
0 4338
0 4339
0 4340
0 4341
0 4342
0 4343
0 4344
0 4345
775448858 4346
0 4347
154769587 4348
0 4349
2855184537 4350
0 4351
592065013 4352
0 4353
0 4354
0 4355
37773076 4356
0 4357
0 4358
211511074 4359
105200392 4360
0 4361
0 4362
0 4363
51920634 4364
0 4365
0 4366
0 4367
0 4368
0 4369
264203486 4370
0 4371
212175563 4372
0 4373
0 4374
37313158 4375
0 4376
0 4377
135776404 4378
5379869 4379
292188270 4380
0 4381
0 4382
0 4383
0 4384
0 4385
62010884 4386
10371673 4387
472553390 4388
7043329 4389
101865078 4390
0 4391
0 4392
0 4393
0 4394
0 4395
0 4396
0 4397
41244115 4398
0 4399
0 4400
0 4401
0 4402
0 4403
0 4404
0 4405
0 4406
0 4407
0 4408
0 4409
0 4410
0 4411
0 4412
0 4413
39702899 4414
3279245781 4415
0 4416
80182699 4417
0 4418
837221167 4419
0 4420
335015256 4421
0 4422
0 4423
0 4424
0 4425
0 4426
0 4427
0 4428
0 4429
0 4430
0 4431
0 4432
0 4433
0 4434
0 4435
0 4436
0 4437
0 4438
0 4439
0 4440
0 4441
0 4442
0 4443
57413985 4444
0 4445
0 4446
0 4447
0 4448
0 4449
125098145 4450
0 4451
0 4452
0 4453
0 4454
0 4455
0 4456
0 4457
0 4458
0 4459
0 4460
0 4461
0 4462
0 4463
0 4464
0 4465
0 4466
0 4467
40924015 4468
0 4469
0 4470
0 4471
62585496 4472
0 4473
2692950861 4474
0 4475
655138808 4476
212857939 4477
80513756 4478
10538157 4479
193929760 4480
0 4481
0 4482
0 4483
0 4484
0 4485
95543548 4486
0 4487
19145883 4488
0 4489
0 4490
0 4491
18077394 4492
0 4493
176495687 4494
0 4495
272925622 4496
0 4497
518148837 4498
0 4499
94216644 4500
0 4501
0 4502
0 4503
28234414 4504
0 4505
28012790 4506
0 4507
21206173 4508
0 4509
0 4510
0 4511
11773905 4512
0 4513
21671055 4514
0 4515
243207397 4516
0 4517
0 4518
0 4519
0 4520
0 4521
0 4522
0 4523
0 4524
0 4525
0 4526
0 4527
11664607 4528
0 4529
5734315 4530
0 4531
0 4532
0 4533
8519848 4534
0 4535
0 4536
0 4537
0 4538
0 4539
0 4540
0 4541
27192967 4542
0 4543
0 4544
0 4545
0 4546
0 4547
0 4548
0 4549
14713532 4550
0 4551
0 4552
64350262 4553
0 4554
0 4555
0 4556
26365561 4557
0 4558
0 4559
0 4560
0 4561
42645352 4562
0 4563
59803230 4564
147120466 4569
754507664 4570
0 4571
0 4572
32908050 4573
0 4574
22412803 4575
191472533 4576
0 4577
0 4578
0 4579
108579225 4580
0 4586
0 4587
0 4588
0 4589
0 4590
0 4591
0 4592
0 4593
0 4594
0 4595
0 4596
0 4597
0 4598
20016101 4599
0 4600
0 4601
0 4602
0 4603
0 4604
0 4605
0 4606
0 4607
0 4608
0 4609
0 4610
20757797 4611
1119898 4618
7548086 4619
176413806 4620
0 4621
0 4622
27249628 4623
0 4624
0 4625
0 4626
1044661 4627
0 4628
0 4629
0 4630
270886057 4631
0 4632
43796311 4633
0 4634
26441698 4635
0 4636
0 4637
0 4638
17420284 4639
69985265 4640
0 4641
0 4642
41940704 4643
0 4644
0 4645
0 4646
0 4647
0 4648
0 4649
0 4650
40975024 4651
0 4652
0 4653
0 4654
51717088 4655
0 4656
0 4657
1065386 4658
174990982 4659
195869434 4662
1535079028 4663
403118927 4664
1473884126 4665
287224809 4666
810313726 4667
313117084 4668
100399925 4669
50000595 4670
183688360 4671
261755427 4672
342601537 4673
21924128 4674
2139904816 4675
0 4676
194080936 4677
50436959 4678
113340534 4679
0 4680
344992581 4681
10104960 4682
0 4683
0 4684
93096911 4685
9416562 4686
1043967114 4687
0 4688
29158043 4689
0 4690
14149251 4691
0 4692
0 4693
19959815 4694
66095915 4695
0 4696
112378919 4697
0 4698
0 4699
0 4700
0 4701
0 4702
0 4703
73458146 4704
160888265 4705
0 4706
0 4707
0 4708
0 4709
0 4710
157346960 4711
0 4712
0 4713
0 4714
0 4715
56070551 4716
0 4717
0 4718
7529648 4719
98338628 4720
0 4721
0 4722
0 4723
0 4724
11620189 4725
47137849 4726
0 4727
435954786 4728
0 4729
0 4730
92585672 4731
153294742 4732
0 4733
154497134 4734
0 4735
0 4736
0 4737
0 4738
0 4739
121500671 4740
0 4741
14060630 4742
0 4743
0 4744
0 4745
0 4746
0 4747
63800407 4748
0 4749
0 4750
0 4751
0 4752
0 4753
0 4754
0 4755
0 4756
33401426 4757
29977728 4758
0 4759
0 4760
0 4761
0 4762
0 4763
155046437 4764
0 4765
5044356 4766
0 4767
0 4768
0 4769
47886952 4770
0 4771
0 4772
0 4773
31983556 4774
0 4775
0 4776
0 4777
3817700 4778
0 4779
0 4780
0 4781
0 4782
0 4783
0 4784
0 4785
48988338 4786
0 4787
271280115 4788
53337893 4789
564526030 4790
0 4791
0 4792
66520119 4793
162708904 4794
0 4795
1373245 4796
0 4797
0 4798
0 4799
60128031 4800
0 4801
22295460 4802
0 4803
0 4804
0 4805
0 4806
0 4807
0 4808
4963385 4809
128542685 4810
42517073 4811
1576711977 4812
14178155 4813
314927577 4814
0 4815
0 4816
0 4817
10591888 4818
0 4819
33997206 4820
0 4821
141839036 4822
0 4823
0 4824
0 4825
51520031 4826
0 4827
54824682 4828
0 4829
717074664 4830
0 4831
0 4832
0 4833
0 4834
0 4835
0 4836
0 4837
0 4838
0 4839
8177488 4840
0 4841
45451487 4842
0 4843
373810 4844
0 4845
32145522 4846
0 4847
7928744 4848
0 4849
0 4850
0 4851
5154048 4852
0 4853
0 4854
14599960 4855
29337096 4856
0 4857
14124021 4858
0 4859
28933683 4860
0 4861
35482396 4862
25130939 4863
61860811 4864
0 4865
20405633 4866
0 4867
0 4868
0 4869
12488896 4870
0 4871
2166892 4872
0 4873
0 4874
0 4875
19690368 4876
0 4877
142352112 4878
0 4880
0 4881
0 4882
0 4883
0 4884
0 4885
0 4886
0 4887
0 4888
0 4889
0 4894
0 4895
122681576 4896
1394021 4897
13437599 4898
86746452 4899
0 4900
0 4901
0 4902
0 4903
0 4904
0 4905
101329304 4906
321247718 4907
122857969 4908
152617737 4909
0 4910
40420 4911
0 4912
0 4913
41383053 4914
0 4915
19246468 4916
47057609 4917
0 4922
0 4923
0 4924
0 4925
0 4926
0 4927
0 4928
0 4929
0 4930
0 4931
0 4932
0 4933
0 4934
0 4935
0 4936
0 4937
0 4938
0 4939
0 4940
0 4941
0 4942
0 4943
0 4944
0 4945
0 4946
0 4947
0 4948
0 4949
0 4950
0 4951
0 4952
14545338 4953
0 4956
0 4957
5810551 4958
0 4959
0 4960
158195295 4961
0 4962
289234106 4963
141839050 4964
0 4965
0 4966
0 4967
0 4968
0 4969
0 4970
29226556 4971
31670673 4972
94086888 4973
66988981 4974
172218486 4975
5898649 4976
8514011 4977
0 4978
106922797 4979
0 4980
0 4981
23894055 4982
49645302 4983
6780319 4984
0 4985
0 4986
325959274 4987
0 4988
0 4989
0 4990
0 4991
0 4992
0 4993
0 4994
0 4995
0 4996
0 4997
0 4998
0 4999
0 5000
0 5001
0 5002
0 5003
0 5004
0 5005
0 5006
0 5007
0 5008
0 5009
0 5010
0 5011
0 5012
0 5013
0 5014
0 5015
0 5016
0 5017
0 5018
0 5019
0 5020
0 5021
344477713 5022
0 5023
108659538 5024
0 5025
0 5026
0 5027
0 5028
0 5029
0 5030
0 5031
0 5032
0 5033
0 5034
0 5035
0 5036
0 5037
0 5038
0 5039
0 5040
0 5041
0 5042
0 5043
104401414 5044
0 5045
0 5046
0 5047
26025272 5048
0 5049
139263519 5050
0 5051
0 5052
0 5053
37246514 5054
0 5055
0 5056
0 5057
0 5058
0 5059
0 5060
0 5061
59087358 5062
0 5063
12120148 5064
0 5065
74728331 5066
0 5067
0 5068
0 5069
17664195 5070
0 5071
0 5072
0 5073
45656062 5074
0 5075
0 5076
0 5077
0 5078
0 5079
0 5080
0 5081
32009 5082
0 5083
0 5084
0 5085
0 5086
0 5087
0 5088
0 5089
29902210 5090
0 5091
42515918 5092
0 5093
0 5094
0 5095
26907906 5096
0 5097
0 5098
0 5099
24974173 5100
0 5101
0 5102
0 5103
1693211 5104
0 5105
0 5106
0 5107
0 5108
0 5109
48654589 5110
0 5111
0 5112
0 5113
0 5114
0 5115
0 5116
0 5117
0 5118
0 5119
0 5120
0 5121
0 5122
0 5123
0 5124
0 5125
0 5126
0 5127
0 5128
0 5129
0 5130
0 5131
0 5132
0 5133
1902352 5134
0 5135
0 5136
8380106 5137
0 5138
0 5139
0 5140
0 5141
0 5142
0 5143
0 5144
0 5145
0 5146
0 5147
0 5148
0 5149
0 5150
0 5151
0 5152
0 5153
0 5154
0 5155
0 5156
0 5157
0 5158
87413013 5159
0 5160
0 5161
0 5162
41279224 5163
0 5164
0 5165
0 5166
0 5167
0 5168
0 5169
0 5170
0 5171
0 5172
0 5173
0 5174
0 5175
16934144 5176
61365762 5177
0 5178
0 5179
0 5180
0 5181
0 5182
0 5183
0 5184
0 5185
0 5186
0 5187
0 5188
0 5189
0 5190
28901436 5191
0 5192
0 5193
0 5194
1723214 5195
0 5196
0 5197
0 5198
0 5199
0 5200
46897843 5201
0 5202
0 5203
0 5204
9537268 5205
0 5206
0 5207
0 5208
0 5209
0 5210
0 5211
0 5212
0 5213
0 5214
237316 5215
0 5216
0 5217
0 5218
9010657 5219
0 5220
2931556 5221
0 5222
3857868 5223
0 5224
27237160 5225
0 5229
0 5230
30238139 5231
0 5232
0 5233
0 5234
14979173 5235
0 5236
0 5237
0 5238
0 5239
0 5240
0 5241
0 5242
32240925 5243
0 5244
0 5245
0 5246
0 5247
0 5248
16561542 5249
21536134 5251
293383133 5252
1571194837 5253
1569042504 5254
981057280 5255
448806267 5256
52078122 5257
168559522 5258
260218267 5259
92510989 5260
173372948 5261
380028763 5262
24549027 5263
211704253 5264
969051841 5265
0 5266
52646148 5267
137953500 5268
0 5269
82525638 5270
1516359019 5271
0 5272
0 5273
0 5274
0 5275
0 5276
0 5277
0 5278
6987293 5279
0 5280
0 5281
0 5282
55050750 5283
0 5284
0 5285
0 5286
0 5287
0 5288
54159872 5289
83755806 5290
90543695 5291
82216957 5292
0 5293
3789505 5294
42328203 5295
0 5296
0 5297
118788294 5298
0 5299
70603697 5300
241087502 5301
0 5302
10845447 5303
13265678 5304
0 5305
26386453 5306
384338065 5307
90644182 5308
112222100 5309
46678 5310
472746110 5311
0 5312
0 5313
0 5314
83737594 5315
0 5316
0 5317
8682523 5318
299653858 5319
0 5320
91112291 5321
0 5322
11924435 5323
0 5324
10668979 5325
0 5326
0 5327
33388799 5328
186426220 5329
0 5330
0 5331
15676442 5332
587126 5333
0 5334
0 5335
0 5336
15671377 5337
0 5338
0 5339
0 5340
35374898 5341
11279639 5342
86508310 5343
0 5344
0 5345
0 5346
41946338 5347
0 5348
0 5349
0 5350
125567273 5351
0 5352
137686761 5353
0 5354
38170356 5355
0 5356
28078819 5357
0 5358
10742724 5359
0 5360
0 5361
0 5362
3721072 5363
0 5364
0 5365
0 5366
0 5367
0 5368
0 5369
0 5370
16852334 5371
0 5372
0 5373
0 5374
31129947 5375
0 5376
306765181 5377
0 5378
0 5379
21541186 5380
114038678 5381
0 5382
58494239 5383
0 5384
0 5385
0 5386
20801185 5387
0 5388
0 5389
0 5390
5803382 5391
0 5392
0 5393
14008990 5394
196012084 5395
0 5396
8509006 5397
0 5398
14443260 5399
0 5400
0 5401
0 5402
17639500 5403
0 5404
0 5405
0 5406
0 5407
0 5408
0 5409
9870493 5410
45071080 5411
0 5412
272430625 5413
0 5414
95102314 5415
0 5416
0 5417
0 5418
17510180 5419
0 5420
0 5421
12417454 5422
466988332 5423
0 5424
0 5425
0 5426
0 5427
0 5428
0 5429
0 5430
8396907 5431
0 5432
5513825 5433
0 5434
5625680 5435
0 5436
35172379 5437
0 5438
0 5439
0 5440
32728424 5441
4985064 5442
344149121 5443
0 5444
0 5445
0 5446
7479471 5447
0 5448
0 5449
0 5450
0 5451
0 5452
0 5453
0 5454
4394099 5455
0 5456
8731932 5457
0 5458
0 5459
0 5460
0 5461
0 5462
0 5463
0 5464
0 5465
0 5466
0 5467
0 5468
3364954 5469
0 5470
13106043 5471
0 5472
136383665 5473
0 5474
0 5475
0 5476
0 5477
0 5478
0 5479
0 5480
0 5481
0 5482
0 5483
0 5484
0 5485
0 5486
0 5487
0 5488
636348787 5489
0 5490
0 5491
341132727 5492
0 5493
0 5494
129135424 5495
0 5496
0 5497
11261161 5498
0 5499
0 5500
18983900 5501
0 5502
0 5503
60298257 5504
0 5505
0 5506
0 5507
18578302 5508
0 5509
0 5510
0 5511
0 5512
0 5513
0 5514
0 5515
0 5516
0 5517
0 5518
0 5519
0 5520
0 5521
0 5522
0 5523
3463788 5524
0 5525
176154327 5526
0 5527
0 5528
0 5529
0 5530
0 5531
4579022 5532
0 5533
54431976 5534
0 5535
0 5536
0 5537
40583054 5538
0 5539
0 5540
0 5541
69005652 5542
0 5543
0 5544
0 5545
0 5546
0 5547
0 5548
0 5549
0 5550
0 5551
0 5552
0 5553
18720079 5554
0 5555
0 5556
0 5557
0 5558
0 5559
0 5560
0 5561
7514022 5562
0 5563
3200042 5564
0 5565
0 5566
0 5567
0 5568
0 5569
0 5570
0 5571
0 5572
0 5573
0 5574
0 5575
15554637 5576
0 5577
0 5578
0 5579
0 5580
26946258 5581
0 5582
0 5583
0 5584
0 5585
0 5586
0 5587
0 5588
0 5589
5212902 5590
0 5591
0 5592
0 5593
8513966 5594
0 5595
23983085 5596
0 5597
0 5598
0 5599
0 5600
0 5601
0 5602
0 5603
0 5604
0 5605
0 5606
0 5607
0 5608
284901251 5609
0 5610
0 5611
64319527 5612
0 5613
0 5614
5973432 5615
0 5616
0 5617
95900396 5618
0 5619
0 5620
0 5621
0 5622
0 5623
0 5624
0 5625
0 5626
0 5627
0 5628
0 5629
15797513 5630
0 5631
0 5632
0 5633
0 5634
0 5635
0 5636
0 5637
0 5638
0 5639
3369315 5640
0 5641
0 5642
0 5643
9630908 5644
0 5645
0 5646
0 5647
5907649 5648
0 5649
88570468 5650
0 5651
0 5652
0 5653
0 5654
0 5655
3039934 5656
341863 5657
0 5658
0 5659
23931189 5660
0 5661
0 5662
0 5663
0 5664
0 5665
5004190 5666
0 5667
0 5668
2533512 5669
45267754 5670
0 5672
0 5673
0 5674
0 5679
0 5680
0 5681
0 5682
0 5683
0 5684
0 5685
0 5686
0 5687
0 5688
0 5689
0 5690
0 5693
0 5694
0 5695
0 5696
0 5697
59554266 5698
0 5699
0 5700
0 5701
6260882 5702
0 5703
16287029 5704
0 5705
0 5706
0 5707
0 5708
0 5709
0 5710
0 5711
0 5712
0 5713
0 5714
0 5715
0 5716
0 5717
0 5718
0 5719
0 5720
0 5721
0 5722
0 5723
0 5724
0 5725
0 5726
0 5727
0 5728
0 5729
0 5730
0 5731
0 5732
0 5733
0 5734
0 5735
0 5736
0 5737
0 5738
0 5739
0 5740
0 5741
0 5742
0 5743
0 5744
0 5745
0 5746
0 5747
0 5748
0 5749
0 5750
0 5751
0 5752
0 5753
0 5754
0 5755
0 5756
0 5757
0 5758
0 5759
0 5760
0 5761
0 5763
87532946 5764
95478464 5765
496601545 5766
0 5767
2986036 5768
26105476 5769
355161753 5770
0 5771
7980610 5772
0 5773
0 5774
0 5775
0 5776
4208735 5777
0 5778
0 5779
0 5780
0 5781
0 5782
0 5783
0 5784
4713512 5785
0 5786
4427946 5787
0 5788
0 5789
0 5790
0 5791
0 5792
0 5793
0 5794
0 5795
0 5796
20766292 5797
0 5798
0 5799
0 5800
37487355 5801
79677496 5802
14894996 5803
81918997 5804
0 5805
0 5806
0 5807
2311343 5808
6946145 5809
243073072 5810
0 5811
0 5812
0 5813
0 5814
0 5815
1371848 5816
0 5817
0 5818
0 5819
0 5820
0 5821
715041 5822
0 5823
72586519 5824
0 5825
0 5826
0 5827
0 5828
0 5829
0 5830
0 5831
4573970 5832
0 5833
0 5834
0 5835
0 5836
0 5837
0 5838
1657475 5839
0 5840
0 5841
5210142 5842
0 5843
0 5844
0 5845
0 5846
0 5847
8713914 5848
0 5849
12012051 5850
0 5851
0 5852
0 5853
0 5854
0 5855
0 5856
0 5857
0 5858
0 5859
0 5860
0 5861
0 5862
0 5863
6769348 5864
0 5865
0 5866
0 5867
601199 5868
32389435 5869
0 5870
0 5871
0 5872
0 5873
0 5874
0 5875
0 5876
0 5877
0 5878
0 5879
0 5880
11762804 5881
0 5882
39227923 5883
0 5884
0 5885
0 5886
0 5887
0 5888
0 5889
0 5890
0 5891
0 5892
1122855 5893
0 5894
0 5895
0 5896
0 5897
0 5898
0 5899
0 5900
0 5901
0 5902
37755233 5903
0 5904
0 5905
0 5906
0 5907
0 5908
0 5909
0 5910
0 5911
0 5912
0 5913
7662609 5914
4248942207 5923
1463921622 5924
1303744927 5925
1157793475 5926
2974805020 5927
3425342546 5936
4940334815 5938
6987561454 5940
5064659767 5942
6143521063 5944
2521138172 5945
1220559933 5946
3727725257 5947
0 5957
3399133880 5958
238535001 5959
440018714 5960
1996982291 5961
1988926375 5962
4100085749 5963
439071856 5964
8561331677 5965
2131321647 5966
2023796615 5967
208587024 5968
17743257078 5969
4532120748 5970
7530180537 5971
10561342789 5972
41803091 5973
4412863734 5974
1180074370 5975
407764263 5976
434038231 5977
1743868212 5978
0 5979
320130418 5980
182305758 5981
872467540 5982
165274184 5983
0 5984
295645409 5985
1759712674 5986
1349245441 5996
477551524 5997
1949201221 5998
481280950 5999
642154552 6000
2193982000 6001
0 6002
0 6003
1303359322 6004
449881500 6005
5798514852 6006
4885509781 6007
2672684863 6008
3043972485 6009
285363797 6010
1519921835 6011
28576433 6012
500487562 6013
106464804 6014
22113272 6015
12142273 6016
274618674 6017
58345599 6018
514806933 6019
0 6020
38881537 6021
44755847 6022
144611842 6023
269150627 6024
1204400818 6025
262429443 6031
1373454823 6032
703119637 6033
512747412 6034
1724884388 6035
6571744872 6036
1931939777 6037
2348697247 6038
504105910 6039
860222985 6040
16765747 6041
634082358 6042
75032475 6043
808668271 6044
165486412 6045
164605855 6046
77011133 6047
69757127 6048
20862739 6049
563304808 6050
102197348 6051
1662409011 6052
831215707 6055
7546514637 6056
4855359563 6057
3419622085 6058
1017806796 6059
1400960213 6060
251845130 6061
1429855436 6062
247084045 6063
1432353966 6064
55130316 6065
2896759710 6066
277743680 6069
3151159117 6070
14876716 6071
1173367981 6072
292079085 6073
502569938 6074
434554677 6075
1179362973 6076
0 6077
568550275 6078
97178983 6079
34873240 6080
82570561 6081
566651005 6082
0 6083
62934485 6084
23727219 6085
255911508 6086
0 6087
10833141 6088
0 6089
427424721 6090
0 6091
89207143 6092
0 6093
66269313 6094
0 6095
130997582 6096
0 6097
0 6098
0 6099
10156169 6100
0 6101
259464601 6102
0 6103
53347101 6104
0 6105
20480703 6106
3947807 6107
231245396 6108
0 6109
228743780 6110
1640732037 6115
1911784561 6116
1371484664 6117
3308813978 6119
2403336412 6120
1572921926 6121
2556954091 6126
10283926784 6127
893243309 6128
2968712520 6129
90848 6130
2115543294 6131
1171728119 6132
1088564171 6133
818664030 6134
3488812607 6135
84893604 6136
134660959 6137
407345688 6138
10175430121 6139
5748668881 6140
781257076 6141
1595131494 6142
0 6143
59353649 6144
875235612 6145
3182211585 6151
1240672267 6152
2598601575 6153
505949377 6154
1724866177 6155
339423065 6156
0 6157
272753011 6158
2527656850 6159
0 6160
401737156 6161
2866457028 6162
5395038 6163
0 6164
0 6165
403382411 6166
593796942 6167
0 6168
683867156 6169
2656621927 6170
1996314414 6171
97429334 6172
801536573 6173
574110298 6174
6258795021 6175
0 6176
930867720 6177
0 6178
800058689 6179
0 6180
254900112 6181
0 6182
248392751 6183
0 6184
684791700 6185
4013561209 6189
945745675 6190
2903178550 6191
9851821126 6192
966040357 6193
21042 6194
604720977 6195
1454961067 6196
2632846226 6197
130273051 6198
378672552 6199
654534369 6200
6787497327 6201
63473928 6202
659986667 6203
1262671999 6204
4112939980 6205
81926429 6206
913810750 6207
21467428 6208
432023063 6209
0 6210
750370233 6211
2487713136 6213
620839379 6214
325718195 6215
0 6219
69700255 6220
1964709805 6221
0 6222
59186318 6223
110363511 6224
0 6225
402815701 6226
479474994 6227
0 6229
242405831 6231
0 6234
0 6235
0 6238
675739791 6239
2121052439 6240
1764405145 6241
69380272 6242
1195562763 6243
1150225444 6244
527881422 6245
20234588 6246
1297783759 6247
8380480 6248
41324552 6249
288026376 6250
665309947 6251
568244868 6252
176160799 6253
1730219304 6254
0 6255
0 6256
0 6257
124662637 6258
109205063 6259
843318822 6260
104563718 6261
504687676 6262
1672193322 6263
2790453990 6264
0 6265
0 6266
0 6267
968276655 6268
0 6269
0 6270
0 6271
83731615 6272
3483244 6273
193615022 6274
0 6275
486698813 6276
0 6277
0 6278
0 6279
0 6280
0 6281
30251550 6282
0 6283
200065744 6284
1092834795 6286
0 6289
1365238258 6290
0 6293
3767265193 6294
4971612584 6295
1308955938 6296
58490360 6297
934070847 6298
0 6299
182751993 6300
0 6301
20889480 6302
68055340 6303
439732477 6304
106897798 6305
974486734 6306
186092833 6307
0 6308
120978450 6309
318282161 6310
1124695414 6311
0 6312
1423501784 6313
0 6314
1145646661 6315
42030836 6316
433427046 6317
0 6318
0 6319
0 6320
429256035 6321
0 6322
0 6323
0 6324
0 6325
10865208 6326
24141089 6327
0 6328
0 6329
0 6330
554281026 6331
0 6334
2913461213 6335
3666257674 6336
912735800 6337
483269270 6338
818054221 6339
85639825 6340
811891084 6341
38726362 6342
1868664176 6343
0 6344
528636416 6345
331713721 6346
1913449503 6347
0 6348
356844805 6349
0 6350
144737007 6351
0 6352
229613308 6353
0 6354
596551801 6355
64536262 6358
3614824363 6359
88958000 6360
2426427972 6361
0 6362
1336364254 6363
0 6364
1357183555 6365
0 6366
11285528 6367
0 6368
841766844 6369
0 6370
33793541 6371
0 6372
250874997 6373
0 6374
251155613 6375
0 6376
27383376 6377
0 6378
316971502 6379
0 6380
170805681 6381
0 6386
0 6387
0 6388
4249209 6389
330563364 6390
0 6391
0 6392
793329837 6393
0 6394
0 6395
0 6396
261926102 6397
402488272 6398
90667742 6399
0 6400
0 6401
2850174 6402
0 6403
0 6404
36519234 6405
143899467 6406
61540981 6412
1045396987 6413
835532209 6414
18381 6415
73374290 6416
191199990 6417
3072469476 6418
73317675 6419
0 6420
197680600 6421
1415619662 6422
194261536 6423
0 6424
94847271 6425
1430561061 6426
37799859 6427
22812329 6428
199246447 6429
2740970285 6430
1000213804 6431
158370865 6432
1110825225 6433
0 6434
0 6435
20512249 6436
443651 6437
0 6438
1363253 6439
273966891 6440
0 6441
30164447 6442
346450184 6443
0 6446
0 6447
0 6448
0 6449
0 6450
0 6451
0 6452
0 6453
0 6454
0 6455
0 6456
0 6457
0 6458
0 6459
181572288 6460
89687513 6461
66427413 6462
0 6463
0 6464
0 6465
0 6466
0 6467
0 6468
0 6469
0 6470
45189724 6471
0 6477
0 6478
76425599 6479
0 6480
0 6481
0 6482
0 6483
0 6484
0 6485
0 6486
0 6487
20883978 6488
0 6489
0 6490
0 6491
0 6492
21831384 6493
104603849 6494
0 6495
172134162 6496
0 6497
212538508 6498
0 6499
352819953 6500
0 6501
0 6502
2264561 6503
0 6504
0 6505
0 6506
0 6507
76232000 6508
0 6509
0 6510
0 6511
68455205 6512
0 6513
0 6514
0 6515
63840730 6516
0 6517
0 6518
7490108 6519
58169722 6520
0 6522
0 6523
0 6524
0 6525
662850346 6526
0 6527
0 6528
0 6529
0 6530
262087446 6531
0 6532
436146549 6533
0 6534
0 6535
774715134 6536
212137685 6537
354445502 6538
269712434 6539
0 6540
229686669 6541
0 6542
43835089 6543
114399982 6544
0 6545
43441170 6546
229876487 6547
3382831178 6550
1065877272 6551
0 6552
1130775338 6553
1436069374 6554
725895828 6555
179221108 6556
200206205 6557
969852384 6558
1251905700 6559
8726444 6560
778705028 6561
223636889 6562
215044824 6563
0 6564
39295942 6565
170411452 6566
2879350701 6567
70035440 6568
1502333346 6569
1374087681 6570
365475270 6571
730383920 6572
1612262594 6573
506175111 6574
263609861 6575
19083424 6576
594365163 6577
281068069 6578
203237756 6579
56968174 6580
434903294 6581
0 6582
238060162 6583
7163233 6584
765030130 6585
0 6586
787521 6587
0 6588
95791313 6589
119765 6590
237652209 6591
0 6592
1429034374 6593
0 6594
191720003 6595
0 6596
0 6597
0 6598
89654272 6599
0 6600
0 6601
0 6602
0 6603
15623125 6604
29665092 6605
0 6606
0 6607
700779107 6608
0 6609
90299593 6610
591414122 6611
0 6612
0 6613
19223830 6614
0 6615
0 6616
194903525 6617
0 6618
0 6619
0 6620
0 6621
0 6622
180017970 6623
0 6624
23612027 6625
85779710 6626
0 6627
489818739 6628
272615818 6629
346717252 6630
0 6631
0 6632
0 6633
0 6634
0 6635
0 6636
3963886 6637
0 6638
354024086 6639
138789369 6640
0 6641
0 6642
0 6643
0 6644
0 6645
0 6646
0 6647
0 6648
0 6649
59716862 6650
0 6651
0 6652
0 6653
0 6654
19748 6655
0 6656
0 6657
0 6658
0 6659
10498552 6660
126213248 6661
0 6662
941765774 6663
58277894 6664
0 6665
1707146730 6666
279191461 6667
0 6668
25654382 6669
1455432735 6670
1382046852 6671
0 6672
1050562608 6673
30190021 6674
0 6675
480359796 6676
306594235 6677
0 6678
0 6679
0 6680
0 6681
0 6682
203240103 6683
0 6684
0 6685
0 6686
23069 6687
0 6688
0 6689
97551122 6690
9812791 6691
0 6692
0 6693
0 6694
0 6695
41837321 6696
139184287 6697
1183213 6698
458015564 6699
409774166 6700
0 6701
6430703 6702
0 6703
111879202 6704
0 6705
65974290 6706
0 6707
901480875 6708
502836 6709
1198208494 6710
8118284 6711
36985848 6712
0 6713
136921650 6714
0 6715
0 6716
0 6717
459909796 6718
0 6719
0 6720
0 6721
82960331 6722
0 6723
12657094 6724
0 6725
238636820 6726
0 6727
0 6728
0 6729
0 6730
0 6731
0 6732
0 6733
62760426 6734
0 6735
0 6736
0 6737
17308669 6738
0 6739
0 6740
0 6741
193797027 6742
945670533 6743
0 6744
0 6745
1114032301 6746
298119324 6747
278917004 6748
0 6749
0 6750
349929442 6751
0 6752
0 6753
27087189 6754
0 6755
122501562 6756
0 6757
130887469 6758
0 6759
0 6760
0 6761
0 6762
0 6763
34843246 6764
0 6765
9808945 6766
0 6767
22416061 6768
0 6769
0 6770
0 6771
148898023 6772
0 6773
0 6774
175772390 6775
0 6776
193466204 6777
0 6778
0 6779
0 6780
0 6781
0 6782
0 6783
0 6784
30230 6785
0 6786
0 6787
0 6788
0 6789
0 6790
0 6791
0 6792
0 6793
0 6794
0 6795
0 6796
8422229 6797
0 6798
0 6799
0 6800
10072348 6801
211165145 6802
6081660747 6803
86252019 6804
2587618959 6805
61784096 6806
26391473 6807
387541728 6808
51302268 6809
0 6810
0 6811
126776673 6812
266771500 6813
0 6814
13096245 6815
37938453 6816
35423323 6817
0 6818
122480488 6819
63977034 6820
189748717 6821
0 6822
6186961 6823
0 6824
14857240 6825
0 6826
428103682 6827
21885344 6828
735088954 6829
4845454 6830
981636729 6831
190983173 6832
171664112 6833
60405333 6834
233487330 6835
0 6836
22859201 6837
33898747 6838
225582712 6839
70237909 6840
0 6841
0 6842
85550655 6843
0 6844
20913925 6845
0 6846
154849973 6847
0 6848
17771251 6849
0 6850
0 6851
0 6852
97768223 6853
11409622 6854
327927252 6855
21613159 6856
3659125412 6857
216553631 6858
346096544 6859
0 6860
72548720 6861
0 6862
49964519 6863
0 6864
0 6865
0 6866
80089589 6867
100066228 6868
163339344 6869
0 6870
4301819055 6871
0 6872
54161957 6873
0 6874
1865097894 6875
0 6876
134780500 6877
0 6878
444278879 6879
0 6880
0 6881
66233699 6882
687917086 6883
0 6884
59896121 6885
4538607 6886
101217230 6887
0 6888
0 6889
9287249 6890
249411545 6891
0 6892
397285979 6893
0 6894
0 6895
34664118 6896
40659854 6897
0 6898
0 6899
0 6900
0 6901
0 6902
0 6903
0 6904
62376780 6905
0 6906
1053116135 6907
0 6908
83938856 6909
0 6910
203016786 6911
0 6912
57951635 6913
0 6914
316158953 6915
0 6916
0 6917
0 6918
0 6919
19059458 6920
116075276 6921
0 6922
267350906 6923
0 6924
0 6925
4717969 6926
0 6927
0 6928
179963 6929
0 6930
0 6931
0 6932
0 6933
0 6934
0 6935
0 6936
0 6937
0 6938
0 6939
0 6940
0 6941
0 6942
8950160 6943
3590521 6944
2211505 6945
0 6946
55421323 6947
0 6948
57007824 6949
0 6950
5841692 6951
0 6952
64045498 6953
0 6954
0 6955
0 6956
0 6957
0 6958
0 6959
0 6960
1559187 6961
0 6962
426902 6963
0 6964
80096936 6965
60527295 6966
0 6967
68134092 6968
0 6969
0 6970
0 6971
21354573 6972
0 6973
0 6974
0 6975
0 6976
0 6977
0 6978
0 6979
40060581 6980
0 6981
198708443 6982
0 6983
45703640 6984
0 6985
0 6986
0 6987
17014383 6988
0 6989
29734059 6990
8826125 6991
187212263 6992
0 6993
0 6994
0 6995
11763534 6996
0 6997
3943280 6998
0 6999
14836383 7000
0 7001
0 7002
0 7003
0 7004
0 7005
30378762 7006
0 7007
6198212 7008
0 7009
80614811 7010
0 7011
213210122 7012
70473568 7016
719720740 7017
124976523 7018
0 7019
612119717 7020
226979644 7021
706609492 7022
0 7023
0 7024
0 7025
7473312 7026
33500957 7027
236335433 7028
0 7033
0 7034
0 7035
0 7036
0 7037
0 7038
49116941 7039
52920316 7040
0 7041
4485744 7042
189439706 7043
0 7044
11035561 7045
0 7046
0 7047
0 7048
0 7049
0 7050
0 7051
0 7052
0 7053
0 7054
0 7055
0 7056
0 7057
0 7058
0 7059
91829652 7060
8850669 7061
101709275 7062
248059675 7067
0 7068
77990626 7069
94651676 7070
0 7071
0 7072
32405389 7073
154741428 7074
13633361 7075
265784974 7076
327912246 7077
0 7078
63204813 7079
0 7080
0 7081
84960279 7082
0 7083
13416222 7084
0 7085
95033266 7086
8783876 7087
0 7088
81006049 7089
114506184 7090
0 7091
0 7092
0 7093
0 7094
18312137 7095
263706517 7096
0 7100
132892471 7101
0 7102
63537978 7103
879786883 7104
49327369 7105
194206539 7106
45229283 7107
32931746 7108
289964117 7109
58143458 7110
167286435 7111
0 7112
88746037 7113
56292962 7114
0 7115
0 7116
19273221 7117
81567895 7118
50850154 7119
0 7120
0 7121
7817171 7122
34102829 7123
0 7124
0 7125
19392851 7126
0 7127
0 7128
741853 7129
15158468 7130
71972280 7131
7159559 7132
112227707 7133
19221586 7134
318240109 7135
1346765445 7138
256696126 7139
457911219 7140
1088221194 7141
768692498 7142
409060364 7143
183793371 7144
659334071 7145
451151794 7146
1680478759 7147
354216382 7148
3268346546 7149
1978098012 7150
417863384 7151
418750463 7152
784839316 7153
152333553 7154
88598687 7155
190460123 7156
682769231 7157
92689494 7158
34133284 7159
82523593 7160
879485634 7161
23768291 7162
85481368 7163
5666487 7164
62294897 7165
14332535 7166
76138425 7167
4085983 7168
395957582 7169
0 7170
60326684 7171
5696539 7172
2345158251 7173
0 7174
216448 7175
0 7176
0 7177
0 7178
0 7179
0 7180
0 7181
0 7182
0 7183
30361773 7184
39897037 7185
0 7186
24752350 7187
4643095 7188
0 7189
39145964 7190
177441190 7191
0 7192
5140029 7193
76571024 7194
0 7195
0 7196
0 7197
0 7198
0 7199
523815 7200
0 7201
19351885 7202
52141266 7203
0 7204
0 7205
0 7206
0 7207
0 7208
0 7209
0 7210
0 7211
0 7212
0 7213
0 7214
0 7215
19592344 7216
422328 7217
0 7218
0 7219
0 7220
0 7221
27493089 7222
71050574 7223
0 7224
0 7225
49476630 7226
0 7227
0 7228
34465804 7229
0 7230
0 7231
0 7232
0 7233
0 7234
0 7235
0 7236
27346365 7237
0 7238
0 7239
0 7240
0 7241
2442487 7242
55418667 7243
0 7244
1617014807 7245
86476958 7246
1945093668 7247
0 7248
0 7249
59268887 7250
0 7251
182776625 7252
0 7253
59261140 7254
30687066 7255
0 7256
19668577 7257
4780592 7258
73327731 7259
0 7260
0 7261
0 7262
0 7263
0 7264
626355 7265
0 7266
17315623 7267
0 7268
60718089 7269
15964817 7270
315460211 7271
3608857 7272
2473938283 7273
502606750 7274
124068804 7275
73045371 7276
135988286 7277
5778606 7278
0 7279
45134056 7280
186327044 7281
0 7282
19182105 7283
0 7284
284537343 7285
0 7286
24482771 7287
0 7288
19642289 7289
0 7290
4326150 7291
0 7292
144446727 7293
0 7294
37616113 7295
10220434 7296
728670004 7297
1164206705 7298
0 7299
1066688161 7300
277703594 7301
0 7302
587862027 7303
53380636 7304
294696018 7305
80971867 7306
0 7307
0 7308
0 7309
122517038 7310
0 7311
0 7312
0 7313
5689519 7314
78171324 7315
0 7316
54344328 7317
194346730 7318
0 7319
2206284955 7320
0 7321
231678935 7322
0 7323
1412256443 7324
0 7325
4983474 7326
97981477 7327
149001667 7328
0 7329
0 7330
0 7331
87374705 7332
0 7333
5400185 7334
18297423 7335
9921581 7336
0 7337
0 7338
71481178 7339
211590400 7340
0 7341
5708453 7342
0 7343
0 7344
0 7345
24668884 7346
58776762 7347
99157481 7348
0 7349
0 7350
0 7351
0 7352
39859323 7353
0 7354
0 7355
0 7356
0 7357
0 7358
0 7359
0 7360
3698229 7361
0 7362
26761355 7363
124375838 7364
0 7365
213405178 7366
0 7367
0 7368
0 7369
0 7370
0 7371
204336775 7372
0 7373
0 7374
0 7375
9702895 7376
0 7377
12095401 7378
0 7379
37221554 7380
0 7381
0 7382
0 7383
8920259 7384
0 7385
9083419 7386
13958695 7387
128419613 7388
0 7389
0 7390
101947848 7391
0 7392
0 7393
0 7394
0 7395
0 7396
0 7397
0 7398
0 7399
0 7400
0 7401
0 7402
64521976 7403
0 7404
187716561 7405
0 7406
25070063 7407
0 7408
14314829 7409
0 7410
6582578 7411
0 7412
20125095 7413
0 7414
844189 7415
3005722 7416
191052217 7417
0 7418
0 7419
0 7420
0 7421
0 7422
0 7423
0 7424
16354164 7425
0 7426
0 7427
0 7428
17347456 7429
0 7430
0 7431
0 7432
0 7433
0 7434
3387560 7435
0 7436
0 7437
0 7438
5475327 7439
0 7440
14884711 7441
0 7442
2001539 7443
0 7444
0 7445
0 7446
0 7447
0 7448
0 7449
0 7450
12820828 7451
0 7452
21645436 7453
0 7454
8758018 7455
0 7456
559744 7457
0 7458
100757749 7459
0 7460
263618 7461
3912137 7462
49773427 7463
6441557 7464
237373052 7465
0 7468
194040542 7469
57763992 7470
0 7471
0 7472
0 7473
0 7474
0 7475
54403374 7476
0 7477
0 7478
31982419 7479
0 7480
9671781 7481
70736967 7482
199836774 7484
895566737 7485
4662383826 7486
3106891062 7487
1299836561 7488
479283333 7489
186189005 7490
609131134 7491
526738555 7492
1491527 7493
374503623 7494
1008420711 7495
0 7496
245581491 7497
2770628694 7498
40550208 7499
9088744 7500
0 7501
0 7502
0 7503
27833116 7504
0 7505
1096586 7506
19602195 7507
0 7508
11806842 7509
101546182 7510
157005857 7511
244524117 7512
98807903 7513
0 7514
141142357 7515
147876848 7516
0 7517
16211044 7518
234613591 7519
0 7520
47957733 7521
702766474 7522
2339103681 7523
185826 7524
2335985338 7525
0 7526
428675316 7527
63533425 7528
437265095 7529
0 7530
1400048 7531
171310807 7532
281031349 7533
0 7534
39770996 7535
73773933 7536
387230471 7537
33269083 7538
1504531076 7539
0 7540
138218964 7541
29257957 7542
733438343 7543
0 7544
0 7545
55030446 7546
151325993 7547
0 7548
5628923 7549
90888674 7550
375465740 7551
0 7552
113222833 7553
0 7554
85569716 7555
0 7556
10128346 7557
0 7558
16065504 7559
0 7560
0 7561
4088328 7562
136978432 7563
0 7564
0 7565
0 7566
7009244 7567
0 7568
0 7569
2122186 7570
205136614 7571
0 7572
238804604 7573
0 7574
30888696 7575
4437944 7576
6358710 7577
0 7578
189695883 7579
0 7580
0 7581
17660699 7582
5816158 7583
0 7584
0 7585
16070731 7586
292914561 7587
0 7588
6089492 7589
0 7590
18934883 7591
0 7592
9445923 7593
0 7594
24046718 7595
0 7596
6152733 7597
0 7598
41377640 7599
0 7600
92875710 7601
0 7602
23709476 7603
0 7604
2337506 7605
5316335 7606
379942255 7607
0 7608
0 7609
0 7610
13889416 7611
0 7612
505386037 7613
83244990 7615
8808360 7616
21959490 7617
0 7619
356464825 7620
3948429267 7621
64379413 7622
427228680 7623
1720110943 7624
215001583 7625
139259084 7626
1222493549 7627
0 7628
0 7629
78758218 7630
0 7631
0 7632
10309044 7633
0 7634
0 7635
49385079 7636
0 7637
0 7638
0 7639
25105670 7640
0 7641
28037526 7642
0 7643
846888975 7644
0 7645
136390112 7646
0 7647
59540438 7648
0 7649
577927735 7650
0 7651
0 7652
0 7653
101507514 7654
0 7655
46836532 7656
0 7657
441530912 7658
0 7659
0 7660
12928451 7661
0 7662
0 7663
0 7664
0 7665
0 7666
0 7667
0 7668
17766908 7669
0 7670
97816177 7671
0 7672
27452229 7673
0 7674
47884473 7675
0 7676
201778107 7677
0 7678
3575979 7679
186614 7680
64525084 7681
0 7682
164439805 7683
0 7684
0 7685
0 7686
0 7687
0 7688
0 7689
0 7690
0 7691
0 7692
0 7693
0 7694
0 7695
207705811 7696
0 7697
0 7698
33150043 7699
0 7700
23540711 7701
232209869 7702
0 7703
0 7704
0 7705
0 7706
11332166 7707
79411455 7708
0 7709
0 7710
0 7711
0 7712
0 7713
0 7714
0 7715
0 7716
0 7717
0 7718
0 7719
5135994 7720
0 7721
0 7722
7321869 7723
0 7724
0 7725
0 7726
0 7727
15121162 7728
0 7729
0 7730
25246946 7731
21357715 7732
0 7733
0 7734
0 7735
0 7736
0 7737
0 7738
0 7739
0 7740
0 7741
2377912 7742
0 7743
0 7744
0 7745
8934303 7746
0 7747
75519117 7748
0 7749
19432946 7750
0 7751
0 7752
0 7753
19391216 7754
0 7755
10137610 7756
0 7757
79646605 7758
0 7759
0 7760
0 7761
0 7762
0 7763
0 7764
0 7765
0 7766
0 7767
12075435 7768
0 7769
0 7770
0 7771
1348261 7772
0 7773
0 7774
4760159 7775
3643062 7776
0 7777
62876146 7778
0 7779
0 7780
0 7781
0 7782
0 7783
0 7784
0 7785
0 7786
12453569 7787
0 7788
0 7789
7393715 7790
0 7791
2954907 7792
13992960 7793
0 7794
0 7795
0 7796
0 7797
0 7798
0 7799
0 7800
0 7801
0 7802
16318294 7803
0 7804
0 7805
0 7806
9564777 7807
0 7808
106682970 7809
0 7810
0 7811
1964682 7812
54469481 7813
0 7817
0 7818
0 7819
0 7820
0 7821
0 7822
0 7823
0 7824
0 7825
0 7826
0 7827
0 7828
57956829 7829
0 7830
0 7831
0 7832
17843949 7833
349727125 7836
126706052 7837
835336067 7838
229352019 7839
292148818 7840
0 7841
52592048 7842
153896836 7843
176999393 7844
440516334 7845
1054235080 7846
0 7847
100559082 7848
530452940 7849
0 7850
10315255 7851
358137316 7852
150547263 7853
1315900270 7854
54033077 7855
327158046 7856
0 7857
235260560 7858
0 7859
84432655 7860
0 7861
0 7862
13833619 7863
121060901 7864
0 7865
77093631 7866
0 7867
42260743 7868
90136044 7869
0 7870
42738913 7871
843540959 7872
18229376 7873
1497656300 7874
0 7875
0 7876
0 7877
0 7878
0 7879
124173151 7880
48188436 7881
129695460 7882
0 7883
0 7884
0 7885
9808855 7886
0 7887
0 7888
43795997 7889
165233937 7890
0 7891
48170264 7892
244336135 7893
145863813 7894
0 7895
15969796 7896
116653972 7897
1957049835 7898
0 7899
0 7900
0 7901
65831803 7902
0 7903
0 7904
0 7905
193388299 7906
0 7907
0 7908
0 7909
0 7910
0 7911
0 7912
63552713 7913
110494264 7914
0 7915
0 7916
0 7917
0 7918
0 7919
0 7920
0 7921
129160852 7922
0 7923
0 7924
0 7925
3493386 7926
0 7927
0 7928
0 7929
0 7930
0 7931
0 7932
0 7933
0 7934
0 7935
0 7936
0 7937
9795577 7938
0 7939
35816763 7940
0 7941
9931161 7942
11173527 7943
281464913 7944
0 7945
0 7946
23271982 7947
182263529 7948
0 7949
0 7950
0 7951
0 7952
11297893 7953
359312 7954
0 7955
0 7956
7750158 7957
45863625 7958
686045392 7959
0 7960
1558793345 7961
0 7962
9027047 7963
0 7964
181263237 7965
0 7966
0 7967
17707067 7968
0 7969
0 7970
0 7971
0 7972
20258677 7973
0 7974
0 7975
0 7976
119836648 7977
38232357 7978
1564757061 7979
0 7980
28996244 7981
0 7982
485828383 7983
48267668 7984
150213338 7985
0 7986
0 7987
28037175 7988
172976444 7989
0 7990
0 7991
87231605 7992
293542099 7993
0 7994
0 7995
0 7996
66808984 7997
0 7998
0 7999
0 8000
0 8001
0 8002
0 8003
16223008 8004
0 8005
0 8006
0 8007
0 8008
13322293 8009
7879246 8010
208986322 8011
0 8012
108739291 8013
0 8014
33460740 8015
0 8016
15390029 8017
0 8018
243111832 8019
0 8020
0 8021
0 8022
46831 8023
0 8024
119851684 8025
0 8026
10040611 8027
0 8029
3403379 8030
0 8034
32229215 8035
130623738 8036
0 8037
35846894 8038
149883176 8039
0 8042
0 8043
204105642 8044
180492913 8045
1850350832 8046
246550186 8047
395406486 8048
0 8049
143532564 8050
242700 8051
822990741 8052
97570430 8053
0 8054
0 8055
0 8056
0 8057
0 8058
0 8059
0 8060
0 8061
0 8062
0 8063
0 8064
0 8065
0 8066
0 8067
0 8068
123441726 8069
0 8070
0 8071
0 8072
0 8073
0 8074
0 8075
0 8076
0 8077
0 8078
12886348 8079
0 8080
5893076 8081
0 8082
15520209 8083
13812921 8084
149010760 8085
0 8086
55807228 8087
0 8088
0 8089
63824557 8090
28102409 8091
0 8092
67466210 8093
0 8094
0 8095
0 8096
3181771 8097
0 8098
1753095 8099
0 8100
51924472 8101
0 8102
0 8103
0 8104
45872413 8105
0 8106
47173236 8107
0 8108
0 8109
0 8110
0 8111
0 8112
0 8113
0 8114
0 8115
0 8116
0 8117
0 8118
0 8119
0 8120
0 8121
21949919 8122
0 8123
0 8124
0 8125
0 8126
16967635 8127
91381238 8128
0 8129
0 8130
78356812 8131
0 8132
0 8133
0 8134
0 8135
0 8136
0 8137
0 8138
43005423 8139
58014004 8140
0 8141
0 8142
0 8143
0 8144
0 8145
2254349 8146
0 8147
809262895 8148
0 8149
464438952 8150
0 8151
0 8152
355468362 8153
157333743 8154
0 8155
0 8156
21725764 8157
210767652 8158
0 8159
0 8160
0 8161
0 8162
0 8163
0 8164
40883412 8165
0 8166
0 8167
0 8168
0 8169
0 8170
0 8171
61468190 8172
28394057 8173
95283734 8174
0 8175
1737162194 8176
0 8177
38379429 8178
0 8179
661972832 8180
431054198 8181
145740409 8182
69049068 8183
0 8184
1628984 8185
364179541 8186
0 8187
0 8188
0 8189
0 8190
0 8191
12121979 8192
0 8193
0 8194
0 8195
92587093 8196
0 8197
0 8198
0 8199
281411554 8200
56762399 8201
102160328 8202
0 8203
0 8204
0 8205
0 8206
0 8207
0 8208
0 8209
0 8210
0 8211
0 8212
0 8213
0 8214
0 8215
0 8216
0 8217
0 8218
0 8219
0 8220
0 8221
0 8222
0 8223
393454896 8224
1437613 8225
76799979 8226
0 8227
0 8228
0 8229
32645755 8230
0 8231
0 8232
0 8233
23910184 8234
0 8235
0 8236
0 8237
23384513 8238
0 8239
11402211 8240
0 8241
98484599 8242
0 8243
0 8244
0 8245
0 8246
7156521 8247
0 8248
0 8249
0 8250
0 8251
0 8252
0 8253
0 8254
0 8255
0 8256
0 8257
0 8258
0 8259
0 8260
0 8261
10883431 8262
0 8263
0 8264
0 8265
0 8266
0 8267
12769145 8268
0 8269
0 8270
0 8271
5528426 8272
0 8273
58896593 8274
187102002 8277
0 8278
0 8279
0 8280
122766076 8281
9031464 8282
74859933 8283
70928678 8284
143823669 8286
349635378 8287
6380182541 8288
2175605374 8289
648083031 8290
854264029 8291
36611896 8292
363040571 8293
974019411 8294
8274306 8295
132146993 8296
2155459747 8297
0 8298
0 8299
33493496 8300
0 8301
32331036 8302
0 8303
0 8304
0 8305
0 8306
0 8307
10839463 8308
0 8309
0 8310
0 8311
0 8312
0 8313
0 8314
6644506 8315
27199035 8316
36727483 8317
1024798109 8318
383999250 8319
607331318 8320
54747466 8321
288516000 8322
2660172 8323
92924149 8324
3561481 8325
170649154 8326
0 8327
247912413 8328
0 8329
2268027 8330
13441878 8331
696098580 8332
0 8333
62956477 8334
223934043 8335
0 8336
18526133 8337
138517815 8338
0 8339
2933300 8340
0 8341
47999140 8342
0 8343
0 8344
0 8345
0 8346
0 8347
18698889 8348
0 8349
88996050 8350
0 8351
118220424 8352
0 8353
553618 8354
0 8355
8702069 8356
0 8357
143827942 8358
0 8359
0 8360
0 8361
44153183 8362
0 8363
232646846 8364
0 8365
0 8366
0 8367
0 8368
0 8369
0 8370
0 8371
0 8372
0 8373
0 8374
0 8375
248542161 8376
3058561 8377
24063952 8378
87327725 8379
0 8380
0 8381
390208 8382
0 8383
0 8384
132274609 8385
0 8386
0 8387
0 8388
0 8389
0 8390
8392473 8391
0 8392
5576181 8393
8973436 8394
0 8395
0 8396
49486502 8397
0 8398
0 8399
0 8400
0 8401
0 8402
65228395 8403
0 8404
0 8405
3703918 8406
2908467 8407
0 8408
90927334 8409
0 8410
0 8411
0 8412
21991241 8413
0 8416
6161013 8417
0 8418
0 8419
0 8420
10204258 8421
0 8422
113279480 8423
1310687 8424
43356970 8425
0 8426
0 8427
0 8428
0 8429
0 8430
0 8431
0 8432
0 8433
0 8434
0 8435
0 8436
0 8437
0 8438
0 8439
0 8440
0 8441
0 8442
0 8443
0 8444
0 8445
0 8446
33062022 8447
0 8448
0 8449
0 8450
0 8451
0 8452
0 8453
0 8454
0 8455
0 8456
0 8457
0 8458
0 8459
0 8460
0 8461
0 8462
0 8463
0 8464
0 8465
0 8466
0 8467
0 8468
0 8469
0 8470
0 8471
0 8472
0 8473
0 8474
0 8475
0 8476
0 8477
0 8478
0 8479
0 8480
0 8481
0 8482
0 8483
0 8484
0 8485
0 8486
12071321 8487
0 8488
12016965 8489
0 8491
0 8492
0 8493
0 8494
0 8495
0 8496
11349003 8497
0 8498
0 8502
0 8503
41079634 8504
33182701 8505
0 8506
0 8507
0 8508
0 8509
0 8510
0 8511
18279569 8512
0 8513
0 8514
0 8515
31324682 8516
0 8517
0 8518
0 8519
0 8520
0 8521
0 8522
12212656 8523
0 8524
10598911 8525
77232889 8526
106419631 8529
132142543 8530
0 8531
276598247 8532
44363877 8533
404195464 8534
27401506 8535
153904362 8536
20084594 8537
208129687 8538
0 8539
160096728 8540
60178067 8541
140554316 8542
106395930 8543
272288685 8544
0 8545
0 8546
0 8547
13731515 8548
20549237 8549
18981940 8550
18372025 8551
303918806 8552
0 8553
22857920 8554
2229618 8555
61280549 8556
0 8557
590582918 8558
0 8559
0 8560
0 8561
0 8562
0 8563
0 8564
0 8565
0 8566
0 8567
5622563 8568
0 8569
0 8570
0 8571
2105134 8572
0 8573
0 8574
0 8575
49240199 8576
15391100 8577
26973584 8578
0 8579
0 8580
0 8581
0 8582
0 8583
0 8584
32135587 8585
0 8586
0 8587
0 8588
0 8589
0 8590
0 8591
0 8592
54716619 8593
15721991 8594
0 8595
5369942 8596
0 8597
0 8598
0 8599
0 8600
9665876 8601
0 8602
22658156 8603
0 8604
76259042 8605
0 8606
0 8607
0 8608
0 8609
0 8610
0 8611
0 8612
0 8613
0 8614
3694948 8615
0 8616
0 8617
0 8618
0 8619
0 8620
0 8621
36928449 8622
16036070 8623
126891629 8624
0 8625
50714145 8626
0 8627
11081842 8628
0 8629
0 8630
0 8631
44939399 8632
0 8633
0 8634
0 8635
0 8636
0 8637
0 8638
0 8639
0 8640
0 8641
8009340 8642
0 8643
0 8644
0 8645
0 8646
0 8647
85351635 8648
0 8649
29553311 8650
0 8651
0 8652
0 8653
35002113 8654
0 8655
0 8656
0 8657
17860872 8658
0 8659
0 8660
0 8661
86177583 8662
0 8663
27057116 8664
0 8665
0 8666
0 8667
0 8668
0 8669
0 8670
0 8671
75485195 8672
0 8673
0 8674
0 8675
0 8676
0 8677
0 8678
0 8679
0 8680
0 8681
20265679 8682
0 8683
0 8684
0 8685
60977192 8686
0 8687
9445938 8688
0 8689
0 8690
0 8691
0 8692
0 8693
21737809 8694
0 8695
0 8696
0 8697
0 8698
0 8699
0 8700
0 8701
20954673 8702
0 8703
0 8704
0 8705
0 8706
0 8707
34917023 8708
0 8709
0 8710
0 8711
0 8712
0 8713
123064960 8714
0 8715
0 8716
0 8717
0 8718
0 8719
87568245 8720
0 8721
131367661 8722
0 8723
0 8724
0 8725
61692878 8726
0 8727
0 8728
0 8729
73066479 8730
0 8731
0 8732
0 8733
0 8734
0 8735
0 8736
0 8737
0 8738
0 8739
0 8740
0 8741
3103801 8742
0 8743
201511305 8744
0 8745
0 8746
0 8747
0 8748
0 8749
0 8750
0 8751
200232591 8752
0 8753
0 8754
17515251 8755
0 8756
0 8757
16413287 8758
0 8759
0 8760
0 8761
0 8762
0 8763
0 8764
0 8765
0 8766
0 8767
0 8768
0 8769
0 8770
0 8771
0 8772
49869133 8773
0 8774
0 8775
16296878 8776
0 8777
0 8778
0 8779
0 8780
0 8781
0 8782
0 8783
0 8784
0 8785
0 8786
0 8787
0 8788
0 8789
4572074 8790
0 8791
0 8792
3000517 8793
11842172 8794
0 8795
0 8796
0 8797
0 8798
0 8799
0 8800
0 8801
0 8802
0 8803
0 8804
0 8805
0 8806
0 8807
0 8808
0 8809
34831805 8810
0 8811
28845344 8812
0 8813
4938393 8814
0 8815
0 8816
0 8817
9404709 8818
0 8819
0 8820
0 8821
15389692 8822
0 8823
0 8824
0 8825
0 8826
0 8827
268977 8828
0 8829
0 8830
0 8831
0 8832
0 8833
16543835 8834
0 8835
20950622 8836
0 8839
0 8840
0 8841
478512870 8842
72397683 8843
0 8844
0 8845
0 8846
0 8847
98096627 8848
53171043 8849
14116974 8850
0 8851
0 8852
0 8853
0 8854
0 8855
0 8856
0 8857
59006222 8858
20569259 8859
0 8860
3668065 8861
60382139 8862
33470370 8864
275139858 8865
224997578 8866
2132313302 8867
596399761 8868
319927372 8869
67779369 8870
80526102 8871
171451149 8872
361912794 8873
871805147 8874
1061621924 8875
69825970 8876
411611014 8877
1728050695 8878
0 8879
132201216 8880
46524350 8881
0 8882
58287052 8883
385020790 8884
18889908 8885
100819478 8886
1866527289 8887
0 8888
0 8889
91263722 8890
40881557 8891
0 8892
0 8893
0 8894
0 8895
0 8896
0 8897
0 8898
10316589 8899
0 8900
0 8901
0 8902
16307593 8903
0 8904
268892716 8905
0 8906
0 8907
0 8908
0 8909
0 8910
0 8911
0 8912
31078262 8913
0 8914
0 8915
4707670 8916
146658250 8917
232450343 8918
346039113 8919
7377823 8920
234725412 8921
0 8922
0 8923
0 8924
0 8925
0 8926
0 8927
48782471 8928
0 8929
140744734 8930
0 8931
39511052 8932
0 8933
14655261 8934
0 8935
53755984 8936
11044892 8937
0 8938
0 8939
0 8940
0 8941
0 8942
0 8943
0 8944
0 8945
69097862 8946
69157974 8947
0 8948
0 8949
279459014 8950
207885530 8951
0 8952
62271679 8953
0 8954
0 8955
0 8956
0 8957
0 8958
0 8959
0 8960
0 8961
0 8962
43194718 8963
0 8964
0 8965
29783974 8966
1352466 8967
0 8968
0 8969
0 8970
48743871 8971
0 8972
0 8973
0 8974
92059753 8975
0 8976
0 8977
7216674 8978
30271923 8979
0 8980
5909917 8981
32163765 8982
121243546 8983
0 8984
0 8985
64341827 8986
41417770 8987
0 8988
0 8989
0 8990
18892212 8991
0 8992
0 8993
0 8994
0 8995
0 8996
0 8997
0 8998
3406072 8999
0 9000
0 9001
0 9002
0 9003
0 9004
10451039 9005
0 9006
0 9007
0 9008
0 9009
0 9010
0 9011
0 9012
0 9013
13351226 9014
28523110 9015
0 9016
86226285 9017
36116456 9018
31650999 9019
0 9020
530856 9021
0 9022
0 9023
0 9024
0 9025
0 9026
54820045 9027
0 9028
0 9029
0 9030
21658709 9031
0 9032
0 9033
0 9034
37172343 9035
0 9036
0 9037
0 9038
0 9039
0 9040
0 9041
12278908 9042
121381790 9043
457991435 9044
0 9045
266007183 9046
0 9047
80879070 9048
101057478 9049
255698714 9050
0 9051
0 9052
1329424 9053
7903695 9054
0 9055
0 9056
27306653 9057
14659045 9058
0 9059
0 9060
0 9061
0 9062
0 9063
0 9064
0 9065
0 9066
65363502 9067
29829603 9068
0 9069
16895168 9070
0 9071
0 9072
20137700 9073
129548151 9074
0 9075
633696880 9076
0 9077
41108402 9078
0 9079
466090338 9080
0 9081
37517628 9082
0 9083
0 9084
50217550 9085
80310289 9086
0 9087
3936537 9088
0 9089
15070550 9090
0 9091
0 9092
0 9093
42733548 9094
0 9095
12620915 9096
35101524 9097
97040905 9098
0 9099
23456497 9100
18185108 9101
312809766 9102
0 9103
16817930 9104
40056257 9105
104226411 9106
0 9107
28386947 9108
1769020 9109
0 9110
0 9111
23632076 9112
0 9113
14793803 9114
0 9115
0 9116
0 9117
966612 9118
0 9119
0 9120
0 9121
304830 9122
0 9123
0 9124
0 9125
80081278 9126
11201950 9127
640442254 9128
0 9129
167558689 9130
0 9131
198158 9132
0 9133
10270942 9134
0 9135
7663361 9136
13275967 9137
44445088 9138
0 9139
0 9140
0 9141
56261675 9142
11181814 9143
13387233 9144
8709690 9145
695083206 9146
0 9147
0 9148
0 9149
0 9150
0 9151
0 9152
0 9153
0 9154
0 9155
0 9156
9419702 9157
0 9158
0 9159
0 9160
0 9161
0 9162
7971543 9163
0 9164
0 9165
0 9166
62963184 9167
0 9168
0 9169
0 9170
4479690 9171
0 9172
0 9173
0 9174
4318511 9175
0 9176
3322821 9177
0 9178
15636080 9179
0 9180
39868426 9181
0 9182
1997173 9183
0 9184
5138515 9185
5996326 9186
173527422 9187
0 9188
5304477 9189
0 9190
36257533 9191
0 9192
346083353 9193
0 9194
0 9195
0 9196
0 9197
0 9198
0 9199
0 9200
0 9201
0 9202
0 9203
0 9204
0 9205
0 9206
0 9207
0 9208
0 9209
8278307 9210
0 9211
139727 9212
0 9213
0 9214
0 9215
0 9216
0 9217
11222191 9218
0 9219
27641411 9220
0 9221
60754748 9222
0 9223
0 9224
0 9225
0 9226
216145512 9227
0 9228
0 9229
0 9230
0 9231
0 9232
0 9233
0 9234
0 9235
0 9236
56907585 9237
0 9238
0 9239
0 9240
0 9241
3602790 9242
0 9243
0 9244
0 9245
0 9246
0 9247
0 9248
5651368 9249
0 9250
0 9251
0 9252
8810783 9253
0 9254
0 9255
0 9256
26889141 9257
0 9258
0 9259
0 9260
29183335 9261
0 9262
0 9263
0 9264
0 9265
0 9266
8523224 9267
0 9268
11636429 9269
0 9270
19093581 9271
0 9272
0 9273
0 9274
0 9275
42371653 9276
6790528 9277
0 9278
36528343 9279
0 9280
12142053 9281
0 9282
0 9283
121546257 9284
0 9285
11926515 9286
0 9287
2172076 9288
0 9289
24187533 9290
0 9291
26967028 9292
0 9293
45200641 9294
0 9295
90546175 9296
0 9297
0 9298
0 9299
19894208 9300
0 9301
0 9302
0 9303
0 9304
0 9305
4546556 9306
0 9307
0 9308
0 9309
0 9310
0 9311
0 9312
0 9313
0 9314
0 9315
0 9316
0 9317
0 9318
0 9319
0 9320
0 9321
0 9322
0 9323
431974 9324
0 9325
0 9326
0 9327
0 9328
0 9329
0 9330
0 9331
6313092 9332
0 9333
0 9334
9070755 9335
0 9336
0 9337
0 9338
0 9339
8603765 9340
0 9341
0 9342
0 9343
0 9344
0 9345
0 9346
0 9347
0 9348
0 9349
0 9350
0 9351
51482506 9352
0 9353
0 9354
0 9355
0 9356
0 9357
0 9358
0 9359
0 9360
0 9361
0 9362
0 9363
0 9364
0 9365
22000736 9366
346323442 9367
0 9368
91727569 9369
0 9370
0 9371
40659757 9372
0 9373
0 9374
0 9375
33478261 9376
0 9377
0 9378
0 9379
0 9380
9111914 9381
3575277764 9382
0 9383
162255089 9384
1197151105 9385
49996938 9386
139697848 9387
105614847 9388
67929754 9389
37222878 9390
99524145 9391
0 9392
0 9393
60008193 9394
0 9395
0 9396
0 9397
0 9398
26209846 9399
158335040 9400
3148472 9401
12776011 9402
624390861 9403
0 9404
0 9405
7602486 9406
0 9407
0 9408
0 9409
9124390 9410
0 9411
10709514 9412
0 9413
4350234 9414
0 9415
0 9416
0 9417
0 9418
0 9419
0 9420
0 9421
0 9422
0 9423
0 9424
0 9425
0 9426
0 9427
0 9428
0 9429
22667625 9430
57497391 9431
857840986 9432
45090057 9433
64190473 9434
0 9435
56359696 9436
0 9437
91339728 9438
0 9439
102901183 9440
0 9441
0 9442
0 9443
18627152 9444
0 9445
11679153 9446
0 9447
83122781 9448
0 9449
0 9450
0 9451
46950831 9452
0 9453
38657934 9454
9960661 9455
378418988 9456
0 9457
0 9458
0 9459
0 9460
0 9461
0 9462
0 9463
0 9464
12389345 9465
39979751 9466
0 9467
0 9468
0 9469
0 9470
0 9471
0 9472
17178457 9473
0 9474
0 9475
98263 9476
0 9477
54114564 9478
0 9479
23009840 9480
0 9481
0 9482
0 9483
0 9484
0 9485
10170597 9486
0 9487
0 9488
0 9489
0 9490
0 9491
14627994 9492
0 9493
0 9494
0 9495
65197882 9496
0 9497
87461202 9498
0 9499
0 9500
0 9501
0 9502
0 9503
0 9504
0 9505
0 9506
0 9507
0 9508
0 9509
32054810 9510
0 9511
9946934 9512
0 9513
63229214 9514
0 9515
0 9516
0 9517
0 9518
0 9519
0 9520
0 9521
0 9522
0 9523
0 9524
0 9525
0 9526
0 9527
0 9528
0 9529
0 9530
0 9531
0 9532
0 9533
0 9534
0 9535
0 9536
10871579 9537
0 9538
0 9539
0 9540
7886813 9541
0 9542
0 9543
0 9544
0 9545
0 9546
0 9547
0 9548
0 9549
0 9550
6693035 9551
0 9552
3879130 9553
0 9554
0 9555
0 9556
0 9557
0 9558
0 9559
0 9560
0 9561
0 9562
13863763 9563
0 9564
0 9565
0 9566
0 9567
0 9568
0 9569
0 9570
0 9571
36310214 9572
0 9573
0 9574
0 9575
105916848 9576
0 9577
2001238 9578
0 9579
16493417 9580
0 9581
101674925 9582
0 9583
71750203 9584
0 9585
0 9586
0 9587
0 9588
0 9589
0 9590
0 9591
0 9592
0 9593
0 9594
0 9595
0 9596
0 9597
0 9598
3418837 9599
851404593 9600
7506569 9601
38779806 9602
106933310 9603
0 9604
0 9605
17784708 9606
2349531 9607
0 9608
24423775 9609
0 9610
0 9611
15951416 9612
0 9613
5004176 9614
406293175 9615
0 9616
0 9617
0 9618
0 9619
0 9620
6602634 9621
0 9622
0 9623
0 9624
0 9625
0 9626
0 9627
0 9628
0 9629
0 9630
0 9631
5586424 9632
0 9633
0 9634
124745072 9635
0 9636
0 9637
0 9638
0 9639
0 9640
0 9641
0 9642
0 9643
0 9644
0 9645
0 9646
0 9647
0 9648
0 9649
4029473 9650
0 9651
4490862 9652
0 9653
0 9654
0 9655
18042350 9656
0 9657
0 9658
0 9659
1950736 9660
0 9661
0 9662
0 9663
16173563 9664
0 9665
0 9666
0 9667
751185 9668
0 9669
0 9670
0 9671
0 9672
0 9673
0 9674
0 9675
0 9676
0 9677
0 9678
0 9679
0 9680
0 9681
4048519 9682
0 9683
1461241 9684
0 9685
19936000 9686
0 9687
0 9688
0 9689
684766 9690
0 9691
0 9692
0 9693
0 9694
0 9695
3886524 9696
0 9697
12120465 9698
0 9699
42646549 9700
0 9701
0 9702
0 9703
7894432 9704
0 9705
235116269 9706
0 9707
0 9708
0 9709
0 9710
0 9711
0 9712
0 9713
0 9714
0 9715
0 9716
10546634 9717
0 9718
0 9719
0 9720
0 9721
0 9722
0 9723
0 9724
0 9725
0 9726
0 9727
0 9728
0 9729
12122061 9730
0 9731
0 9732
0 9733
0 9734
0 9735
9297744 9736
0 9737
0 9738
0 9739
6246972 9740
0 9741
23260856 9742
0 9743
0 9744
0 9745
0 9746
0 9747
0 9748
0 9749
0 9750
20155240 9751
0 9752
0 9753
0 9754
0 9755
1435718 9756
14289962 9757
0 9758
0 9759
0 9760
0 9761
0 9762
1601577 9763
0 9764
0 9765
0 9766
7310360 9767
0 9768
75204002 9769
0 9770
0 9771
2219279 9772
63080916 9773
20984145 9775
32521171 9776
50062238 9777
44984656 9778
0 9779
0 9780
32882146 9781
0 9782
20877655 9783
34354662 9784
3523297 9787
22819762 9788
56303084 9789
144404628 9790
12086392 9791
249348970 9792
410311850 9793
96869208 9794
19554273 9795
82211885 9796
53133815 9797
69538170 9798
26233214 9799
0 9800
53169126 9801
119786445 9802
11877833 9803
87754681 9804
15892800 9805
7244921 9806
0 9807
62951847 9808
19826169 9809
504036272 9810
5840734 9811
0 9812
0 9813
0 9814
0 9815
0 9816
0 9817
0 9818
0 9819
4052061 9820
0 9821
21862714 9822
47301 9823
0 9824
0 9825
0 9826
20825330 9827
0 9828
0 9829
0 9830
0 9831
4348466 9832
0 9833
0 9834
0 9835
0 9836
0 9837
0 9838
0 9839
0 9840
0 9841
0 9842
0 9843
0 9844
0 9845
0 9846
129443 9847
45786677 9848
0 9849
6009187 9850
0 9851
0 9852
0 9853
0 9854
0 9855
0 9856
0 9857
0 9858
0 9859
9631638 9860
0 9861
157270 9862
0 9863
0 9864
0 9865
6303127 9866
0 9867
54743306 9868
117938761 9869
0 9870
0 9871
0 9872
0 9873
0 9874
11447743 9875
0 9876
12031965 9877
32892203 9878
0 9879
1242343 9880
0 9881
0 9882
0 9883
0 9884
0 9885
86749945 9886
0 9887
0 9888
5196780 9889
0 9890
0 9891
29208579 9892
0 9893
0 9894
11852964 9895
55733658 9896
0 9897
0 9898
0 9899
0 9900
0 9901
13252335 9902
0 9903
12305203 9904
0 9905
0 9906
0 9907
0 9908
0 9909
13235604 9910
0 9911
6915722 9912
0 9913
0 9914
0 9915
0 9916
0 9917
0 9918
14892910 9919
0 9920
9704892 9921
0 9922
0 9923
8333697 9924
22134367 9925
0 9926
0 9927
0 9928
0 9929
0 9930
0 9931
0 9932
0 9933
8990194 9934
0 9935
0 9936
0 9937
53490855 9938
0 9939
0 9940
0 9941
0 9942
0 9943
0 9944
0 9945
0 9946
0 9947
10802353 9948
0 9949
0 9950
7612349 9951
0 9952
17072353 9953
0 9954
0 9955
4792467 9956
11895051 9957
0 9958
34305198 9959
407459719 9961
817930061 9962
934356207 9963
2088917225 9964
3261905376 9965
749797837 9966
742963848 9967
317631687 9968
85324839 9969
252553717 9970
495259927 9971
1104121168 9972
0 9973
72462957 9974
559227159 9975
3713246023 9976
19100515 9977
47908873 9978
258293602 9979
0 9980
0 9981
0 9982
9409268 9983
0 9984
2203238 9985
0 9986
0 9987
1895707 9988
24759224 9989
0 9990
0 9991
0 9992
0 9993
0 9994
0 9995
34697129 9996
135760221 9997
0 9998
267548840 9999
0 10000
0 10001
0 10002
0 10003
0 10004
0 10005
0 10006
0 10007
0 10008
0 10009
0 10010
9614070 10011
0 10012
0 10013
49031259 10014
57896856 10015
0 10016
9742472 10017
0 10018
17397959 10019
0 10020
15551281 10021
41027423 10022
288999691 10023
507329815 10024
93228554 10025
63779825 10026
51128219 10027
15253078 10028
11485627 10029
112524095 10030
0 10031
32896151 10032
21603705 10033
40300220 10034
18971793 10035
199806082 10036
0 10037
6389028 10038
6597759 10039
66112487 10040
29443854 10041
990335260 10042
1260647644 10043
597598484 10044
0 10045
104450299 10046
111607968 10047
58032436 10048
112158918 10049
9738687 10050
208793133 10051
0 10052
0 10053
0 10054
78496137 10055
400945986 10056
260758799 10057
520890097 10058
0 10059
36260338 10060
36898676 10061
215764121 10062
0 10063
12345219 10064
0 10065
72020865 10066
0 10067
16977716 10068
62722208 10069
156398848 10070
0 10071
4746026 10072
21039405 10073
27316061 10074
0 10075
0 10076
62490648 10077
256337298 10078
775470 10079
236942424 10080
0 10081
22020766 10082
53137102 10083
50700947 10084
1236200 10085
129839078 10086
0 10087
1395702 10088
0 10089
6596450 10090
12984781 10091
201361303 10092
35740738 10093
0 10094
27095731 10095
0 10096
31760000 10097
0 10098
10977007 10099
0 10100
0 10101
0 10102
1338035 10103
0 10104
0 10105
0 10106
14934888 10107
12833396 10108
84993363 10109
0 10110
11565637 10111
0 10112
14167588 10113
0 10114
79836421 10115
0 10116
0 10117
0 10118
0 10119
0 10120
12384212 10121
0 10122
0 10123
0 10124
30005877 10125
0 10126
0 10127
41839558 10128
212121634 10129
0 10130
187275702 10131
0 10132
26541431 10133
0 10134
5978974 10135
0 10136
38446342 10137
19313236 10138
650693695 10139
0 10140
0 10141
0 10142
1882906 10143
7733304 10144
17132187 10145
0 10146
22458525 10147
0 10148
283728 10149
7806854 10150
168455288 10151
13145091 10152
924027861 10153
87309344 10154
0 10155
0 10156
0 10157
46932140 10158
0 10159
0 10160
0 10161
16168991 10162
22420380 10163
0 10164
0 10165
0 10166
0 10167
0 10168
17917807 10169
0 10170
0 10171
0 10172
0 10173
0 10174
0 10175
0 10176
0 10177
0 10178
0 10179
0 10180
0 10181
0 10182
0 10183
16195347 10184
0 10185
0 10186
0 10187
0 10188
0 10189
0 10190
0 10191
0 10192
0 10193
0 10194
0 10195
0 10196
0 10197
3794600 10198
0 10199
0 10200
0 10201
0 10202
0 10203
0 10204
0 10205
0 10206
0 10207
0 10208
0 10209
0 10210
0 10211
0 10212
0 10213
0 10214
0 10215
0 10216
19541414 10217
0 10218
0 10219
0 10220
0 10221
0 10222
8326296 10223
0 10224
0 10225
0 10226
0 10227
0 10228
0 10229
0 10230
4335267 10231
0 10232
0 10233
0 10234
0 10235
0 10236
0 10237
0 10238
0 10239
0 10240
7793836 10241
0 10242
0 10243
0 10244
0 10245
2621150 10246
0 10247
0 10248
0 10249
0 10250
0 10251
27780354 10252
0 10253
29228192 10254
21701201 10255
56483519 10256
6672909 10257
0 10258
12622123 10259
0 10260
49018590 10261
0 10262
0 10263
7176084 10264
40739994 10265
76062129 10266
17983907 10267
0 10268
34327920 10269
0 10270
84923719 10271
0 10272
0 10273
0 10274
0 10275
0 10276
0 10277
2927334 10278
23408955 10279
0 10280
0 10281
4588005 10282
0 10283
0 10284
0 10285
1656392 10286
48288144 10287
14919586 10288
43458576 10289
0 10290
0 10291
0 10292
3036858 10293
0 10294
34911568 10295
0 10296
0 10297
0 10298
0 10299
14351433 10300
23345437 10301
0 10302
0 10303
0 10304
0 10305
0 10306
0 10307
0 10308
0 10309
0 10310
0 10311
0 10312
0 10313
0 10314
0 10315
0 10316
0 10317
2554057 10318
0 10319
0 10320
0 10321
0 10322
0 10323
3917378 10324
0 10325
0 10326
0 10327
0 10328
0 10329
9470528 10330
0 10331
0 10332
0 10333
631590 10334
0 10335
0 10336
0 10337
22800497 10338
0 10339
9272990 10340
7621375 10341
1320951 10342
0 10343
0 10344
0 10345
0 10346
8668238 10347
128838100 10348
0 10349
0 10350
0 10351
0 10352
0 10353
2733360 10354
0 10355
0 10356
0 10357
7150809 10358
0 10359
22581058 10360
4822799 10361
298322356 10362
3406250375 10363
74395287 10364
1628355982 10365
59032062 10366
571990455 10367
148070460 10368
406236544 10369
0 10370
5934250 10371
51547710 10372
50248460 10373
189203080 10374
501376422 10375
200066952 10376
0 10377
16140705 10378
0 10379
10045648 10380
74872900 10381
1106319785 10382
0 10383
0 10384
191600281 10385
55197294 10386
29036084 10387
457393468 10388
0 10389
0 10390
0 10391
4060663 10392
40607767 10393
59161502 10394
1811626 10395
334606524 10396
14323845 10397
0 10398
0 10399
0 10400
15146950 10401
33034314 10402
32284176 10403
0 10404
107732559 10405
0 10406
17655568 10407
0 10408
0 10409
0 10410
60774499 10411
0 10412
0 10413
0 10414
41425134 10415
1009732 10416
25162170 10417
0 10418
142073335 10419
35197648 10420
0 10421
0 10422
0 10423
0 10424
0 10425
0 10426
99701263 10427
0 10428
12899200 10429
0 10430
76259190 10431
0 10432
6916357 10433
0 10434
0 10435
0 10436
8820523 10437
13785109 10438
21343791 10439
0 10440
204643715 10441
0 10442
0 10443
0 10444
0 10445
0 10446
0 10447
0 10448
0 10449
0 10450
0 10451
12690757 10452
0 10453
14800183 10454
0 10455
64871032 10456
0 10457
125742585 10458
139842185 10459
0 10460
972175 10461
0 10462
0 10463
0 10464
8937905 10465
1401215686 10466
0 10467
24272021 10468
132902246 10469
422192782 10470
0 10471
0 10472
6221617 10473
3138338 10474
40912011 10475
302469121 10476
0 10477
12807404 10478
0 10479
0 10480
0 10481
0 10482
0 10483
0 10484
0 10485
0 10486
0 10487
0 10488
722503 10489
1028742 10490
0 10491
29975289 10492
0 10493
0 10494
19571519 10495
0 10496
0 10497
0 10498
0 10499
0 10500
1952608 10501
0 10502
0 10503
0 10504
3434580 10505
13994807 10506
4041531 10507
0 10508
62213562 10509
5878777 10510
0 10511
0 10512
4095845 10513
0 10514
0 10515
0 10516
3020035 10517
0 10518
18124297 10519
0 10520
28505464 10521
0 10522
249114701 10523
0 10524
1940205 10525
0 10526
0 10527
0 10528
6438228 10529
6254119 10530
27752815 10531
2363089 10532
263039565 10533
0 10534
0 10535
0 10536
0 10537
0 10538
0 10539
0 10540
0 10541
0 10542
0 10543
0 10544
0 10545
0 10546
7217306 10547
0 10548
1799074 10549
0 10550
31621772 10551
0 10552
143477135 10553
19573579 10554
23112113 10555
0 10556
0 10557
0 10558
0 10559
0 10560
14380972 10561
15700498 10562
0 10563
0 10564
0 10565
0 10566
4948197 10567
0 10568
0 10569
0 10570
0 10571
57735230 10572
6559322 10573
0 10574
0 10575
0 10576
0 10577
0 10578
0 10579
0 10580
0 10581
0 10582
0 10583
0 10584
0 10585
0 10586
16948210 10587
0 10588
3747295 10589
0 10590
0 10591
0 10592
0 10593
0 10594
0 10595
0 10596
8090273 10597
0 10598
0 10599
0 10600
9748595 10601
0 10602
3690312 10603
4316886 10604
86253477 10605
0 10606
0 10607
108566 10608
0 10609
0 10610
270366 10611
0 10612
23808833 10613
9937050 10614
0 10615
0 10616
0 10617
0 10618
0 10619
0 10620
0 10621
0 10622
0 10623
0 10624
0 10625
0 10626
0 10627
0 10628
0 10629
0 10630
0 10631
0 10632
0 10633
0 10634
0 10635
5032180 10636
0 10637
0 10638
0 10639
0 10640
0 10641
0 10642
0 10643
0 10644
0 10645
0 10646
0 10647
29728672 10648
0 10649
5745418 10650
0 10651
11038879 10652
0 10653
56719698 10654
32875429 10655
0 10656
0 10657
0 10658
0 10659
0 10660
0 10661
0 10662
3308802 10663
6098708 10664
84127307 10665
0 10666
575856 10667
9335288 10668
0 10669
0 10670
3930475 10671
0 10672
21376252 10673
186993124 10674
0 10675
0 10676
0 10677
0 10678
0 10679
4297967 10680
0 10681
0 10682
3724491 10683
0 10684
1135972 10685
36398491 10686
0 10687
0 10688
0 10689
0 10690
0 10691
0 10692
0 10693
3620009 10694
0 10695
0 10696
0 10697
0 10698
0 10699
11981928 10700
0 10701
0 10702
6805015 10703
23222843 10704
2594260 10705
292422057 10706
0 10707
0 10708
0 10709
0 10710
0 10711
0 10712
0 10713
0 10714
1510949 10715
0 10716
0 10717
3619535 10718
4678946 10719
0 10720
49963951 10721
0 10722
2295972 10723
5974098 10724
284422032 10725
0 10728
585475078 10729
0 10730
150859374 10731
0 10732
937872 10733
0 10734
0 10735
0 10736
40224503 10737
0 10738
8144212 10739
851363349 10741
5027015441 10742
170469021 10743
126509349 10744
300911677 10745
1996636000 10746
0 10747
284671456 10748
0 10749
0 10750
0 10751
74484785 10752
4897316 10753
15452897 10754
37306176 10755
0 10756
12162310 10757
0 10758
125438632 10759
50359680 10760
790891686 10761
0 10762
159610440 10763
0 10764
67780536 10765
5444177 10766
114716516 10767
29977198 10768
796354972 10769
0 10770
3027223 10771
0 10772
8747861 10773
14178771 10774
28187508 10775
0 10776
26451685 10777
0 10778
30117244 10779
0 10780
72188328 10781
0 10782
221268906 10783
0 10784
86589643 10785
0 10786
5953606 10787
0 10788
0 10789
0 10790
11592210 10791
0 10792
7819564 10793
0 10794
0 10795
0 10796
31740981 10797
0 10798
0 10799
0 10800
0 10801
0 10802
0 10803
0 10804
0 10805
0 10806
1799939 10807
0 10808
0 10809
0 10810
4548563 10811
0 10812
0 10813
0 10814
0 10815
0 10816
0 10817
0 10818
21752195 10819
0 10820
11624547 10821
0 10822
0 10823
0 10824
5819513 10825
0 10826
0 10827
0 10828
1036538 10829
0 10830
12863576 10831
26147764 10832
0 10833
0 10834
0 10835
0 10836
0 10837
0 10838
0 10839
0 10840
5335433 10841
460733309 10842
0 10843
11463342 10844
36996610 10845
0 10846
7297324 10847
7716938 10848
0 10849
20344377 10850
245794846 10851
0 10852
0 10853
0 10854
0 10855
0 10856
1443370 10857
0 10858
0 10859
7971531 10860
6656316 10861
0 10862
34409339 10863
0 10864
0 10865
0 10866
0 10867
0 10868
0 10869
0 10870
2980990 10871
0 10872
2516833 10873
0 10874
0 10875
0 10876
40453202 10877
0 10878
0 10879
0 10880
4892642 10881
5372672 10882
233371629 10883
0 10884
0 10885
0 10886
0 10887
0 10888
0 10889
0 10890
10962570 10891
0 10892
2683811 10893
0 10894
0 10895
0 10896
11809793 10897
0 10898
0 10899
1411193 10900
39628971 10901
0 10902
8894158 10903
0 10904
0 10905
0 10906
0 10907
0 10908
0 10909
0 10910
1865384 10911
0 10912
5154388 10913
0 10914
0 10915
0 10916
0 10917
0 10918
0 10919
0 10920
0 10921
0 10922
0 10923
0 10924
0 10925
0 10926
0 10927
0 10928
0 10929
0 10930
0 10931
0 10932
3394574 10933
0 10934
0 10935
0 10936
0 10937
0 10938
0 10939
0 10940
0 10941
0 10942
0 10943
0 10944
283090121 10945
0 10946
0 10947
13932868 10948
5075808 10949
0 10950
7480286 10951
3615902 10952
146221502 10953
0 10954
0 10955
0 10956
0 10957
0 10958
0 10959
0 10960
0 10961
0 10962
0 10963
0 10964
0 10965
0 10966
0 10967
0 10968
0 10969
0 10970
1740916 10971
0 10972
0 10973
0 10974
0 10975
0 10976
0 10977
15038408 10978
0 10979
0 10980
0 10981
0 10982
1974462 10983
3915969 10984
0 10985
0 10986
0 10987
0 10988
3763784 10989
820665 10990
99226543 10991
0 10992
0 10993
0 10994
0 10995
0 10996
0 10997
0 10998
0 10999
0 11000
0 11001
601018 11002
0 11003
0 11004
0 11005
0 11006
0 11007
0 11008
0 11009
479511 11010
0 11011
0 11012
0 11013
2655043 11014
4214731 11015
14601572 11016
0 11017
0 11018
0 11019
0 11020
0 11021
0 11022
0 11023
2964007 11024
0 11025
0 11026
0 11027
4096831 11028
0 11029
7908827 11030
0 11031
0 11032
1796487 11033
79101162 11034
0 11035
0 11036
0 11037
0 11038
0 11039
1482452 11040
836275 11041
0 11042
1333135 11043
67209240 11044
0 11046
4648043 11047
26001763 11048
1970270 11049
131063427 11051
427082840 11052
108052920 11053
44373554 11054
117070270 11055
434035394 11056
22810390 11057
39551193 11058
612673100 11059
0 11060
10369242 11061
0 11062
0 11063
0 11064
27013057 11065
7013532 11066
22057058 11067
0 11068
0 11069
0 11070
0 11071
0 11072
0 11073
0 11074
1183408 11075
0 11076
0 11077
0 11078
19078926 11079
9983487 11080
0 11081
0 11082
18188327 11083
0 11084
0 11085
73181377 11086
0 11087
0 11088
0 11089
0 11090
9013559 11091
15991965 11092
0 11093
0 11094
16347712 11095
78274418 11096
0 11097
0 11098
3712921 11099
0 11100
0 11101
0 11102
0 11103
0 11104
0 11105
0 11106
12166831 11107
0 11108
0 11109
9980497 11110
6341944 11111
0 11112
33887314 11113
0 11114
3283239 11115
0 11116
18689493 11117
0 11118
0 11119
3372108 11120
141935277 11121
0 11122
0 11123
0 11124
15383285 11125
0 11126
96563464 11127
0 11128
0 11129
44528976 11130
0 11131
0 11132
0 11133
0 11134
3699838 11135
0 11136
0 11137
0 11138
1211959 11139
0 11140
0 11141
0 11142
0 11143
0 11144
0 11145
0 11146
0 11147
268280 11148
0 11149
408476 11150
0 11151
0 11152
4386299 11153
0 11154
0 11155
0 11156
3508847 11157
0 11158
0 11159
0 11160
0 11161
0 11162
0 11163
0 11164
0 11165
0 11166
0 11167
0 11168
209263 11169
21456653 11170
0 11171
2521346 11172
0 11173
0 11174
0 11175
0 11176
0 11177
6130376 11178
0 11179
0 11180
0 11181
0 11182
0 11183
0 11184
0 11185
2642544 11186
121869 11187
13879567 11188
0 11189
0 11190
0 11191
0 11192
0 11193
0 11194
0 11195
0 11196
0 11197
0 11198
0 11199
0 11200
0 11201
0 11202
0 11203
0 11204
2652126 11205
0 11206
0 11207
0 11208
0 11209
0 11210
0 11211
0 11212
7833840 11213
0 11214
0 11215
0 11216
0 11217
0 11218
14740932 11219
0 11220
0 11221
0 11222
0 11223
12893612 11224
0 11225
0 11226
0 11227
0 11228
0 11229
27198 11230
0 11231
0 11232
7586657 11233
0 11234
0 11235
0 11236
0 11237
4239147 11238
0 11239
0 11240
0 11241
5525038 11242
0 11243
0 11244
6648749 11245
0 11246
0 11247
2983418 11248
0 11249
0 11250
13116857 11251
0 11252
2489495 11253
0 11254
0 11255
0 11256
27984841 11257
0 11258
0 11259
0 11260
17843859 11261
2443063410 11263
1485880584 11264
1246173166 11265
1230546774 11266
1407160271 11267
81393534 11268
128279016 11269
347723705 11270
740299935 11271
3225917741 11272
1123258257 11273
372735223 11274
274322866 11275
243653285 11276
0 11277
25670843 11278
829349 11279
23092593 11280
0 11281
24055184 11282
52366254 11283
21340256 11284
24613350 11285
103940507 11286
292301557 11287
538275763 11288
184328453 11289
69529162 11290
341619033 11291
39266668 11292
165203436 11293
3496698 11294
0 11295
6174368 11296
41201455 11297
52320554 11298
0 11299
16304789 11300
2217803 11301
27299643 11302
20031288 11303
34716490 11304
0 11305
7576312 11306
16493744 11307
42106721 11308
1037543 11309
8455749 11310
161656114 11311
473488405 11312
90151939 11313
26573592 11314
359463554 11315
9113338 11316
9780649 11317
0 11318
16871044 11319
70489211 11320
43221928 11321
0 11322
0 11323
11207982 11324
50110222 11325
0 11326
88097417 11327
0 11328
0 11329
0 11330
56534191 11331
48571457 11332
547718791 11333
296260118 11334
24918861 11335
50051422 11336
826097 11337
3519629 11338
1393945 11339
18528553 11340
6557624 11341
123162759 11342
29492229 11343
959003960 11344
6133660 11345
5132416 11346
0 11347
17042005 11348
7406901 11349
33987694 11350
4221065 11351
0 11352
0 11353
0 11354
28482359 11355
0 11356
11605894 11357
14187189 11358
101331854 11359
0 11360
56467292 11361
0 11362
41787684 11363
11535074 11364
301103847 11365
10006360 11366
1120262946 11367
0 11368
0 11369
0 11370
0 11371
41861594 11372
0 11373
241665949 11374
201086880 11375
0 11376
0 11377
0 11378
0 11379
0 11380
0 11381
17256801 11382
11908164 11383
0 11384
32266402 11385
0 11386
0 11387
62173424 11388
0 11389
14362663 11390
136208021 11391
0 11392
0 11393
0 11394
11705396 11395
0 11396
8001238 11397
0 11398
9296176 11399
5039444 11400
8671411 11401
0 11402
25763771 11403
0 11404
0 11405
0 11406
2671059 11407
0 11408
97644485 11409
0 11410
83780308 11411
0 11412
24592745 11413
0 11414
6590815 11415
652473 11416
0 11417
0 11418
0 11419
1449001 11420
0 11421
0 11422
2876044 11423
0 11424
6986154 11425
0 11426
26222251 11427
0 11428
0 11429
0 11430
0 11431
2141946 11432
0 11433
0 11434
18582479 11435
0 11436
960295 11437
11058559 11438
0 11439
0 11440
4428902 11441
18559765 11442
6628381 11443
37496451 11444
6459748 11445
0 11446
0 11447
0 11448
0 11449
0 11450
11736455 11451
0 11452
0 11453
0 11454
28513718 11455
7154094 11456
0 11457
7375010 11458
0 11459
10315757 11460
2472959 11461
2316754 11462
0 11463
0 11464
0 11465
10156837 11466
0 11467
1254953 11468
0 11469
16909176 11470
0 11471
67278220 11472
102683685 11473
0 11474
137745172 11475
0 11476
154029793 11477
0 11478
0 11479
0 11480
0 11481
0 11482
0 11483
0 11484
0 11485
0 11486
10953559 11487
0 11488
17964322 11489
0 11490
0 11491
0 11492
8523153 11493
0 11494
2973662 11495
0 11496
0 11497
0 11498
0 11499
56312122 11500
0 11501
1134956 11502
119282427 11503
0 11504
0 11505
0 11506
3005107 11507
6472383 11508
0 11509
0 11510
0 11511
0 11512
1874938 11513
0 11514
0 11515
0 11516
0 11517
3268084 11518
10265623 11519
0 11520
0 11521
0 11522
0 11523
0 11524
0 11525
0 11526
0 11527
1056000 11528
0 11529
0 11530
0 11531
0 11532
0 11533
6177810 11534
1032891 11535
0 11536
0 11537
0 11538
0 11539
10290260 11540
14121388 11541
3867920 11542
0 11543
0 11544
0 11545
0 11546
0 11547
8090612 11548
2203282 11549
24906229 11550
19516613 11551
0 11552
0 11553
11702075 11554
0 11555
0 11556
0 11557
4323233 11558
0 11559
0 11560
0 11561
4868700 11562
0 11563
25744000 11564
0 11565
62971258 11566
0 11567
6596063 11568
27882 11569
0 11570
0 11571
0 11572
0 11573
0 11574
0 11575
0 11576
0 11577
0 11578
6027336 11579
8610126 11580
0 11581
0 11582
0 11583
0 11584
0 11585
2445155 11586
1685039 11587
0 11588
21764953 11589
10990497 11590
0 11591
0 11592
2309875 11593
0 11594
8260267 11595
2710574 11596
51478717 11597
0 11598
0 11599
0 11600
0 11601
1680456 11602
0 11603
0 11604
0 11605
1423166 11606
0 11607
0 11608
0 11609
22612764 11610
0 11611
15242928 11612
0 11613
86325580 11614
1889929 11615
255376205 11616
51152205 11617
0 11618
0 11619
4443553 11620
398286 11621
28184857 11622
179321122 11623
0 11624
0 11625
0 11626
0 11627
0 11628
0 11629
0 11630
10205639 11631
30344443 11632
0 11633
0 11634
0 11635
0 11636
0 11637
6382721 11638
0 11639
6589742 11640
102105239 11641
0 11642
0 11643
0 11644
0 11645
0 11646
0 11647
0 11648
2362125 11649
0 11650
0 11651
0 11652
0 11653
4381026 11654
0 11655
0 11656
865648 11657
497326 11658
0 11659
0 11660
0 11661
0 11662
0 11663
0 11664
730442 11665
0 11666
0 11667
1543476 11668
18481790 11669
3194050 11670
7883821 11671
0 11672
0 11673
0 11674
5259928 11675
1127260 11676
97233683 11677
0 11678
2288185 11679
2257679 11680
36206331 11681
9519145 11682
598936871 11683
0 11684
0 11685
0 11686
0 11687
0 11688
0 11689
0 11690
0 11691
0 11692
0 11693
9836211 11694
0 11695
769338 11696
0 11697
0 11698
0 11699
9309776 11700
0 11701
0 11702
0 11703
3121363 11704
1040394 11705
17943150 11706
3547769 11707
0 11708
0 11709
4445911 11710
0 11711
11387943 11712
0 11713
0 11714
3745471 11715
0 11716
1117565 11717
38551723 11718
0 11719
0 11720
0 11721
0 11722
0 11723
7163819 11724
0 11725
4302086 11726
1288270 11727
15028891 11728
460970 11729
172650136 11730
0 11731
0 11732
20002077 11733
461780886 11734
0 11735
0 11736
2852028 11737
0 11738
0 11739
0 11740
0 11741
0 11742
9142552 11743
0 11744
0 11745
0 11746
3022467 11747
0 11748
0 11749
7661389 11750
0 11751
2404231 11752
0 11753
12546695 11754
0 11755
0 11756
0 11757
0 11758
0 11759
805960 11760
7983901 11761
0 11762
0 11763
0 11764
0 11765
0 11766
0 11767
0 11768
0 11769
5256668 11770
5376625 11771
0 11772
0 11773
0 11774
0 11775
1487254 11776
5828591 11777
0 11778
0 11779
0 11780
1615645 11781
5153665 11782
25860658 11783
0 11784
2786370 11785
7989849 11786
0 11787
0 11788
5784034 11789
0 11790
0 11791
62914788 11792
0 11793
1618062 11794
736473 11795
0 11796
273249 11797
13858026 11798
0 11799
0 11800
0 11801
6726995 11802
0 11803
73378483 11804
0 11805
0 11806
2301668 11807
72124911 11808
0 11809
0 11810
0 11811
0 11812
0 11813
0 11814
0 11815
0 11816
0 11817
0 11818
0 11819
0 11820
0 11821
951681 11822
0 11823
0 11824
0 11825
0 11826
0 11827
21659573 11828
1623894 11829
53079527 11830
0 11831
0 11832
0 11833
0 11834
1459355 11835
0 11836
0 11837
0 11838
0 11839
0 11840
0 11841
0 11842
0 11843
2983732 11844
0 11845
0 11846
0 11847
1448353 11848
5227951 11849
0 11850
0 11851
0 11852
3815274 11853
3263308 11854
0 11855
0 11856
0 11857
0 11858
3752286 11859
18217631 11860
0 11861
0 11862
3982906 11863
0 11864
0 11865
0 11866
0 11867
572296 11868
0 11869
3651974 11870
1303984 11871
80445910 11872
0 11873
0 11874
12845996 11875
241374442 11876
0 11877
0 11878
17425633 11879
0 11880
4532461 11881
0 11882
11154731 11883
0 11884
0 11885
0 11886
0 11887
0 11888
1261783 11889
0 11890
0 11891
0 11892
4724195 11893
0 11894
43488353 11895
0 11896
0 11897
0 11898
0 11899
3160760 11900
0 11901
0 11902
0 11903
0 11904
0 11905
6843214 11906
0 11907
0 11908
863502 11909
58350842 11910
0 11911
0 11912
1691566 11913
0 11914
3829699 11915
8191257 11916
700639 11917
26009253 11918
274360081 11919
0 11920
0 11921
0 11922
0 11923
0 11924
0 11925
0 11926
0 11927
0 11928
0 11929
0 11930
0 11931
812062 11932
0 11933
12700350 11934
52019455 11935
4168025124 11938
1591603310 11939
1005355941 11940
1132614334 11941
1240831518 11942
2498801528 11943
3921763719 11945
1625872668 11946
921170727 11947
964495943 11948
1654715447 11949
1868579570 11950
467092687 11951
882934176 11952
102079662 11953
670015499 11954
75991900 11955
518774356 11956
0 11957
13547049 11958
319702600 11959
925939747 11960
226068831 11961
178285368 11962
247455534 11963
32126020 11964
63664839 11965
284252659 11966
0 11967
5411759 11968
398875 11969
25219682 11970
155997950 11971
516858563 11972
66531568 11973
64919461 11974
273418507 11975
2314142 11976
5251881 11977
36692080 11978
61106199 11979
77016337 11980
526568261 11981
155371195 11982
10514158 11983
119243543 11984
41132139 11985
908995306 11986
19905368 11987
1108716393 11988
2319550146 11990
1630307962 11991
1171619236 11992
1128677046 11993
264504982 11994
527870716 11995
218776064 11996
564202210 11997
0 11998
54861 11999
70000892 12000
919457487 12001
114626520 12002
60318460 12003
243890405 12004
0 12005
9411352 12006
0 12007
61067587 12008
32754486 12009
381045618 12010
48945653 12011
0 12012
18736160 12013
0 12014
344680596 12015
1109909 12016
233549627 12017
6160866 12018
136078208 12019
0 12020
150255 12021
73985201 12022
450185122 12023
0 12024
28020502 12025
62425330 12026
0 12027
0 12028
7684303 12029
0 12030
30211799 12031
97445629 12032
10310300 12033
136018490 12034
0 12035
0 12036
0 12037
19777813 12038
0 12039
0 12040
0 12041
42392271 12042
48203507 12043
376390365 12044
7326691 12045
8865676 12046
0 12047
0 12048
8714448 12049
0 12050
3707371 12051
11193981 12052
710683 12053
0 12054
116437034 12055
62779835 12056
0 12057
29530743 12058
0 12059
0 12060
7018539 12061
51075295 12062
13531129 12063
358236786 12064
0 12065
11090798 12066
1628517 12067
0 12068
3880019 12069
846678 12070
21889072 12071
144570735 12072
3906997 12073
318615389 12074
0 12075
0 12076
0 12077
2454773 12078
0 12079
0 12080
7458952 12081
5581341 12082
86397515 12083
2697013 12084
1689651 12085
0 12086
0 12087
0 12088
0 12089
25857685 12090
0 12091
682613 12092
5386570 12093
0 12094
38375673 12095
36457640 12096
71235125 12097
0 12098
34923575 12099
0 12100
0 12101
0 12102
0 12103
7522957 12104
0 12105
0 12106
16751688 12107
4047741 12108
51669154 12109
12700339 12110
276122781 12111
0 12112
2806959 12113
0 12114
0 12115
2991925 12116
0 12117
0 12118
0 12119
0 12120
21555777 12121
7143758 12122
33668851 12123
13036907 12124
0 12125
1500565 12126
4265578 12127
8295671 12128
574595 12129
79885282 12130
13265943 12131
183798 12132
110265793 12133
3786379 12134
353310436 12135
50591899 12136
0 12137
927214 12138
39195137 12139
0 12140
26815408 12141
195554333 12142
0 12143
609967 12144
8533974 12145
19080135 12146
4392293 12147
3844869 12148
10485810 12149
110592812 12150
25826211 12151
9166025 12152
94927668 12153
8746233 12154
724546087 12155
3853815 12156
38950945 12157
614070273 12158
0 12159
118200816 12160
0 12161
19436194 12162
0 12163
0 12164
0 12165
24857774 12166
0 12167
92763468 12168
0 12169
0 12170
0 12171
9949806 12172
0 12173
0 12174
0 12175
59931535 12176
0 12177
0 12178
17792957 12179
0 12180
163855962 12181
0 12182
719086 12183
97469456 12184
0 12185
0 12186
572917 12187
3418963 12188
0 12189
0 12190
0 12191
0 12192
1674002 12193
2776909 12194
0 12195
0 12196
0 12197
0 12198
0 12199
0 12200
0 12201
47545369 12202
0 12203
27515791 12204
0 12205
0 12206
0 12207
582772 12208
0 12209
5418311 12210
0 12211
0 12212
7188233 12213
1624148 12214
2510769 12215
5471478 12216
81021410 12217
0 12218
0 12219
1200864 12220
4567268 12221
4417197 12222
0 12223
0 12224
1193514 12225
43343973 12226
979846 12227
194199958 12228
0 12229
0 12230
4207917 12231
0 12232
13346774 12233
0 12234
0 12235
1548480 12236
0 12237
0 12238
7639227 12239
0 12240
0 12241
0 12242
934557 12243
0 12244
11743834 12245
0 12246
1442626 12247
7137444 12248
3847155 12249
37204392 12250
0 12251
68423964 12252
0 12253
11572642 12254
247846115 12255
0 12256
0 12257
0 12258
1602650 12259
0 12260
1321072 12261
0 12262
8560385 12263
6850923 12264
0 12265
2498054 12266
0 12267
3399976 12268
9381402 12269
94676470 12270
5691066 12271
157004282 12272
2327696 12273
0 12274
1727535 12275
0 12276
4807073 12277
4952951 12278
0 12279
27663719 12280
0 12281
0 12282
2545109 12283
5102980 12284
1127388 12285
0 12286
11024332 12287
4372981 12288
0 12289
960771 12290
1524784 12291
54521064 12292
2321229 12293
145236290 12294
17968151 12295
0 12296
1574424 12297
23616320 12298
6867328 12299
158417240 12300
5219212 12301
41730086 12302
639748054 12303
0 12304
0 12305
0 12306
23132987 12307
0 12308
89537982 12309
487727626 12310
0 12311
0 12312
0 12313
0 12314
6247865 12315
54585799 12316
0 12317
0 12318
10588846 12319
0 12320
2583768 12321
0 12322
0 12323
635463 12324
8347025 12325
158236 12326
58384880 12327
0 12328
13065060 12329
175962380 12330
1925773 12331
19374231 12332
995452 12333
58876285 12334
386575278 12335
0 12336
35000399 12337
9976447 12338
230231519 12339
575678470 12340
0 12341
13694131 12342
164746075 12343
448788656 12344
214665479 12345
