50 776 733 618 623 635 517
155 250 320 326 642 334 345
122 661 286 43 16 17 362
31 50 644 528 628 502 393
78 827 850 140 141 471 492
94 277 862 583 510 629 631
154 41 474 392 103 23 261
15 927 635 51 513 629 420
97 905 676 168 106 112 15
123 356 587 453 728 513 552
66 963 871 321 481 251 325
67 788 742 695 482 439 741
50 847 651 1 384 419 195
125 240 107 43 33 249 139
151 913 621 758 585 586 625
154 642 746 549 693 425 367
151 765 60 816 2 8 59
140 902 643 767 421 602 283
123 136 800 309 179 122 104
140 947 382 134 105 154 156
27 739 821 767 774 747 284
5 444 611 936 838 768 565
122 546 407 431 782 562 728
123 963 321 329 330 320 342
138 404 587 545 618 694 710
56 648 951 842 450 497 869
123 287 379 380 408 411 523
123 675 607 588 401 517 469
15 711 655 167 346 79 78
58 696 187 52 423 272 881
120 426 27 64 518 286 267
59 990 500 892 752 510 607
59 461 873 682 581 510 498
155 230 103 474 402 260 276
80 548 596 459 469 417 533
76 652 631 733 247 485 583
68 56 295 112 241 633 183
44 626 818 10 18 31 195
155 630 570 684 433 836 573
67 54 157 834 124 203 158
58 832 25 596 562 500 492
123 333 485 453 561 517 631
155 122 179 207 255 249 105
127 588 587 485 581 394 662
80 628 828 505 303 453 562
123 1002 596 510 517 516 526
93 862 371 552 660 533 510
65 503 590 141 247 233 583
133 49 130 38 142 42 67
148 653 885 406 337 336 385
94 832 248 401 471 507 498
67 914 472 470 395 490 473
56 338 109 763 831 506 660
154 41 474 76 58 269 145
120 196 256 112 168 184 293
127 156 114 113 253 136 255
94 471 815 143 215 371 356
97 867 767 739 654 643 331
133 866 588 469 503 694 401
89 244 838 576 485 507 498
56 577 675 453 600 635 561
94 295 129 178 189 44 633
61 461 552 694 403 588 503
70 556 660 728 401 607 303
58 85 856 725 778 785 657
122 113 947 155 210 136 105
151 631 581 652 453 517 498
142 516 303 635 417 404 470
65 485 847 31 13 195 239
59 628 594 315 248 507 431
51 908 879 349 540 637 558
123 244 552 555 553 499 533
148 434 205 169 174 47 94
140 403 28 99 24 19 25
107 838 740 498 516 510 565
154 474 41 230 101 268 260
66 303 495 277 371 577 215
140 902 550 616 659 331 747
154 510 623 533 391 516 631
96 850 526 587 631 401 652
154 304 593 414 716 659 483
132 539 435 220 8 538 62
43 343 821 710 499 498 393
138 753 593 602 616 304 483
86 398 700 236 146 9 45
155 26 64 518 91 138 286
95 265 469 485 563 583 264
55 732 505 611 464 395 279
66 164 253 137 185 134 382
15 551 832 609 493 417 420
44 886 782 592 248 533 471
97 315 587 596 373 372 552
137 694 500 563 517 526 407
148 174 205 115 275 93 75
15 710 850 846 233 383 492
94 732 710 583 561 485 490
154 561 592 401 391 493 453
78 790 555 776 507 545 401
122 222 197 227 241 190 633
59 318 825 557 340 683 370
123 724 100 74 214 66 158
126 87 751 362 166 138 33
62 681 645 588 607 782 470
117 469 548 596 561 628 401
125 174 128 308 400 231 262
68 646 463 612 51 360 635
155 136 156 185 104 381 201
58 703 498 609 660 576 247
140 877 250 549 339 332 251
14 674 754 97 502 500 19
31 904 173 370 335 231 318
59 279 709 850 652 404 420
154 527 454 130 159 254 55
107 710 768 596 555 652 576
138 263 232 77 102 170 205
97 646 662 768 493 498 499
133 60 198 254 39 49 216
23 662 752 807 787 248 373
25 619 587 476 507 500 469
127 142 118 36 11 216 42
154 682 528 471 393 493 587
76 860 740 903 904 580 318
66 370 226 80 6 169 231
59 412 409 387 137 477 104
59 782 319 533 592 395 562
86 601 821 339 746 330 325
67 359 50 417 652 503 577
24 24 395 333 463 140 635
155 116 301 144 188 117 235
155 133 54 158 68 66 86
140 703 218 315 360 247 612
66 892 940 404 553 517 607
155 1 135 21 84 10 13
125 578 260 268 676 183 223
121 652 704 247 371 140 599
58 143 347 565 394 152 583
155 555 563 485 498 420 583
15 776 444 660 821 373 395
155 261 276 230 260 217 402
72 655 252 358 466 300 537
78 430 205 584 650 617 48
151 676 474 230 23 76 145
51 790 561 629 563 737 401
123 534 118 59 42 424 61
120 87 95 273 148 139 33
151 838 652 552 517 513 510
151 759 68 214 54 30 29
42 485 609 437 531 507 431
50 703 152 815 468 394 248
97 315 548 596 417 485 503
51 576 646 264 444 729 469
97 876 262 663 47 82 205
27 218 233 561 694 503 420
97 265 680 505 403 437 264
66 808 308 191 317 47 174
70 733 468 628 502 561 244
127 617 132 445 77 48 204
72 828 827 391 513 728 420
123 784 184 241 14 190 15
58 612 581 356 631 618 599
140 826 235 188 301 116 160
72 430 460 275 400 94 75
5 618 737 733 838 662 492
70 479 362 366 26 27 427
92 703 813 492 645 391 371
50 734 303 623 618 500 417
123 631 556 25 264 28 500
58 968 882 687 788 811 686
66 711 633 841 578 270 358
51 234 548 248 500 710 420
66 315 740 391 417 607 652
27 617 833 386 170 128 121
68 80 275 127 494 82 93
148 567 143 141 468 51 383
59 850 264 647 581 516 471
96 89 394 401 372 420 469
127 17 267 305 266 43 90
121 556 499 526 417 562 500
140 386 170 443 47 115 308
67 499 353 501 277 215 403
93 821 491 551 215 356 373
15 662 787 556 681 635 403
25 50 823 862 533 510 503
25 811 741 968 687 686 788
14 879 730 822 605 540 537
72 675 407 555 628 373 470
92 996 461 248 360 383 464
68 964 154 113 253 134 155
43 167 655 107 16 17 361
151 635 594 595 531 437 436
50 434 77 111 400 6 47
120 838 153 779 312 274 395
62 234 246 403 407 218 420
148 67 765 162 60 59 2
155 481 321 251 325 342 601
151 871 321 250 329 332 334
24 778 648 154 114 104 785
142 415 179 96 113 148 104
121 419 614 775 529 377 770
50 552 318 444 508 580 507
123 873 407 485 553 493 554
154 644 555 596 652 629 581
138 232 75 169 204 77 231
140 34 115 111 121 170 75
123 113 155 201 210 136 105
76 826 188 280 455 160 144
59 879 945 541 540 864 348
66 246 635 401 576 600 471
97 475 292 484 186 151 63
97 501 600 618 431 628 498
121 285 173 174 275 262 82
120 284 485 490 555 533 821
155 36 46 435 37 11 32
132 468 563 500 516 660 393
155 261 149 23 41 269 402
72 871 601 642 693 413 251
48 776 768 666 243 453 734
133 119 633 227 189 129 190
155 337 385 336 406 357 405
15 902 739 867 753 304 284
58 353 850 612 599 652 246
107 444 728 563 499 469 516
69 215 916 565 393 596 248
62 576 704 503 468 246 420
140 963 549 693 547 746 342
76 451 785 763 354 756 856
121 861 526 662 498 561 469
153 629 548 490 694 498 652
61 732 417 315 635 404 431
97 862 503 592 499 470 431
48 448 264 445 102 338 48
76 279 776 356 635 319 395
113 360 403 393 561 492 498
93 977 533 436 517 500 175
58 289 25 615 395 303 165
140 866 555 533 510 373 499
59 990 669 533 510 662 607
76 594 110 618 420 531 500
154 392 402 23 41 145 101
48 989 656 487 909 715 649
120 270 178 241 227 106 676
68 163 209 207 179 134 382
145 490 612 277 631 583 660
50 396 839 352 564 237 537
140 774 414 767 304 603 747
58 660 675 417 401 646 431
122 352 636 227 256 106 633
25 315 600 319 631 279 533
59 595 645 660 576 499 403
48 224 270 605 540 352 537
94 619 660 652 628 431 401
154 561 528 576 510 562 502
25 681 802 581 244 502 248
138 545 768 565 576 517 561
123 253 122 207 95 96 148
94 978 813 662 694 553 545
15 963 954 877 334 339 342
148 644 394 592 417 420 516
154 392 402 76 41 120 23
43 851 955 864 349 348 558
97 371 404 264 600 680 248
151 767 659 593 284 331 654
154 375 268 217 260 149 76
122 404 99 28 175 444 436
154 902 716 483 284 602 283
86 631 600 806 790 485 391
123 10 302 186 151 799 63
43 189 119 269 676 103 112
48 395 24 733 533 264 485
133 127 132 7 81 47 205
138 768 782 401 662 628 417
123 456 59 424 46 62 61
125 474 184 633 112 101 145
25 465 580 248 528 492 470
123 871 250 374 642 342 329
84 275 434 624 81 94 75
72 600 863 234 360 461 420
148 99 504 97 444 28 24
107 870 129 256 106 636 14
155 217 375 101 392 103 23
70 240 210 415 253 255 105
154 233 356 246 315 244 141
155 268 126 76 276 22 58
155 310 311 521 57 200 206
120 166 426 429 305 91 33
23 861 588 863 682 553 565
126 443 713 128 127 94 115
120 700 200 57 311 199 4
140 759 214 65 86 66 54
48 828 360 321 821 498 562
127 7 121 111 833 81 169
133 92 275 121 115 81 204
138 783 694 562 453 528 510
155 402 103 269 101 149 58
44 873 647 553 645 694 431
97 244 581 588 391 618 503
15 278 783 666 394 592 502
69 315 838 737 393 510 490
122 896 806 503 499 453 394
133 889 533 583 502 838 401
123 394 431 694 607 710 516
127 231 555 471 485 318 565
121 1000 87 518 17 26 427
97 907 902 716 483 489 593
24 905 293 166 784 362 44
155 22 260 276 261 217 268
59 768 520 436 303 248 404
154 600 581 592 372 502 510
155 489 284 283 659 622 363
24 353 561 906 787 319 403
69 751 791 53 479 71 661
97 784 184 161 293 129 15
94 676 78 352 300 358 222
31 592 530 110 594 531 500
58 353 669 821 373 662 533
120 213 347 712 343 165 289
94 360 838 548 499 562 498
80 734 215 510 548 243 490
78 581 600 50 246 563 420
123 398 146 236 271 147 45
72 455 826 235 188 117 144
94 835 601 547 330 321 339
14 561 646 740 317 338 470
23 393 218 430 229 464 356
72 257 484 292 799 150 63
123 257 292 302 150 186 63
27 768 592 827 806 728 629
133 551 501 140 315 533 371
27 623 734 806 552 728 628
66 501 507 391 533 431 503
51 752 444 615 580 264 470
113 575 81 173 262 94 93
123 900 485 596 561 372 502
155 627 253 202 415 273 255
82 868 628 303 264 516 562
72 279 838 576 403 372 394
51 464 459 401 553 674 469
155 326 329 746 321 374 342
51 412 240 210 201 95 105
62 264 618 619 644 502 469
62 670 844 458 469 565 517
123 526 491 609 660 243 420
70 338 128 34 81 205 47
155 425 642 549 320 693 367
120 471 444 556 670 500 631
86 207 210 627 412 134 104
58 868 763 682 394 660 562
42 501 694 838 395 565 453
155 181 193 219 245 289 192
59 754 611 110 509 635 444
15 663 833 93 77 624 169
122 546 394 453 562 499 545
148 196 256 189 293 44 197
133 153 420 652 395 165 343
123 504 89 99 508 444 25
97 886 629 647 631 503 372
123 885 553 510 528 372 498
72 88 828 629 563 372 507
66 437 215 453 600 583 517
151 609 143 218 247 383 360
121 447 26 64 427 27 167
58 782 635 587 510 404 662
92 386 259 338 174 47 464
59 844 828 403 394 393 565
123 292 13 1 31 135 63
66 394 504 444 509 28 500
138 735 111 205 48 617 83
94 552 551 277 606 371 141
121 241 101 269 103 22 112
97 977 24 403 19 264 175
76 828 710 459 500 373 552
78 458 680 401 485 509 500
68 911 528 660 315 552 417
113 838 563 553 587 581 502
70 681 595 99 264 531 436
44 734 623 600 552 463 490
66 785 984 854 691 932 692
107 437 748 861 776 507 470
113 588 587 561 682 391 401
154 182 457 57 73 310 200
122 353 587 393 592 485 248
27 371 850 644 592 516 492
123 456 424 12 32 118 61
23 563 728 451 785 756 513
15 898 942 769 536 123 124
68 817 361 479 661 427 166
120 899 340 370 369 683 825
154 339 719 425 481 413 334
78 448 81 571 174 83 75
78 316 650 170 82 584 48
123 315 393 548 662 498 652
75 909 648 324 715 439 649
59 595 783 24 635 533 500
151 424 220 435 8 46 61
97 467 647 463 373 485 453
76 515 727 777 887 699 496
25 495 359 703 491 277 233
76 670 787 790 548 303 517
93 338 554 629 533 576 507
155 342 330 321 339 326 481
140 178 276 268 149 145 23
151 353 666 491 141 51 218
24 674 594 728 403 510 444
151 877 693 481 342 329 374
31 594 140 469 393 407 404
92 531 728 469 710 510 264
59 831 921 810 522 486 763
44 571 663 259 111 275 75
93 786 34 400 81 75 584
148 592 782 545 453 417 372
127 299 107 27 26 429 90
127 459 583 513 555 264 470
140 765 12 118 32 36 162
44 232 445 121 115 263 205
78 587 395 135 1 631 485
140 309 113 253 412 273 105
24 493 610 646 315 635 407
25 737 873 500 587 563 554
24 400 663 132 624 92 48
68 537 183 256 190 633 223
27 587 343 333 234 383 420
44 868 844 391 503 493 562
44 916 50 652 554 498 407
42 95 524 366 26 43 751
122 870 293 44 129 119 241
155 573 574 749 570 630 433
56 141 866 461 647 373 360
94 866 500 471 513 562 373
15 957 797 450 698 699 727
155 240 179 207 273 96 139
140 575 494 226 115 169 170
155 13 18 135 84 257 0
44 868 20 502 407 545 470
66 911 827 652 552 471 516
154 600 561 431 555 393 502
122 678 571 173 584 478 316
140 660 393 554 372 533 431
140 902 363 622 616 331 593
155 431 561 453 417 662 516
42 813 618 247 703 244 431
94 510 110 24 444 88 436
59 496 313 698 763 449 727
25 889 886 680 596 600 401
155 570 836 433 749 574 630
14 540 225 637 559 560 537
155 315 666 704 356 141 218
140 599 491 51 277 315 233
56 362 965 134 155 964 95
125 305 427 166 33 266 91
50 827 467 565 592 528 492
123 761 8 62 258 220 49
155 310 457 56 199 57 206
14 822 352 852 409 237 537
107 681 548 576 660 507 470
50 694 748 600 680 458 403
113 445 263 663 48 169 205
94 838 740 404 403 583 394
154 286 366 33 91 87 17
25 600 737 813 806 694 576
50 633 841 224 537 578 300
151 112 149 260 76 276 676
154 753 659 414 483 421 331
155 251 374 425 549 334 321
72 873 647 728 782 417 499
138 415 309 179 95 255 148
14 927 468 802 465 500 248
93 565 495 371 590 233 492
123 724 65 35 54 100 158
70 727 810 946 487 522 763
50 732 806 635 458 553 517
68 718 841 56 57 183 295
142 215 563 682 333 583 420
48 940 244 436 510 490 552
97 510 459 530 444 509 436
92 703 752 407 607 782 248
121 779 213 192 219 245 274
151 759 100 65 29 54 30
24 838 576 869 756 785 513
123 535 12 3 11 42 59
138 905 636 256 178 44 190
127 415 309 96 179 253 273
123 493 333 247 660 315 420
151 533 645 545 391 553 401
68 606 517 644 728 391 490
44 475 431 0 31 84 135
58 504 526 175 264 516 19
151 826 301 188 144 160 117
61 662 248 618 768 404 471
66 660 886 555 728 372 618
48 501 647 829 525 462 590
61 243 635 628 592 463 660
94 469 98 531 99 19 264
58 752 588 710 553 600 782
123 192 113 202 412 627 114
155 414 489 283 483 550 363
27 703 502 141 462 50 244
72 873 660 596 682 420 431
122 993 475 135 72 384 195
72 632 770 614 775 529 378
93 555 609 218 704 333 631
155 444 89 88 110 670 459
155 55 198 69 216 142 131
155 32 62 85 42 59 36
123 270 22 101 260 269 676
155 510 581 499 629 498 470
140 873 592 587 493 499 373
67 660 174 34 81 170 338
138 674 99 505 531 635 509
58 821 467 740 464 279 580
50 900 279 248 682 469 502
58 978 395 694 372 490 545
58 803 678 170 94 316 443
97 827 552 623 562 393 629
136 650 231 169 75 584 478
42 947 255 79 224 477 155
93 863 694 647 513 548 461
15 839 722 167 409 225 78
120 436 485 554 600 533 353
150 303 581 417 404 453 607
72 462 703 733 218 612 371
148 201 148 114 155 104 134
138 469 728 391 662 563 493
151 270 79 466 295 300 358
50 647 218 592 563 635 600
151 83 34 77 81 624 169
55 353 383 806 516 660 533
94 528 790 629 694 806 555
58 703 681 492 356 635 371
125 611 89 88 476 248 680
31 880 243 587 404 471 493
78 533 338 491 140 403 660
25 338 663 579 231 259 169
140 137 627 253 415 255 104
24 710 861 904 787 318 469
25 649 155 928 778 657 756
126 471 582 444 437 629 507
107 754 265 670 459 89 264
76 225 839 669 655 252 78
31 694 680 528 682 600 401
27 501 600 631 606 218 248
68 448 803 172 571 47 169
113 650 204 128 111 47 48
123 954 481 330 413 601 342
151 532 506 589 109 242 108
24 989 869 801 715 794 649
62 575 226 584 262 115 75
84 806 588 733 356 431 420
155 518 138 125 366 16 64
154 666 140 248 468 277 360
140 249 415 202 253 104 255
50 919 544 5 45 848 793
23 219 343 561 20 403 274
86 790 561 528 587 554 431
15 514 263 338 624 102 48
76 520 491 911 503 246 356
44 838 552 465 531 89 517
70 83 319 403 469 395 464
93 530 562 437 507 500 509
84 803 584 617 494 47 48
123 943 474 76 260 230 23
117 236 700 272 45 5 4
70 619 861 485 553 565 469
122 137 839 608 237 224 477
86 902 767 616 739 331 483
66 756 142 2 60 42 46
72 132 121 448 94 93 169
15 127 81 803 478 191 75
23 617 386 571 263 47 308
70 509 356 581 516 552 264
140 821 547 326 693 330 342
123 393 315 333 140 383 583
127 674 582 110 531 675 175
120 892 25 175 509 303 787
72 633 636 129 161 197 14
72 338 25 404 600 635 303
15 264 372 861 646 748 470
25 990 889 828 510 652 607
42 207 202 346 237 477 104
93 680 734 401 647 393 303
59 857 98 436 505 110 264
62 528 545 592 248 561 502
93 501 343 662 576 516 503
99 395 734 141 243 407 592
140 774 654 643 602 483 747
66 20 371 623 554 533 516
148 682 733 315 583 599 246
94 911 862 403 498 662 694
44 740 635 552 629 490 517
94 351 759 68 66 29 65
50 797 327 497 951 354 727
99 356 628 395 565 248 623
121 505 453 596 493 502 469
14 315 916 610 888 469 407
122 207 381 156 137 154 105
138 821 526 554 401 404 373
117 710 862 644 498 373 662
27 868 737 652 631 644 510
137 588 682 526 623 470 652
15 165 740 670 404 710 517
122 80 803 111 47 83 170
151 308 94 93 48 169 111
154 628 526 682 596 652 600
62 243 752 728 587 576 471
94 813 315 631 503 407 401
127 299 17 16 27 305 90
25 634 955 845 348 349 558
134 248 530 531 509 500 303
66 900 896 552 526 493 502
44 790 462 592 662 562 492
56 47 488 92 232 157 204
125 246 872 869 745 491 243
43 658 635 587 552 492 315
155 739 550 363 284 622 414
59 752 97 592 500 531 517
121 579 77 7 575 169 94
127 588 526 782 581 507 563
69 916 500 728 453 503 248
113 902 659 767 622 603 489
56 319 508 467 528 470 279
155 414 489 643 602 659 304
155 816 49 3 60 162 85
62 514 808 170 263 584 174
151 112 392 260 22 76 276
133 172 803 83 115 317 75
97 940 646 420 499 401 470
155 379 408 380 411 390 523
107 728 343 623 393 492 628
93 842 853 691 932 692 869
123 590 218 333 631 248 50
120 146 457 57 521 199 4
44 234 815 618 548 553 420
127 267 366 17 518 299 91
154 588 533 631 502 391 373
84 803 127 316 94 83 47
134 504 680 556 437 24 97
151 537 578 270 223 222 352
51 679 409 222 270 224 300
50 302 533 384 475 485 63
25 165 646 612 710 420 403
155 56 310 521 57 200 73
92 467 135 239 72 0 597
50 799 728 10 257 485 63
24 969 590 167 524 751 525
154 465 97 459 444 264 175
121 945 605 541 540 348 864
50 172 617 448 275 735 82
120 266 138 64 16 286 267
86 867 902 616 659 593 603
120 27 179 309 139 95 362
120 236 88 508 531 505 45
151 866 471 728 607 662 492
43 823 531 417 498 471 507
102 491 652 631 391 244 356
123 985 254 198 131 142 159
24 862 545 778 715 656 516
72 865 608 722 399 78 79
25 982 751 202 179 273 95
155 413 339 325 321 374 330
78 393 806 244 277 628 492
123 276 106 168 171 636 112
42 398 187 531 264 505 5
50 784 636 293 196 241 119
27 440 528 548 395 682 401
5 828 813 862 563 647 372
140 675 508 97 556 88 476
57 790 737 372 507 469 618
42 165 861 508 531 459 403
140 412 179 240 95 273 104
14 955 540 851 878 879 558
140 635 393 492 493 470 548
123 943 126 269 230 41 268
154 221 474 276 149 268 269
58 578 27 718 78 167 300
123 998 201 209 156 137 154
125 461 555 502 453 567 501
44 823 592 246 51 551 420
94 172 226 81 115 169 94
133 752 394 821 393 768 510
27 806 644 360 618 583 503
15 494 901 571 231 204 75
107 256 784 129 119 190 15
62 588 462 596 682 599 492
50 596 243 737 469 609 431
51 892 588 526 513 776 470
84 507 278 360 599 407 583
50 888 356 278 600 623 470
155 11 61 32 49 435 46
93 580 645 533 471 391 821
58 356 725 790 498 885 407
42 722 225 638 661 655 78
155 435 258 3 2 162 220
140 234 51 315 246 233 50
138 774 739 414 550 747 283
94 51 394 581 682 662 492
59 861 551 372 485 660 565
103 485 590 140 371 490 420
51 346 222 399 718 270 300
154 363 767 414 483 489 550
148 599 51 143 660 141 612
72 81 317 514 460 478 47
70 552 551 50 577 51 356
123 308 172 584 478 317 47
23 490 580 530 476 531 404
140 644 710 618 548 510 372
42 308 803 80 231 93 111
151 645 420 502 485 806 499
127 647 277 666 51 461 371
70 734 815 590 577 468 248
86 627 210 95 309 104 134
68 895 640 566 439 364 639
27 510 461 356 395 660 583
140 505 596 513 417 517 592
125 688 408 411 523 288 287
122 501 404 652 581 493 548
72 303 838 596 629 373 507
120 878 540 605 541 348 879
154 753 622 414 483 304 331
154 339 642 367 693 334 425
122 896 401 576 629 652 394
155 392 149 261 474 120 217
14 395 828 491 737 417 420
135 394 417 782 555 563 631
120 152 498 417 710 516 821
70 909 756 692 869 648 649
94 351 140 588 407 583 516
154 392 402 145 269 230 261
58 653 503 406 885 644 336
59 963 835 719 334 339 413
123 770 257 18 84 13 195
27 808 571 94 231 48 173
155 284 716 602 643 739 483
86 740 444 618 548 565 517
70 863 745 333 577 243 461
51 661 780 969 829 781 525
23 417 645 950 509 776 401
93 606 545 631 503 407 463
44 752 660 562 652 554 502
154 739 747 421 284 414 550
44 6 663 494 617 226 205
50 135 531 492 372 264 485
125 134 27 286 33 122 139
140 821 329 642 251 320 374
122 787 24 88 508 436 507
24 606 599 296 552 821 490
140 676 375 40 402 217 260
155 659 284 739 283 716 489
48 842 932 439 648 691 869
151 628 545 499 485 562 391
140 461 453 372 652 548 503
153 710 628 618 662 493 548
122 232 115 262 169 204 231
84 179 136 415 253 105 104
155 76 58 392 41 103 23
155 16 64 107 90 33 366
154 424 435 11 12 60 49
120 398 457 73 57 199 4
68 815 599 737 554 492 215
56 667 607 736 610 395 668
154 608 409 225 237 79 477
15 818 933 626 10 21 195
59 815 658 551 143 612 360
67 554 821 413 693 374 737
107 840 557 683 340 369 370
67 486 449 515 496 497 763
42 751 427 446 266 90 125
140 463 618 372 548 583 453
24 971 801 1001 656 778 794
120 359 510 401 628 647 462
94 558 839 225 237 252 537
92 191 132 624 7 77 48
42 459 563 315 244 599 517
48 839 717 209 477 718 79
142 205 172 191 128 47 75
140 700 236 187 147 5 4
42 875 861 29 35 86 351
72 303 821 554 644 431 503
43 306 229 121 308 494 464
58 886 675 628 517 25 471
155 526 581 562 401 545 554
43 615 594 581 583 420 500
126 828 838 647 510 682 453
55 246 525 359 462 590 468
155 42 59 60 424 118 46
123 933 1 63 84 257 195
31 50 279 734 404 490 583
121 51 662 498 393 682 356
44 627 309 209 387 201 134
58 726 768 437 517 393 594
133 528 710 469 404 490 562
123 821 643 603 767 421 284
138 753 774 622 747 304 331
27 583 710 233 609 491 420
138 485 670 175 303 403 264
155 21 384 13 0 135 63
154 269 375 126 217 221 76
117 767 753 363 284 283 331
123 343 371 491 333 141 356
44 761 216 8 816 62 49
66 790 740 417 533 403 407
122 531 631 576 513 562 470
78 513 561 141 599 737 492
123 835 334 329 345 374 326
123 751 518 33 16 64 125
155 345 320 321 413 339 693
123 324 66 74 100 65 158
140 538 118 258 435 59 162
58 85 406 656 725 885 657
78 6 262 803 833 170 83
72 844 507 485 391 403 562
94 588 590 360 468 244 583
123 818 1 257 13 0 195
76 381 387 328 450 210 155
125 587 495 233 468 592 393
48 857 493 674 89 552 264
76 533 612 19 303 247 583
96 153 563 694 581 652 403
140 551 552 561 431 533 652
44 636 76 196 905 44 15
55 694 580 776 647 583 554
42 815 609 393 592 734 360
155 120 149 261 40 58 260
123 412 139 95 96 207 148
56 71 95 427 27 751 422
155 140 51 215 383 501 577
155 76 22 149 145 276 40
27 827 51 485 469 533 492
72 465 394 492 373 420 403
42 808 259 132 92 6 93
14 875 318 128 431 469 464
51 1 581 395 500 493 485
67 638 669 393 485 662 655
154 676 40 392 23 217 22
155 413 549 251 425 481 339
97 135 528 806 554 576 485
154 580 506 108 109 282 242
15 808 81 663 430 285 75
154 206 182 199 310 311 56
154 187 45 9 236 146 194
151 676 120 40 22 58 101
33 991 26 361 751 27 43
127 360 516 576 592 356 420
86 719 954 326 746 325 547
146 694 631 394 470 391 403
127 302 13 18 1 292 63
67 343 592 318 231 740 652
133 533 740 395 507 493 565
140 422 16 138 87 43 125
125 662 733 243 356 391 373
72 873 50 526 533 647 548
5 730 352 466 879 298 537
97 907 902 716 489 331 414
153 506 580 109 831 282 108
72 0 484 799 302 186 63
154 716 867 283 414 483 603
25 274 20 278 485 583 403
120 708 674 508 459 509 404
68 768 551 807 277 248 533
133 166 366 518 17 362 27
121 681 503 552 652 662 403
24 278 662 590 141 501 407
76 548 644 20 507 647 562
59 635 502 333 247 551 356
155 547 642 549 425 334 481
154 268 402 230 58 269 126
123 711 223 578 270 564 295
76 528 545 646 469 372 587
151 826 188 301 116 117 144
42 842 313 496 699 497 450
48 952 587 93 48 607 338
155 250 325 367 642 342 547
140 753 616 550 489 483 283
105 430 735 121 443 111 617
50 353 244 89 556 561 403
127 223 711 466 399 352 295
66 866 461 710 516 548 401
113 728 576 248 660 420 533
121 269 636 171 15 178 145
94 912 381 387 201 137 255
67 661 16 305 446 90 362
14 634 805 879 541 605 558
125 143 510 552 631 501 277
78 475 13 292 150 384 63
151 67 435 258 46 36 85
123 645 600 652 629 394 662
50 132 403 317 173 580 231
123 977 465 509 19 28 459
148 870 633 189 636 178 241
123 972 623 555 490 420 391
154 221 474 276 260 269 402
155 408 380 411 379 671 523
77 562 279 315 609 469 490
121 880 600 563 372 682 618
97 400 624 132 80 77 81
154 676 402 260 276 149 58
59 972 680 873 554 404 391
138 279 600 485 662 631 420
133 137 627 148 114 155 104
120 358 106 112 184 633 222
72 343 528 629 545 373 453
155 642 719 547 342 345 321
58 650 102 808 262 205 173
140 877 325 425 326 329 332
51 588 728 647 50 782 420
155 747 284 616 489 654 622
67 619 866 587 393 499 644
25 895 979 983 364 640 639
24 143 703 821 471 552 501
24 875 494 652 740 403 464
50 353 782 556 19 469 436
154 716 767 603 622 489 643
127 404 437 24 28 513 303
151 712 153 779 152 312 165
44 787 141 459 24 25 303
72 677 6 494 617 205 169
113 624 445 93 231 204 34
123 216 435 46 8 118 49
78 662 647 356 246 510 393
140 371 490 471 552 373 407
155 0 13 18 257 1 384
154 474 676 126 269 392 217
86 309 156 412 202 104 105
76 458 19 279 490 509 500
154 484 302 150 151 186 63
154 902 659 489 747 284 414
151 601 425 719 250 345 329
97 916 704 50 143 491 246
120 786 205 624 204 47 174
151 867 643 622 283 603 284
61 233 682 353 500 502 246
155 564 352 578 270 223 183
92 110 93 338 174 191 500
51 901 172 81 624 191 75
50 828 837 740 565 646 507
76 660 401 556 459 552 517
92 868 594 403 437 680 372
155 103 276 221 41 149 120
140 234 247 51 315 383 577
123 751 33 138 518 87 125
25 244 507 866 510 553 407
58 225 268 578 222 676 300
123 943 126 145 40 260 23
151 205 173 478 316 94 47
151 753 593 603 421 483 414
58 356 838 588 662 581 631
123 535 2 816 3 62 59
68 218 556 471 629 470 303
126 503 312 347 165 404 395
123 760 578 841 270 564 295
97 751 422 33 427 361 125
151 719 693 326 425 642 332
154 454 527 39 55 198 216
26 796 989 648 909 439 649
43 933 843 239 0 31 195
59 822 223 722 466 358 79
62 247 828 734 417 587 583
86 833 275 226 494 169 121
140 753 659 602 603 284 421
123 157 66 86 65 74 158
72 912 387 415 113 104 134
94 703 218 233 50 333 501
155 684 836 574 535 573 433
76 239 384 562 596 84 72
122 912 381 156 209 210 105
121 591 582 110 476 303 24
123 438 49 11 32 85 61
58 460 279 448 231 787 263
43 191 127 80 204 6 47
58 247 509 393 507 444 356
50 822 669 224 225 655 78
155 217 260 261 221 101 76
140 719 326 693 339 425 374
24 96 537 969 661 525 427
94 863 491 623 356 248 583
25 776 732 551 710 407 517
123 911 526 563 493 372 516
92 846 500 431 510 513 244
138 498 491 246 315 490 244
151 826 188 235 144 117 160
67 653 885 553 420 498 385
42 666 635 513 694 431 360
93 89 187 45 194 9 505
142 552 545 866 393 553 662
113 867 774 643 622 284 603
70 546 790 588 417 502 545
155 27 138 33 64 87 91
72 458 615 471 710 565 517
138 838 607 498 576 592 471
151 171 119 161 106 44 293
123 96 185 201 137 156 255
122 790 596 652 503 373 548
31 828 715 395 526 629 682
151 877 320 481 374 332 251
70 663 448 34 6 93 82
140 867 659 654 616 414 283
68 72 626 418 819 419 195
72 459 838 821 393 562 507
78 218 815 495 745 246 243
58 844 319 682 507 740 562
72 247 645 596 576 498 471
117 545 647 592 526 548 517
76 404 611 175 25 507 353
151 407 728 555 510 652 372
62 351 469 243 356 635 420
123 759 74 86 100 65 35
92 684 37 765 36 61 535
55 567 750 745 215 492 468
27 768 468 782 592 710 492
125 189 230 217 145 197 178
123 456 424 118 85 59 61
94 967 662 618 526 498 790
70 646 356 89 465 264 635
97 873 563 545 555 652 554
27 867 774 767 716 550 331
48 581 465 233 371 507 373
25 318 420 667 736 668 611
123 323 816 85 118 46 61
151 601 339 693 413 334 326
97 315 587 404 581 499 552
155 659 622 643 602 489 331
72 516 98 476 97 508 20
155 2 61 42 3 12 424
117 754 674 436 20 88 25
155 2 11 59 118 220 62
50 740 554 500 509 596 403
123 538 12 3 220 49 162
120 141 401 647 502 453 315
44 626 818 0 13 135 195
58 243 459 372 552 303 548
154 607 592 393 652 552 373
123 866 728 555 554 548 391
120 27 288 287 688 447 167
56 264 924 583 440 441 600
97 813 555 682 499 453 372
97 285 275 514 173 94 75
138 868 526 631 513 576 453
60 681 563 565 552 526 394
140 398 271 187 272 9 5
151 674 24 476 88 20 175
76 591 508 607 403 97 19
25 979 895 983 364 640 639
120 543 193 245 213 289 542
50 982 655 96 309 362 95
58 806 693 587 821 374 373
51 896 315 846 462 733 244
71 343 403 623 503 407 628
125 760 104 105 477 722 79
133 462 315 704 51 567 244
155 659 603 716 622 739 331
25 606 581 615 740 580 583
43 115 579 338 316 172 94
86 753 767 659 774 331 421
50 940 782 218 315 576 552
125 508 194 146 5 444 505
155 145 23 474 58 375 126
122 4 97 19 175 24 505
154 694 631 513 417 555 576
44 798 785 210 387 156 155
14 554 752 940 19 509 470
59 563 353 461 501 246 420
31 545 635 734 588 583 503
154 80 48 102 6 624 81
140 112 269 149 221 22 145
154 169 191 48 584 94 263
25 734 218 806 513 401 583
76 297 689 851 558 690 298
120 224 286 91 87 90 477
62 734 590 733 599 567 244
25 528 838 469 551 407 490
67 470 599 704 491 233 498
76 682 513 703 247 498 533
59 24 927 562 469 646 635
155 424 61 162 258 37 46
97 790 737 600 576 393 553
80 635 526 768 407 652 517
121 319 662 563 493 600 565
123 567 277 141 491 247 51
51 911 728 393 647 545 417
14 317 514 624 579 259 47
140 870 112 190 256 636 184
97 395 99 670 476 110 509
120 62 38 69 216 67 118
75 635 88 576 480 465 675
120 25 146 187 147 9 505
123 821 593 283 739 414 284
25 295 237 864 558 540 537
58 343 551 513 431 360 576
59 733 461 821 502 548 533
121 141 493 513 592 490 463
122 507 506 242 109 282 580
151 507 561 662 596 372 393
42 490 916 820 863 461 599
94 827 623 510 554 618 728
155 481 334 345 329 332 339
155 87 518 107 286 33 125
15 720 232 724 30 66 158
138 575 317 262 173 170 48
66 139 998 155 210 154 255
15 927 469 243 631 485 420
42 791 655 969 829 525 661
123 759 74 133 214 100 35
123 422 187 271 9 147 272
123 310 222 352 295 564 183
155 547 746 549 251 425 332
155 41 217 375 126 392 260
42 115 448 77 232 102 93
97 546 806 407 581 548 545
123 178 120 149 22 230 145
123 477 17 138 16 64 90
59 172 713 663 83 128 82
155 547 481 374 345 413 339
120 629 0 257 195 1 485
72 832 234 333 491 383 243
155 749 573 433 684 432 836
50 875 713 787 507 285 464
151 646 583 407 403 507 404
97 832 485 507 499 631 492
25 319 646 754 353 465 395
92 551 187 505 4 5 395
123 657 118 62 162 32 85
25 712 776 246 528 492 517
43 24 613 492 420 507 505
117 507 595 24 437 531 459
121 106 402 474 23 22 112
67 768 892 318 335 787 752
154 41 474 76 276 375 149
27 844 615 545 563 485 517
148 581 600 490 548 592 401
70 940 458 99 88 89 470
120 478 710 391 493 420 338
154 220 424 85 3 42 258
151 575 400 81 94 205 263
15 734 470 140 596 806 492
126 476 471 394 583 680 303
66 361 4 423 479 272 422
127 222 57 56 311 223 183
138 185 240 122 148 255 104
48 395 710 143 463 553 600
103 143 303 492 393 247 248
42 513 165 88 99 444 517
25 911 782 787 768 565 391
123 961 716 489 283 643 363
97 737 682 838 507 395 499
59 796 711 252 537 466 79
148 561 623 513 403 517 372
67 905 633 95 751 362 44
23 33 669 298 852 537 655
50 279 555 821 615 499 395
121 403 180 193 289 245 165
123 243 596 401 662 562 503
148 674 500 437 675 509 470
123 60 70 130 254 142 67
66 316 80 400 308 170 47
113 977 97 99 20 508 175
155 8 61 258 12 59 11
107 448 121 174 47 94 259
136 274 682 533 652 403 395
51 732 395 694 618 561 562
86 179 136 113 412 104 134
25 471 520 463 333 143 356
66 353 977 476 437 175 264
68 343 401 175 465 403 652
127 265 629 710 562 338 470
72 827 628 710 554 373 728
140 528 618 728 628 510 492
62 502 733 50 143 612 246
76 161 178 268 676 293 15
27 823 501 581 403 583 453
140 580 373 431 563 469 404
48 364 741 987 986 742 723
123 843 13 21 31 18 195
59 545 244 646 588 431 499
62 827 461 704 315 599 243
123 901 47 205 94 115 75
51 628 509 499 646 264 517
122 551 790 782 471 548 373
113 500 587 596 581 420 563
154 587 404 471 554 533 417
133 660 581 372 499 469 561
125 236 517 635 505 147 5
154 767 363 622 602 414 654
134 905 870 14 184 190 197
107 468 500 565 502 492 583
155 345 642 413 321 332 425
25 343 606 662 647 503 583
72 25 710 248 631 471 403
155 106 14 227 197 15 256
50 618 45 360 734 505 420
51 105 772 78 300 773 477
121 330 554 694 493 562 821
140 821 329 719 547 321 330
97 360 682 510 526 391 498
58 513 461 916 248 501 407
155 643 603 616 659 622 363
25 458 861 248 647 393 470
125 400 102 7 231 226 47
14 617 876 80 571 47 204
123 535 118 11 61 49 59
155 596 510 562 407 499 403
72 877 963 320 345 425 342
94 545 635 592 404 395 401
59 803 575 494 400 204 121
113 609 501 407 471 492 420
26 810 699 354 449 327 763
148 782 528 596 581 499 417
123 991 16 138 107 366 43
155 435 60 61 12 46 42
50 398 310 194 236 199 4
154 572 410 212 376 211 294
138 963 719 374 332 746 342
155 41 392 230 126 23 276
78 680 458 24 88 595 531
59 672 730 679 466 537 79
30 662 612 395 356 248 503
154 642 746 326 413 425 547
76 147 398 919 793 9 5
70 463 838 868 588 401 490
72 821 601 642 719 413 367
154 236 272 271 146 187 147
92 474 189 676 106 112 126
121 34 127 494 82 47 81
140 753 643 550 747 421 304
24 782 507 463 587 141 516
42 680 610 490 420 470 681
25 575 34 735 262 443 204
72 861 551 600 393 407 507
120 580 379 380 411 523 335
86 850 576 503 526 513 373
70 892 404 526 782 493 576
94 284 963 320 367 342 821
15 898 942 157 673 123 203
127 652 360 577 461 588 420
66 371 152 838 562 394 503
107 259 735 430 226 111 82
155 116 160 188 301 235 144
148 448 317 47 94 169 75
113 113 387 381 154 104 134
15 802 681 609 485 652 248
125 371 629 555 502 277 666
140 838 247 315 609 490 492
155 421 659 774 483 622 363
31 503 24 681 675 635 470
123 535 62 61 258 162 59
86 911 315 561 548 503 492
25 892 889 645 768 555 607
133 745 333 247 420 590 50
138 175 607 517 395 465 403
133 950 404 553 469 748 776
51 828 510 940 588 303 552
123 759 133 368 65 74 54
103 89 391 395 407 444 403
59 949 735 173 47 308 170
155 159 527 69 131 39 254
97 599 491 551 247 143 248
155 379 671 411 390 408 380
70 464 735 803 115 443 494
66 855 813 492 583 431 471
35 850 453 246 469 583 502
27 589 532 787 860 318 580
25 470 596 50 734 248 592
155 29 65 214 100 68 74
121 748 264 24 25 88 675
154 607 682 417 662 485 552
155 2 59 3 32 42 61
127 22 190 129 197 230 112
151 286 362 427 27 33 17
126 382 912 114 202 209 104
68 98 25 485 552 500 89
27 611 501 587 526 710 420
151 129 178 168 184 190 189
58 293 260 227 112 103 15
62 917 97 353 303 20 509
125 1 418 819 419 10 195
151 867 716 622 283 331 284
120 7 285 127 121 111 575
24 328 335 698 449 727 327
125 221 197 44 112 217 22
155 368 74 100 54 65 214
97 219 779 343 153 347 274
93 471 670 531 25 437 507
120 373 459 465 508 500 485
94 383 528 768 393 499 407
120 24 563 404 394 403 465
66 39 657 12 435 85 42
97 323 765 60 36 85 61
51 815 463 513 855 682 420
50 420 700 25 28 5 505
42 338 927 121 115 226 464
126 270 200 182 56 222 183
123 761 220 258 36 118 49
15 617 6 448 460 191 48
102 494 316 259 174 111 205
155 435 42 46 220 59 37
67 648 745 492 583 244 869
107 247 752 588 469 583 471
72 338 94 92 102 205 169
70 745 815 407 490 583 215
154 239 384 31 1 21 63
61 740 458 545 644 469 517
123 876 443 121 115 262 204
151 674 437 110 19 509 88
120 947 273 148 249 104 155
60 896 647 395 248 431 823
5 996 740 229 307 248 464
68 754 476 502 583 470 88
68 795 910 648 869 649 796
123 530 28 175 556 508 531
89 657 869 155 785 872 756
97 844 533 545 407 471 562
26 102 575 400 316 317 205
155 251 329 320 413 330 719
92 7 833 47 443 803 81
123 734 233 140 50 371 243
15 165 892 465 513 493 470
155 749 574 836 433 570 684
59 733 353 498 682 463 492
58 472 312 596 391 821 490
113 601 339 642 425 330 342
66 596 843 257 18 195 72
155 87 26 16 17 138 286
58 927 463 565 548 682 470
96 338 545 431 790 553 420
14 348 634 852 689 298 637
151 609 50 143 51 243 360
25 619 674 828 565 562 469
117 513 782 813 728 553 417
133 8 38 131 216 2 67
151 629 554 548 499 662 562
88 783 464 394 927 395 502
33 752 555 776 644 372 502
94 264 588 526 652 555 485
58 75 825 318 369 683 231
67 850 404 180 193 219 420
58 427 771 366 91 267 64
123 759 214 133 86 368 54
107 333 783 507 502 583 420
155 2 62 12 85 36 118
58 732 463 644 503 371 516
23 828 279 491 896 244 631
78 343 682 737 513 395 516
122 505 694 372 581 562 517
127 2 322 323 534 765 61
155 22 58 103 392 230 260
86 507 50 587 768 453 393
93 660 644 682 553 401 395
155 18 21 1 0 63 257
122 218 526 710 453 554 587
120 802 143 277 666 218 303
15 815 461 734 733 612 243
23 832 728 680 89 507 498
155 162 61 220 59 12 8
72 455 826 235 301 160 144
125 371 652 710 592 606 463
97 438 118 765 11 162 61
154 268 375 149 261 126 40
154 774 643 283 659 363 331
154 535 749 432 630 574 570
48 509 868 279 787 600 303
59 889 343 647 373 565 401
123 343 562 470 553 710 453
44 838 734 682 652 526 420
123 324 100 68 66 133 158
48 520 710 25 264 373 356
93 350 652 470 618 516 351
138 710 623 555 768 561 391
127 434 83 285 205 174 75
72 920 152 180 193 245 219
24 644 588 0 485 135 498
123 835 549 693 251 425 326
15 964 947 798 381 137 155
58 813 594 587 652 500 554
58 807 783 50 453 372 244
155 2 258 220 62 61 32
140 902 363 304 550 284 747
50 606 966 517 502 279 420
154 465 97 89 509 476 459
155 145 402 217 149 76 41
76 552 563 666 143 407 490
123 892 372 728 710 373 565
31 343 862 403 728 498 652
70 868 806 404 513 596 453
57 655 107 166 751 125 361
155 9 194 147 5 146 271
151 457 182 183 56 310 311
140 695 365 566 364 482 439
44 832 612 607 493 401 492
25 92 448 678 174 317 231
97 635 728 393 553 453 498
94 371 500 555 401 485 647
123 444 592 562 563 576 470
140 248 499 563 510 431 562
50 530 802 28 582 594 531
59 704 658 850 492 612 420
120 870 392 41 58 145 178
25 929 267 361 64 43 91
68 427 240 627 113 148 96
121 535 46 220 8 2 765
155 250 547 325 320 251 413
155 131 69 142 130 198 254
44 867 753 774 747 659 421
120 319 647 552 502 631 279
155 102 34 132 92 6 77
122 348 409 224 225 252 537
155 485 417 499 652 553 552
133 663 173 172 262 121 75
123 830 4 194 187 272 5
94 892 394 417 471 588 607
113 776 581 600 555 553 502
151 161 168 178 14 241 197
151 362 64 286 125 43 17
120 710 215 612 703 246 502
140 196 184 106 256 14 190
70 808 81 127 111 115 93
58 957 154 313 450 155 449
125 548 233 247 315 493 592
122 588 682 485 628 561 607
138 710 682 623 596 513 516
123 72 662 502 581 407 596
58 796 526 785 756 513 649
154 402 676 276 101 23 260
72 244 828 470 710 587 420
120 277 510 513 394 407 50
97 717 711 300 399 466 718
123 498 51 606 277 141 420
66 759 351 100 133 214 30
155 368 30 86 66 100 214
123 717 295 78 466 300 718
42 257 150 552 565 485 63
148 469 545 581 592 493 373
94 877 835 425 339 326 332
69 782 587 503 565 583 710
25 827 846 394 391 838 492
120 490 728 545 645 587 631
154 746 719 251 325 345 320
97 805 605 349 540 348 558
121 284 623 618 393 373 821
154 143 492 246 491 277 660
155 21 31 13 10 257 135
44 226 663 77 7 6 169
120 844 244 660 371 431 562
76 220 816 55 216 12 60
93 715 660 768 561 492 629
14 580 265 490 530 531 303
122 901 464 226 128 308 75
93 677 80 47 624 81 94
123 381 800 139 179 105 104
24 538 37 701 657 725 85
122 548 359 233 462 577 243
55 855 644 315 407 510 768
24 806 832 712 395 274 498
94 670 629 458 404 469 509
133 338 83 226 82 317 169
93 916 503 383 461 371 246
155 273 114 148 113 202 253
15 545 404 911 140 599 492
48 226 470 906 319 507 464
153 48 34 231 624 102 205
103 462 703 51 612 468 371
154 700 194 4 9 45 5
50 833 231 386 128 204 115
92 215 545 533 503 728 551
121 629 333 247 360 356 431
148 227 196 119 184 190 197
123 787 471 596 420 528 517
97 606 576 740 516 607 583
121 896 548 581 502 652 394
97 343 782 552 492 407 393
154 457 182 57 73 199 200
50 828 334 629 401 821 587
72 868 264 499 554 552 470
150 404 453 662 554 394 600
151 179 412 253 148 273 255
27 990 588 892 303 787 607
61 750 737 491 218 407 492
43 247 279 587 652 502 490
155 13 18 72 84 1 63
50 125 447 661 524 167 751
30 128 808 317 275 173 82
51 829 780 638 685 781 525
113 752 394 485 453 403 565
138 587 596 555 628 548 552
58 934 537 764 568 560 569
120 630 2 32 60 59 535
14 455 869 664 328 450 842
140 663 128 285 115 82 205
117 97 754 517 25 437 89
72 877 871 693 320 334 329
155 547 320 250 481 642 374
154 749 535 630 836 570 432
23 312 374 89 838 507 821
151 704 577 501 233 315 140
76 140 606 495 461 277 383
123 872 201 210 137 381 155
113 870 112 293 106 178 14
44 575 448 102 92 81 75
151 412 249 240 134 104 105
72 588 806 682 623 372 554
27 803 430 172 448 94 48
84 174 677 102 205 263 169
58 711 112 564 222 676 358
66 828 165 303 503 395 407
58 886 680 545 503 303 662
120 382 113 253 412 255 185
58 623 335 862 607 787 391
155 425 330 339 367 332 345
125 501 828 372 407 360 599
25 207 113 381 387 154 255
68 279 430 205 115 128 464
122 546 510 471 553 516 545
31 813 140 790 737 407 401
155 40 402 375 149 76 261
84 584 34 127 82 93 75
133 636 23 22 676 106 112
5 555 440 886 868 790 401
70 862 660 682 499 492 607
93 267 362 26 427 16 286
68 855 596 465 19 403 471
155 171 256 168 190 633 189
65 468 861 552 499 516 647
138 599 728 554 587 682 502
86 624 448 386 121 83 48
155 87 17 125 91 26 518
121 980 767 414 622 747 774
140 415 122 309 96 148 273
122 353 588 493 499 516 533
155 106 633 190 189 256 184
138 870 161 106 129 184 14
155 23 120 58 101 260 145
67 733 50 372 828 393 215
151 759 68 158 35 30 29
14 680 787 395 98 88 303
155 283 659 483 593 421 550
76 815 141 644 471 371 244
126 556 499 768 502 444 500
105 453 580 588 821 552 403
15 822 298 564 252 237 537
123 954 425 330 332 481 320
140 885 357 405 337 385 336
129 737 880 694 618 552 391
151 51 583 660 383 247 612
151 826 235 188 117 116 160
148 189 196 119 112 197 190
27 607 681 670 24 444 303
140 774 716 739 550 331 616
133 275 77 132 81 400 204
122 461 600 492 417 554 548
126 248 662 391 555 356 490
138 463 215 356 244 631 140
123 938 24 88 25 436 505
92 352 41 676 217 103 270
94 765 39 435 42 220 162
67 388 397 307 730 396 389
14 888 580 675 491 420 469
97 896 592 806 492 652 493
155 393 600 517 420 493 453
33 948 600 658 244 583 407
93 870 196 106 129 197 636
62 112 375 268 269 402 76
62 857 265 97 476 500 582
123 461 631 533 587 453 647
27 742 859 566 695 482 439
58 916 647 333 233 461 246
94 512 898 673 203 124 123
66 353 338 599 50 420 218
14 615 596 838 857 444 517
113 663 443 316 94 205 169
59 784 222 161 112 633 44
123 73 223 564 578 270 183
72 682 461 609 141 243 420
15 832 234 828 838 485 420
50 935 721 376 572 157 211
27 580 802 528 565 868 600
97 859 566 641 364 365 439
125 27 240 104 139 16 33
155 258 11 8 61 42 12
120 555 556 110 19 500 588
155 44 241 189 168 197 227
113 67 258 816 162 12 46
120 268 14 44 161 112 276
44 140 279 431 401 565 631
126 493 371 577 215 588 490
155 101 149 260 269 145 676
72 889 646 533 618 499 401
70 782 587 551 490 583 498
44 911 832 372 562 526 503
140 631 694 728 545 391 499
59 850 333 503 453 490 471
97 323 816 220 118 2 61
57 567 463 703 612 143 501
58 879 57 252 300 183 537
55 562 467 996 464 279 507
25 714 516 721 324 157 715
151 623 710 561 417 453 373
76 782 565 680 248 728 562
14 783 776 577 866 499 647
140 533 501 491 246 247 315
86 139 912 156 155 105 255
58 88 263 580 338 317 470
154 572 410 294 376 212 211
123 907 659 616 363 602 593
123 265 20 89 670 110 459
94 612 404 806 652 516 453
123 351 29 66 133 368 65
50 798 139 745 756 134 155
155 747 550 643 603 654 489
123 850 552 417 391 431 652
125 599 531 436 635 383 315
122 241 269 145 22 230 112
86 437 752 587 493 517 470
151 191 115 275 93 262 94
33 753 616 867 767 602 283
25 218 502 590 703 501 246
121 980 414 739 284 616 774
86 947 381 387 105 185 210
94 937 588 545 471 652 553
122 802 615 470 404 500 303
72 784 905 129 293 161 44
93 866 303 587 583 502 545
25 862 468 436 394 469 420
155 643 483 550 283 331 363
25 846 703 548 233 461 244
42 605 805 690 689 298 558
24 628 526 580 500 395 417
66 827 838 453 470 517 629
155 3 42 62 424 816 37
97 712 548 403 417 498 517
66 140 855 623 373 768 407
120 50 594 595 459 303 218
123 231 30 74 35 29 158
155 66 68 54 100 86 65
14 838 469 645 218 612 492
93 862 517 694 404 710 806
97 303 631 652 628 431 502
70 886 645 623 682 431 581
97 500 782 453 662 645 401
97 750 629 790 581 526 710
122 79 381 137 201 156 477
155 138 64 125 107 87 17
142 404 782 526 628 470 372
58 588 703 629 623 248 498
138 870 161 106 119 184 241
51 494 624 338 317 34 169
154 618 782 694 526 499 516
15 443 579 677 191 173 93
58 409 559 608 537 560 224
138 571 808 434 93 47 173
24 674 98 404 556 680 88
120 655 9 187 271 272 638
51 892 458 645 498 531 470
84 868 623 645 710 517 401
68 427 87 429 299 90 17
94 447 64 362 427 27 167
123 944 521 457 57 206 199
66 220 925 254 131 454 39
78 121 94 34 102 262 205
51 783 490 750 710 623 492
62 827 752 682 372 565 498
67 661 669 526 694 662 655
70 803 172 132 205 170 48
148 682 645 694 629 401 492
92 338 132 93 204 7 174
155 217 260 103 402 149 474
27 461 832 806 838 510 503
122 412 947 209 154 155 255
69 279 500 728 561 417 395
50 866 740 491 333 507 492
121 896 552 728 662 420 623
94 610 734 600 417 553 407
120 220 198 131 70 142 42
126 227 564 295 223 112 633
123 135 533 401 576 393 485
92 140 561 592 498 493 315
120 849 607 561 562 502 850
59 754 646 977 459 458 508
59 448 464 204 121 127 205
44 96 912 136 154 155 105
42 710 823 140 360 501 453
56 450 931 660 277 807 763
155 322 456 438 323 534 61
133 85 70 38 216 60 67
155 643 593 603 654 550 747
155 226 494 285 308 169 205
155 432 836 433 570 573 574
67 583 745 567 846 495 360
48 650 814 579 94 231 173
133 703 590 462 50 383 243
123 771 305 426 91 90 446
97 615 554 868 510 417 565
76 400 172 624 7 584 93
25 750 356 900 565 502 492
151 767 593 716 283 654 603
155 180 193 181 213 192 245
126 748 582 19 89 480 675
123 754 436 509 24 531 437
155 3 11 424 36 32 12
133 132 400 259 48 102 205
44 617 262 6 132 77 204
24 803 624 507 285 464 47
58 490 265 503 516 444 629
66 551 563 141 609 492 356
62 863 493 360 660 507 583
122 469 506 589 108 282 580
14 488 721 211 80 232 157
123 216 61 3 816 59 60
148 746 719 481 339 325 345
155 158 54 133 66 65 30
148 526 628 862 581 516 372
151 816 258 435 3 59 36
25 338 503 504 476 24 303
155 148 179 255 104 134 96
155 261 392 149 268 103 474
103 191 617 443 226 94 48
133 790 395 565 583 526 498
44 760 672 237 252 608 78
50 972 546 576 752 645 431
154 596 618 417 607 471 499
123 34 111 94 83 48 170
59 323 142 765 49 42 61
50 274 719 507 493 330 821
33 393 567 234 815 383 371
58 199 276 295 633 112 183
125 103 841 352 270 260 676
66 356 615 548 513 517 652
76 645 618 404 403 790 526
120 565 141 606 360 50 393
24 265 670 218 516 631 444
151 831 242 109 506 282 589
50 551 464 459 28 338 303
42 680 464 244 215 420 507
67 452 756 8 258 46 451
155 474 276 40 120 101 261
43 458 353 498 694 554 404
60 645 510 828 507 838 587
56 972 567 704 247 468 431
123 594 552 565 407 373 404
80 947 382 273 255 210 136
25 219 776 740 596 565 404
133 636 196 905 44 171 15
113 293 870 112 636 184 14
66 803 876 128 308 205 111
70 278 372 501 356 471 373
140 469 465 476 88 436 500
72 394 734 485 373 553 372
120 424 70 38 131 39 42
155 13 18 257 384 21 1
104 728 394 646 517 401 629
127 50 493 391 401 244 407
122 644 646 395 404 517 516
58 394 492 296 343 628 152
80 575 191 80 81 94 263
27 750 462 526 469 503 492
72 675 581 403 628 372 470
127 352 73 182 57 841 183
76 618 806 153 343 510 372
111 98 670 531 594 175 508
153 51 599 733 666 243 315
68 646 248 494 127 464 927
97 750 393 581 561 493 548
97 815 660 233 247 277 244
117 155 139 113 134 105 255
59 520 567 463 360 383 246
154 392 402 40 261 149 23
151 826 235 301 116 160 117
72 218 343 401 838 372 420
123 458 88 110 25 556 459
27 243 896 303 561 607 660
25 754 516 458 680 531 264
127 361 26 91 87 166 27
68 861 629 554 645 555 403
51 267 366 655 361 87 90
44 113 912 240 800 179 105
155 12 49 220 36 85 62
97 501 490 662 576 373 420
48 225 711 841 270 466 300
122 318 469 660 607 470 740
127 734 554 581 806 507 492
61 343 526 737 469 373 393
66 356 880 453 587 768 373
140 266 17 27 26 91 90
140 838 533 652 498 647 431
127 240 210 387 185 139 134
122 611 740 592 403 517 248
50 308 338 77 624 174 170
123 985 55 38 130 254 159
15 861 214 734 875 350 351
155 40 402 41 22 76 261
80 505 458 556 670 465 517
50 427 524 107 87 751 125
121 468 403 407 471 490 247
50 608 638 730 852 655 537
155 747 643 716 593 489 284
25 710 838 246 631 393 499
121 258 142 70 216 39 49
97 823 490 607 502 372 507
113 902 304 867 421 489 331
86 179 113 137 209 134 255
122 422 236 4 5 194 272
154 424 435 59 118 85 12
80 364 695 741 742 439 641
66 528 813 806 662 645 492
138 463 745 244 243 492 360
127 118 323 438 534 37 61
125 705 51 577 356 519 520
99 87 751 655 661 33 27
67 627 455 301 117 144 114
97 514 111 81 115 170 93
140 248 576 372 528 393 600
15 822 852 608 564 223 537
113 458 680 97 264 531 459
140 902 622 421 659 283 747
155 413 330 251 746 326 332
44 468 609 372 728 628 492
14 177 930 970 5 830 757
123 498 243 491 215 356 360
154 601 339 250 345 321 374
140 838 652 561 555 471 502
72 676 119 633 168 14 106
121 947 253 148 105 114 155
72 199 793 9 194 5 4
92 645 277 463 141 606 485
58 984 439 853 692 648 932
72 505 828 728 618 493 420
44 666 588 513 596 644 502
127 533 218 606 704 502 243
138 870 293 197 171 636 15
123 462 596 372 502 510 492
154 911 510 516 417 607 391
126 637 679 79 822 558 537
59 783 465 682 561 403 526
80 866 862 776 404 629 391
76 545 596 580 740 662 607
25 567 609 278 652 583 420
56 464 897 730 637 634 307
55 443 514 678 316 191 262
154 803 308 111 443 226 169
76 557 683 335 231 340 370
94 231 782 592 710 629 565
58 909 895 365 364 639 439
123 448 803 47 121 111 75
151 765 46 816 36 59 61
31 510 977 19 680 508 500
151 561 623 618 431 548 533
65 164 95 209 210 255 382
50 459 416 533 401 351 470
120 876 173 191 174 47 6
24 285 624 338 259 173 82
14 989 910 976 487 909 649
51 343 508 513 600 20 303
62 343 555 682 407 592 516
113 161 636 633 227 241 190
93 668 533 264 500 248 611
68 678 263 80 77 170 75
66 310 608 222 352 300 183
80 682 551 950 776 395 502
97 873 592 561 471 596 499
94 580 790 420 492 453 403
151 737 485 618 554 407 393
50 940 611 453 492 635 517
148 754 670 476 582 508 264
72 302 485 384 10 135 63
155 816 118 8 37 12 36
126 201 649 785 756 387 155
23 728 444 153 896 394 565
120 800 17 361 27 33 139
155 489 331 643 622 421 659
126 246 694 516 618 599 660
125 500 312 153 274 404 615
97 440 528 618 587 453 583
92 729 28 458 20 508 646
94 750 533 806 503 401 662
154 368 158 214 65 35 100
146 404 866 644 471 694 629
25 873 371 264 417 516 373
127 315 493 662 588 356 420
151 183 521 457 56 73 311
133 196 636 227 106 161 15
59 813 218 563 600 552 554
51 136 179 202 114 249 105
67 649 155 273 113 114 756
27 815 359 606 609 333 244
68 353 612 577 490 333 218
140 484 292 302 799 186 151
154 94 338 478 191 75 48
67 140 734 391 554 393 243
97 954 693 719 425 334 325
48 692 233 450 842 745 869
78 838 694 463 371 510 420
142 436 582 99 470 175 437
50 79 841 558 298 564 537
56 637 208 477 156 382 537
97 395 628 694 513 453 629
127 415 95 309 122 202 273
155 283 489 602 622 643 603
123 353 553 552 490 471 533
121 514 445 77 81 170 48
138 740 513 629 372 507 583
44 265 476 662 545 553 517
123 485 18 84 10 13 1
27 609 599 694 592 417 492
42 615 502 315 606 635 500
97 961 739 304 659 284 602
121 973 16 17 33 361 655
59 551 844 436 510 562 303
14 937 652 863 674 470 553
125 234 393 470 453 233 501
122 476 548 503 393 485 500
155 41 402 76 101 221 145
123 635 492 618 502 372 548
138 264 453 502 533 469 516
15 897 805 851 348 637 558
27 823 338 710 583 563 420
120 596 233 491 333 501 453
151 650 316 262 584 47 174
123 531 401 607 600 583 303
27 710 528 588 682 394 471
123 165 192 193 181 213 289
14 343 863 463 776 404 583
127 222 392 149 58 223 676
154 339 642 330 367 413 251
76 566 641 894 859 482 439
123 426 518 286 17 87 91
138 680 754 88 19 509 437
121 896 768 391 453 563 394
14 353 615 502 458 646 395
155 547 481 332 719 549 325
68 750 417 838 395 499 662
27 861 940 592 503 734 776
123 963 330 320 547 693 746
72 436 838 545 554 372 517
67 510 248 19 670 264 583
33 386 275 575 584 169 48
97 648 853 691 854 932 692
121 588 24 28 89 531 517
140 278 333 243 143 490 248
27 898 834 123 769 673 124
127 912 156 209 201 202 134
140 902 739 654 616 489 483
42 25 623 828 783 552 470
154 816 258 12 85 162 49
154 526 628 493 498 401 618
107 600 234 143 243 248 420
140 870 190 189 227 636 241
106 218 662 533 628 660 407
25 754 504 343 476 303 25
148 143 461 468 246 233 383
59 729 367 553 565 821 469
78 609 143 507 279 246 490
154 767 593 483 284 654 421
59 802 590 353 356 577 248
122 96 751 27 166 362 427
140 870 171 190 44 241 184
155 55 69 131 142 38 159
127 561 476 595 25 407 517
155 142 254 69 216 38 131
72 520 471 143 141 501 246
43 430 448 232 92 34 75
120 273 163 164 208 382 105
43 4 404 674 19 444 505
120 258 216 55 70 67 3
120 502 251 547 481 342 821
50 940 274 502 782 165 517
76 609 371 499 607 383 660
15 674 458 776 264 505 509
154 601 339 549 320 345 329
50 279 674 552 401 89 507
35 592 141 658 682 407 583
68 892 545 25 265 517 516
123 827 373 401 576 553 417
67 837 588 629 513 562 646
76 596 353 24 444 404 507
155 257 135 21 10 0 31
148 561 644 629 499 503 526
140 591 88 670 556 20 25
142 518 362 427 87 33 17
70 530 635 110 89 264 436
154 437 674 25 19 89 508
138 93 127 285 308 169 111
121 885 407 561 503 510 644
123 790 600 596 652 565 431
72 782 587 468 371 583 492
50 675 591 680 507 97 437
154 517 821 562 647 502 533
148 556 635 517 476 437 436
123 463 471 662 588 393 431
66 645 279 393 623 490 555
50 879 760 427 655 399 537
123 477 295 564 270 578 300
25 52 272 428 661 427 479
72 861 338 231 318 787 565
15 478 678 81 111 443 75
123 925 130 55 131 70 454
27 430 102 121 317 115 48
127 26 266 267 305 43 91
138 575 316 174 262 263 169
66 234 485 599 356 583 383
123 765 433 570 836 684 535
68 894 909 365 482 439 859
68 576 461 356 315 503 498
25 541 537 845 864 349 540
138 768 662 631 644 647 513
93 790 51 660 218 371 431
140 119 256 178 633 190 106
56 88 997 394 838 889 303
70 907 716 774 421 616 593
155 375 276 217 103 41 76
25 732 868 577 485 561 517
25 233 815 551 916 660 140
43 808 678 275 169 94 316
122 114 800 207 139 96 255
154 749 535 432 836 630 684
43 772 608 387 156 155 477
25 780 809 751 685 524 525
58 783 480 555 470 675 493
97 911 485 821 393 493 516
123 943 230 261 103 40 23
25 610 548 343 394 576 407
27 319 752 507 554 652 565
25 430 575 317 443 115 111
26 950 319 372 588 562 776
154 747 739 283 421 654 622
100 490 728 776 503 592 391
154 719 326 549 342 325 320
122 518 771 299 446 266 90
72 990 644 528 552 516 607
93 469 612 551 218 371 533
142 161 189 171 196 44 190
155 2 12 46 42 258 220
109 703 666 660 502 277 371
97 535 424 220 11 85 59
122 564 200 311 57 73 183
127 139 185 210 387 95 105
133 161 178 227 189 129 44
155 676 101 126 22 217 103
68 516 324 68 30 158 715
122 855 545 499 554 553 513
151 67 32 61 220 46 3
56 644 350 583 734 351 596
48 740 394 82 494 248 464
43 669 862 647 492 631 662
155 535 433 570 630 573 836
148 694 592 563 782 710 526
155 411 380 408 390 671 523
120 526 19 25 88 264 485
72 498 745 577 468 233 244
48 927 553 732 278 493 248
59 737 218 628 485 587 417
80 386 430 102 205 82 308
65 868 978 607 373 545 510
122 756 734 372 417 647 513
97 561 277 815 491 140 248
56 808 327 338 731 335 75
151 474 41 221 375 76 230
154 363 767 284 483 489 331
80 556 675 938 505 19 88
58 644 304 407 821 284 493
48 862 501 615 588 548 662
150 503 768 682 561 618 548
72 471 609 277 606 333 247
120 107 266 429 426 299 286
66 806 343 592 618 631 502
140 356 391 694 710 431 492
66 23 870 106 227 14 112
44 381 95 412 415 627 104
123 145 197 256 106 190 15
59 430 922 317 262 94 75
15 224 399 560 879 637 537
123 871 345 746 367 330 251
151 256 293 161 197 44 14
15 508 752 728 588 592 470
155 250 425 481 374 320 251
154 693 601 367 325 250 251
121 97 215 246 353 356 264
26 248 823 563 607 768 395
151 816 220 67 12 3 42
133 308 80 231 93 400 169
86 594 110 97 24 25 437
51 949 77 663 83 876 204
42 580 141 647 555 517 303
140 674 437 28 500 88 19
148 526 737 407 533 554 417
136 756 691 692 869 648 649
140 733 491 233 501 141 371
66 880 815 623 373 420 492
103 278 862 553 782 631 373
94 264 873 526 391 554 552
154 631 470 576 587 516 453
44 871 877 250 413 345 251
86 674 98 531 24 175 89
68 905 256 300 223 633 44
27 657 538 435 816 118 85
25 417 551 646 315 635 583
123 517 556 88 97 175 89
120 629 360 233 599 246 373
122 980 414 489 363 616 774
122 886 404 629 600 393 526
72 871 601 425 547 374 549
25 545 623 821 660 395 517
42 553 463 567 577 599 682
123 467 596 526 372 493 528
140 601 693 339 547 549 481
151 774 602 593 603 622 331
103 600 577 631 50 485 647
62 308 584 204 259 174 75
120 178 217 375 58 22 112
84 563 776 611 635 470 507
97 609 666 501 468 371 356
126 50 806 576 629 468 393
51 832 469 371 599 600 492
120 463 393 596 493 607 660
27 427 564 348 396 637 537
50 493 465 606 246 395 583
121 846 356 141 660 371 462
155 100 35 29 86 74 68
140 183 206 457 521 57 311
43 623 218 615 565 404 631
107 356 828 513 453 623 652
72 383 580 596 526 403 583
120 485 590 745 233 244 490
70 561 563 88 303 507 403
44 387 382 249 96 139 105
43 394 278 645 554 431 407
137 279 244 502 453 394 533
96 827 563 618 548 768 629
113 650 575 443 82 47 48
155 630 570 432 433 836 573
62 909 566 641 742 723 439
125 360 740 580 403 244 431
80 587 644 480 646 469 401
123 103 15 256 189 227 112
154 618 576 373 562 485 631
120 675 393 431 391 533 635
113 674 670 458 595 459 89
25 887 515 957 450 727 497
58 960 611 344 229 464 228
155 221 126 375 23 217 145
127 55 118 85 8 38 67
155 336 385 405 337 357 406
86 770 632 775 614 377 378
138 886 768 555 563 526 554
127 130 118 85 42 69 67
154 768 420 562 513 623 618
154 161 184 190 112 197 119
66 728 950 517 404 776 372
76 866 516 849 850 662 373
151 902 421 304 747 414 603
151 695 566 364 482 723 439
126 308 434 173 174 494 169
126 175 565 600 592 509 500
31 873 303 628 782 493 391
123 612 404 553 517 607 492
93 599 470 596 555 526 682
151 402 268 392 101 120 260
103 599 737 373 588 682 492
151 765 424 37 11 61 59
84 444 628 644 545 470 516
15 510 927 682 333 704 420
59 733 501 407 463 143 218
151 97 505 110 459 444 25
44 139 415 387 210 201 255
154 221 474 276 58 269 268
123 961 659 483 654 739 603
155 40 474 261 260 23 120
50 922 204 191 478 443 94
122 39 424 12 8 36 220
44 103 168 119 161 129 112
42 343 555 754 25 20 516
97 72 576 647 587 471 485
123 102 47 317 400 584 48
66 504 353 99 175 505 20
62 838 464 682 407 469 507
70 298 237 760 399 79 537
66 839 676 564 352 270 300
94 223 521 182 311 310 183
133 740 247 277 248 403 660
72 948 662 490 528 498 493
120 370 576 629 492 565 318
155 106 168 636 256 241 189
84 463 383 576 507 248 583
123 412 240 309 95 800 105
23 786 650 833 617 169 584
58 515 291 777 449 763 497
15 588 850 485 244 218 583
50 821 317 108 589 231 580
155 367 329 345 413 251 332
137 806 631 592 404 710 628
58 509 460 565 338 316 403
80 571 263 465 338 478 174
80 453 783 615 404 393 417
72 750 850 562 372 471 492
58 876 263 132 7 575 34
140 112 260 101 221 76 22
27 528 873 629 407 623 391
123 167 87 16 64 518 33
78 359 590 215 248 462 233
107 876 75 80 92 77 34
97 871 693 601 374 321 251
125 218 596 528 490 371 315
123 740 499 548 493 373 607
154 719 693 345 334 549 330
43 478 922 285 115 205 94
123 675 459 264 110 99 25
142 243 623 517 247 248 490
121 83 231 445 80 92 624
155 216 131 55 254 527 198
154 435 816 36 59 60 85
140 399 237 224 225 78 300
92 361 236 272 187 4 422
122 453 913 585 586 625 758
48 448 460 735 443 584 262
140 34 275 400 262 204 170
155 217 269 474 268 76 260
93 243 99 404 303 500 533
70 782 600 606 141 248 431
58 490 464 503 607 338 652
127 338 108 532 109 403 580
122 627 800 122 96 249 148
132 343 615 470 394 152 565
97 873 728 682 417 587 499
148 768 728 471 403 372 499
72 896 609 567 501 51 244
122 207 947 209 156 154 104
123 850 510 417 528 783 420
94 459 694 631 503 618 517
72 612 682 470 555 554 453
44 469 485 277 246 143 420
68 579 443 80 445 205 259
44 343 915 499 407 394 516
120 498 356 333 218 248 562
138 87 266 267 299 286 91
151 867 643 550 414 421 483
25 99 97 431 675 470 175
148 469 391 393 394 565 516
50 369 77 557 341 232 370
151 278 596 562 373 583 502
50 175 561 611 680 583 303
120 733 576 563 404 652 599
24 174 226 445 575 77 48
70 752 662 599 248 631 373
70 844 940 372 607 552 588
121 315 459 508 470 517 592
50 204 478 285 386 94 115
154 593 767 283 602 747 421
123 857 437 99 19 476 582
89 140 303 606 551 635 463
151 954 321 642 367 320 547
125 46 433 836 535 12 59
154 739 304 414 483 616 421
15 595 782 351 404 395 470
72 631 815 501 233 468 140
72 611 407 360 247 371 356
14 563 89 615 837 646 517
50 935 721 294 376 157 211
42 592 752 247 491 244 498
155 217 276 103 23 149 41
127 575 460 434 478 7 93
97 461 555 469 492 533 583
43 305 79 381 210 104 477
72 239 782 623 503 629 485
50 905 217 178 241 76 15
59 740 734 469 644 372 516
58 427 524 800 95 751 96
84 394 509 752 561 395 469
120 167 90 138 286 17 362
113 545 510 395 576 517 629
140 963 330 693 251 425 642
76 545 583 25 444 407 516
151 594 89 19 436 670 444
78 494 259 77 102 83 169
43 708 580 806 607 694 404
121 803 386 464 127 128 47
123 2 322 456 323 438 61
154 601 339 326 342 334 250
24 99 857 153 395 274 444
123 207 154 201 155 156 104
155 133 30 68 86 74 54
123 423 146 194 147 4 272
122 835 642 330 345 325 339
155 91 138 64 286 125 107
15 528 768 507 694 806 499
155 652 728 471 526 548 417
58 468 783 490 407 737 660
25 679 796 879 346 537 79
71 500 587 628 555 662 768
155 87 138 16 64 27 26
97 315 581 403 662 561 652
151 767 363 739 654 284 414
70 876 624 275 121 169 205
94 422 167 138 27 33 125
120 703 485 431 607 393 246
120 51 444 437 99 264 353
26 823 728 501 583 577 503
151 356 395 561 682 420 490
48 833 579 713 285 93 115
15 463 628 528 545 782 485
23 271 830 824 848 793 5
66 715 752 372 492 403 629
127 11 69 55 131 59 67
44 426 477 17 27 64 90
151 623 395 660 502 490 485
78 356 815 401 513 215 583
24 612 372 239 467 597 453
58 615 360 499 407 463 607
107 50 490 733 356 277 247
126 242 492 469 600 282 580
93 745 407 501 356 420 234
122 353 587 647 583 373 551
129 710 248 623 583 607 548
133 166 286 518 125 751 27
80 587 561 594 404 431 710
92 683 94 231 173 170 370
93 662 110 635 437 264 600
102 510 551 682 356 629 533
123 798 137 185 210 382 155
123 743 236 9 45 194 5
148 218 468 577 315 140 333
24 336 725 740 498 507 885
97 844 596 394 499 393 562
51 240 156 202 253 209 105
97 821 490 662 629 492 563
58 895 988 364 640 983 639
151 234 333 315 243 577 233
70 80 173 128 115 47 93
70 885 528 828 407 373 498
67 233 832 453 623 498 462
125 52 524 525 661 71 791
123 383 417 587 618 401 407
72 813 343 493 552 652 372
51 674 787 588 646 580 469
25 264 504 709 458 595 20
121 467 782 862 498 417 453
92 631 28 470 505 476 373
66 386 584 833 803 169 83
133 448 434 173 172 82 94
127 205 434 191 172 115 94
97 534 765 60 2 36 61
126 4 582 531 437 5 505
23 838 610 675 24 635 395
72 751 427 138 90 26 125
155 345 330 329 325 251 481
70 833 494 81 263 75 121
61 458 710 844 821 607 517
51 226 306 335 740 307 464
93 717 633 358 223 295 718
31 783 740 728 623 470 502
97 855 554 629 502 618 513
151 601 693 642 326 367 334
155 474 149 101 22 40 268
59 72 356 607 401 623 596
107 463 502 50 243 371 492
44 461 333 694 652 513 420
140 394 533 401 728 471 652
155 103 149 58 101 41 260
67 179 114 213 181 192 273
122 132 386 308 48 226 170
25 274 646 868 553 576 403
51 338 277 555 372 612 420
155 643 602 489 421 747 363
15 458 868 734 682 563 517
123 615 502 629 600 471 607
111 581 356 463 140 552 420
155 22 149 101 375 261 402
66 862 674 471 499 470 498
155 693 332 325 326 549 746
113 500 647 629 607 503 513
122 444 652 647 555 431 470
72 490 790 728 503 545 499
113 828 548 734 553 393 372
80 628 587 967 790 401 502
123 776 493 373 526 453 553
92 526 97 436 28 476 510
72 694 588 315 660 583 492
151 599 647 391 498 517 502
68 880 401 248 333 631 618
14 396 306 634 689 298 637
155 654 284 602 616 659 483
151 838 576 596 565 562 391
48 787 245 631 453 152 303
15 317 571 901 111 494 75
48 646 612 24 436 248 507
62 850 563 623 618 581 373
80 753 767 907 593 421 654
66 862 465 407 710 517 417
72 530 264 417 490 517 600
69 768 490 491 501 143 498
120 548 141 491 666 248 682
102 628 243 407 141 600 502
123 142 49 60 2 8 67
151 902 659 654 414 284 483
155 374 329 326 342 320 251
97 480 555 469 502 404 576
72 455 826 235 301 117 144
155 112 129 190 241 14 161
72 832 565 526 662 562 420
58 627 64 95 96 427 134
154 659 867 421 602 331 283
72 806 644 404 393 562 401
31 501 900 607 682 502 453
82 111 102 316 434 170 205
72 704 873 533 583 513 431
72 892 681 500 264 403 470
68 28 592 782 607 420 500
154 474 221 103 375 58 149
44 861 458 533 553 618 517
123 317 205 121 226 285 115
97 862 768 710 513 552 510
155 549 325 345 332 746 334
154 535 749 432 630 573 684
43 817 428 16 33 27 166
154 517 728 471 510 492 607
42 714 157 652 552 629 715
69 453 680 582 89 509 507
155 142 254 159 69 67 55
151 387 381 382 201 209 136
143 51 463 660 577 606 246
151 826 235 301 116 117 160
121 422 64 26 17 33 361
155 55 198 38 130 39 159
44 618 303 360 277 51 420
94 828 752 548 782 561 372
138 453 588 404 469 533 403
155 162 46 62 258 118 85
94 911 393 728 562 401 694
62 827 806 587 393 596 629
27 663 678 460 231 478 75
25 444 152 838 607 493 303
61 638 479 751 167 427 661
78 81 121 478 172 169 262
127 161 636 227 171 129 14
58 745 725 692 785 778 869
44 501 827 555 545 485 492
121 444 694 806 652 492 395
123 31 151 186 292 799 63
94 512 834 673 124 203 123
14 868 343 500 645 662 516
42 501 745 417 513 583 243
123 274 193 213 181 192 245
44 912 96 185 382 154 105
31 802 533 394 509 500 595
120 114 117 160 301 144 455
140 507 618 554 548 499 517
68 300 184 905 196 190 633
155 636 197 171 106 227 190
14 561 813 911 507 623 391
58 778 468 872 745 461 756
123 446 87 107 518 64 91
151 770 775 614 377 378 529
58 874 264 318 464 507 319
123 461 728 555 806 628 498
154 339 642 693 334 251 329
59 694 246 681 394 490 404
78 682 806 734 244 499 453
154 221 474 120 149 22 40
151 563 545 607 629 555 453
133 191 494 430 82 262 48
33 949 121 102 434 75 170
125 56 399 679 358 311 183
155 54 86 66 65 29 368
127 393 247 333 666 404 248
122 237 387 156 154 104 477
93 509 607 243 533 583 606
120 573 8 36 49 59 535
97 315 629 528 587 576 552
155 101 276 145 58 260 41
132 270 44 189 15 676 633
72 830 700 236 146 4 5
151 588 485 513 502 555 516
27 728 768 838 599 517 502
94 72 828 431 652 372 596
123 843 257 1 21 18 195
148 588 548 553 404 503 493
50 813 556 565 629 500 417
120 662 140 577 360 356 393
148 259 514 460 263 47 48
24 624 174 875 285 464 75
68 467 485 476 97 264 600
25 814 6 100 157 158 232
15 443 663 285 316 317 75
62 886 776 782 498 588 401
58 896 0 548 583 596 660
121 303 694 728 499 581 583
33 277 563 533 828 373 420
75 838 806 752 782 628 581
126 185 426 305 90 136 477
155 168 189 171 227 184 241
113 873 562 806 607 391 499
122 862 710 645 401 470 555
92 50 838 561 628 373 468
123 943 474 126 276 40 23
97 868 623 710 431 554 417
121 752 618 728 499 555 403
42 278 140 499 503 618 660
122 612 782 493 401 554 453
61 681 469 662 596 583 394
50 395 915 787 338 861 403
15 545 563 828 565 533 562
59 911 218 647 513 407 391
58 876 173 102 81 262 34
24 928 85 953 656 715 657
31 464 77 617 82 204 226
44 612 233 510 517 710 492
151 596 783 737 492 510 502
66 423 700 194 187 5 272
80 677 448 650 191 263 262
86 674 458 476 582 459 20
120 132 308 494 226 47 81
72 793 398 146 272 9 45
48 921 994 946 487 291 486
94 303 880 391 492 618 607
59 505 277 600 576 631 517
155 693 481 374 334 325 345
154 220 816 46 42 49 162
59 862 737 645 728 552 372
27 634 955 879 540 348 558
27 868 395 628 645 431 401
140 112 217 268 392 230 103
140 963 345 251 547 425 413
50 778 692 872 155 648 756
154 629 554 533 493 393 420
155 101 120 402 58 261 23
70 650 448 808 316 262 48
123 422 87 90 286 138 125
68 567 50 628 493 583 461
59 94 92 833 121 204 115
27 927 338 595 635 175 403
70 348 295 409 252 300 537
127 817 688 288 287 166 447
66 737 787 581 563 517 576
123 539 220 11 435 59 62
97 316 579 263 275 259 93
27 618 561 828 563 507 393
23 393 599 606 175 509 517
44 338 509 431 372 533 403
44 353 916 631 499 492 407
148 457 183 182 200 56 311
23 700 271 938 28 505 9
138 596 618 710 470 576 607
155 32 37 61 435 49 59
42 838 618 595 500 403 499
148 167 518 43 427 27 33
151 676 402 375 126 149 260
123 216 62 32 85 12 60
113 485 531 670 509 264 500
155 375 474 23 402 149 120
97 264 740 587 583 660 470
123 165 647 554 600 533 517
93 567 431 666 704 141 577
68 215 338 555 513 607 660
25 758 828 782 565 728 453
25 817 428 518 361 33 166
155 40 276 230 76 221 23
62 860 174 445 102 75 231
123 871 547 321 345 342 251
155 413 326 332 329 325 320
123 165 180 181 213 192 289
59 79 112 578 352 633 300
151 647 407 782 517 493 417
155 375 276 58 474 402 120
15 832 644 279 233 140 420
25 793 505 423 147 272 45
123 832 562 600 533 373 420
62 584 803 132 204 443 169
123 299 26 87 125 27 286
155 647 631 485 628 510 498
155 178 197 112 44 184 241
140 680 516 493 607 600 404
140 803 460 93 94 75 47
126 69 62 46 3 70 67
44 122 113 155 382 137 104
133 646 555 503 393 507 404
142 95 202 412 207 273 148
42 813 600 371 233 360 498
155 40 261 23 276 217 269
155 767 483 489 331 643 654
123 316 259 81 204 115 205
97 873 752 528 576 470 502
15 964 798 872 156 255 155
151 361 518 138 125 43 33
133 790 528 737 562 710 391
151 753 550 659 283 483 421
123 154 122 96 179 148 105
120 223 44 178 241 106 676
123 253 207 309 240 249 148
44 704 828 596 662 503 420
155 250 332 547 251 425 321
66 963 835 251 374 339 413
68 895 640 482 641 364 639
140 943 474 76 217 22 268
140 826 235 301 188 117 144
140 645 552 517 565 548 401
94 458 50 490 407 660 303
155 22 269 149 276 120 260
155 56 200 73 521 311 310
117 400 624 803 75 47 48
58 493 609 461 371 491 647
154 644 600 513 372 562 554
106 365 742 695 723 482 641
138 635 554 561 407 469 420
133 545 490 600 563 581 499
31 99 737 635 594 404 509
94 961 753 767 421 331 603
113 768 662 490 517 562 555
94 20 490 503 596 629 516
146 768 528 737 404 373 553
154 572 410 212 376 294 211
72 666 490 50 233 492 333
123 338 618 629 513 502 565
123 902 716 622 304 616 603
50 391 915 20 175 861 470
14 644 748 861 530 509 469
126 812 651 418 419 811 819
120 912 181 180 289 192 114
58 728 245 592 394 152 420
140 471 143 704 491 248 315
96 165 581 490 838 592 470
43 4 613 754 20 465 505
154 514 786 434 191 460 172
56 253 795 785 649 796 114
70 868 618 315 490 431 417
94 132 584 448 262 263 170
134 174 232 205 6 169 48
94 305 427 107 125 17 91
128 420 476 531 89 469 635
86 587 644 694 403 516 652
84 873 644 246 303 401 502
86 821 768 644 471 431 469
50 566 741 859 909 742 439
42 606 612 459 556 303 315
154 286 366 27 125 107 17
43 844 646 628 516 555 588
154 527 454 159 69 130 216
50 553 473 828 507 472 490
72 867 961 739 716 363 602
25 942 834 512 536 123 124
127 615 25 476 88 469 500
155 250 601 413 330 334 251
62 594 338 782 431 403 517
140 877 339 425 367 251 374
134 947 96 104 255 210 136
133 785 381 136 134 114 155
80 752 728 50 407 561 502
127 633 679 79 722 352 295
148 700 187 236 45 4 9
59 984 649 853 854 691 932
140 753 593 716 616 414 284
56 500 915 734 351 290 503
123 892 493 710 561 782 516
94 551 911 470 492 391 583
80 841 676 225 300 270 223
92 514 20 338 500 465 47
155 76 103 40 101 221 402
155 8 60 12 258 62 11
77 360 628 790 710 734 431
25 861 395 1002 596 526 516
33 861 821 911 806 607 516
58 741 869 723 439 648 742
70 832 552 353 246 315 492
121 464 259 94 169 170 226
120 353 607 581 470 492 315
72 796 295 225 608 78 79
113 98 504 436 24 19 20
155 116 160 117 301 235 144
123 802 247 360 315 218 248
59 786 448 514 47 259 173
42 51 471 285 83 464 356
122 861 25 20 88 531 507
123 827 565 533 393 401 417
123 113 122 207 179 309 148
103 267 655 17 361 91 90
129 576 175 531 635 395 517
70 468 821 592 470 533 503
125 261 168 190 15 269 23
155 36 59 85 3 435 258
94 763 652 577 315 599 660
126 198 424 12 46 142 67
66 465 645 417 561 545 517
76 221 474 184 15 276 145
43 875 338 442 307 306 464
138 99 394 516 395 444 500
23 265 89 828 790 407 303
72 827 140 745 234 233 243
121 295 636 870 178 184 633
72 768 813 545 581 694 554
65 754 888 505 500 469 508
121 121 92 132 6 102 93
123 122 185 381 137 136 134
72 655 608 399 722 79 78
140 122 156 137 154 134 105
155 257 10 13 72 84 384
76 876 80 386 226 77 204
155 549 329 746 250 345 326
151 398 146 147 9 45 4
48 371 844 936 609 517 248
44 265 476 417 782 391 470
139 776 498 561 471 469 647
140 145 184 227 171 15 112
154 381 477 201 137 154 104
25 353 599 783 548 393 407
26 315 278 548 394 510 660
154 182 206 199 311 200 57
120 403 333 491 50 143 353
55 51 635 768 407 463 551
154 618 600 588 417 469 493
23 787 545 682 500 395 607
123 850 631 592 510 499 373
140 676 41 230 120 221 101
50 679 447 224 252 167 78
151 239 135 18 13 21 72
111 880 554 629 728 768 618
51 154 415 240 309 253 104
70 652 631 51 606 333 583
33 462 733 407 491 141 371
67 827 143 510 563 453 577
59 814 127 7 34 75 231
155 489 602 747 603 654 331
120 338 670 19 556 25 265
148 395 555 510 407 470 552
97 909 365 695 482 641 439
61 748 588 319 787 507 776
66 776 243 555 565 533 517
50 892 173 533 561 338 470
97 615 592 561 516 401 395
123 404 192 213 180 181 219
148 737 490 517 510 404 499
148 612 373 463 143 246 248
107 102 833 262 82 93 169
151 826 188 301 116 117 144
129 768 476 444 470 618 565
97 545 592 828 248 631 493
31 916 644 218 500 420 407
155 251 547 719 334 345 320
67 623 734 416 350 351 417
155 592 555 470 548 533 492
97 873 694 596 728 493 401
140 737 581 682 587 407 554
97 821 746 642 549 251 330
155 547 325 481 367 326 329
97 98 556 675 509 444 89
107 501 658 218 612 248 315
15 734 850 750 246 501 492
48 731 264 831 580 565 319
15 551 469 351 141 577 420
121 595 552 587 493 652 394
121 734 782 555 607 629 507
59 551 992 277 141 609 360
94 868 394 710 404 469 401
123 954 334 374 719 329 367
48 609 430 498 631 464 248
97 889 752 710 561 565 607
35 700 187 793 398 5 4
154 424 220 11 36 12 2
121 491 401 588 471 592 248
138 873 628 372 417 554 548
155 188 301 116 160 235 117
44 475 18 150 484 186 63
126 231 862 502 628 787 565
148 644 768 393 420 493 391
113 623 710 394 403 513 453
148 293 168 241 161 14 15
148 676 375 230 268 276 23
151 77 121 443 169 170 205
123 980 747 284 622 483 774
67 533 383 462 359 234 733
58 475 238 18 31 239 135
72 732 821 644 629 373 562
140 571 191 93 94 173 172
25 596 587 546 790 694 553
76 557 369 814 232 340 370
123 679 352 841 270 564 358
42 612 461 526 516 373 244
138 537 638 422 661 427 655
72 669 611 607 431 420 600
27 495 140 548 666 502 243
151 831 109 242 108 282 506
96 646 391 500 768 552 517
97 591 670 99 459 476 20
123 142 220 258 85 2 42
50 171 905 676 22 161 112
78 563 561 50 599 662 407
65 444 501 218 606 143 635
26 463 383 647 507 652 660
125 9 521 310 199 187 4
94 787 647 623 631 471 507
30 866 165 303 821 152 607
31 546 828 576 526 373 694
123 274 193 181 180 289 245
127 249 412 113 415 240 148
31 796 711 722 822 78 79
154 618 563 587 592 510 516
138 444 373 407 503 303 395
151 122 202 253 104 105 273
15 855 850 360 453 581 420
151 129 256 168 190 44 15
155 156 185 137 201 381 210
127 49 70 55 159 42 39
155 190 256 14 227 197 168
14 556 594 674 613 505 508
133 444 710 553 401 395 469
27 828 599 561 513 510 652
58 812 13 418 419 195 819
72 682 916 371 383 660 407
129 400 514 460 174 262 584
151 913 621 758 586 625 585
15 672 760 711 224 346 78
148 776 821 373 470 404 502
15 415 912 240 477 185 134
121 152 728 470 420 372 343
123 404 244 247 315 733 248
122 296 548 431 552 503 821
67 25 463 596 555 490 635
65 383 737 629 403 469 490
123 752 459 509 436 303 517
94 783 404 662 581 517 526
72 318 844 453 401 517 565
78 484 292 84 10 186 63
48 677 77 121 115 575 94
5 681 662 595 752 646 403
67 478 787 247 141 248 231
138 803 81 93 170 443 47
58 606 966 682 533 279 492
72 409 822 760 295 679 79
55 530 545 371 647 554 600
123 278 282 109 108 532 580
140 677 75 316 478 262 93
120 453 599 360 383 356 393
27 752 458 490 662 492 403
123 455 301 160 235 117 144
155 283 603 363 483 593 747
154 339 642 250 413 330 549
68 904 335 169 170 231 318
59 517 462 333 51 567 248
72 343 662 470 404 581 516
140 703 577 660 468 383 247
66 833 650 94 263 47 169
50 409 638 466 760 422 78
59 940 279 662 516 507 517
23 996 248 396 442 307 464
154 535 749 573 836 684 630
25 353 828 662 469 516 507
25 728 437 768 660 647 470
123 15 217 221 41 58 23
154 182 521 310 200 199 311
155 131 159 527 67 55 69
50 338 779 476 89 152 303
155 2 37 816 60 424 36
51 846 50 682 431 468 492
15 670 551 580 531 28 303
72 296 740 407 499 516 395
57 948 680 838 395 303 493
70 880 790 561 417 499 694
43 735 464 663 47 205 494
78 710 783 315 143 493 420
125 215 470 607 503 577 360
127 466 223 352 222 79 295
140 139 201 137 387 105 134
120 471 99 20 24 505 469
48 497 890 486 763 314 449
58 842 738 449 763 354 450
78 143 733 631 828 371 248
154 800 134 249 309 139 105
123 49 69 70 55 130 67
59 978 631 546 728 503 545
151 676 402 474 103 269 126
126 221 564 270 223 268 676
140 644 782 407 517 607 492
51 822 225 711 718 224 78
43 274 330 420 431 587 821
151 694 768 393 548 492 453
155 40 41 103 276 217 261
122 358 200 73 56 311 183
151 816 435 220 118 36 8
42 362 15 237 225 300 633
151 765 118 42 61 8 85
92 399 387 477 155 210 78
154 759 100 35 54 29 30
24 633 841 474 676 23 270
154 111 617 308 83 494 169
120 612 510 373 728 652 599
66 475 770 31 84 195 21
25 752 850 440 303 401 502
102 469 623 545 548 644 629
25 318 681 667 736 668 611
126 905 676 106 112 196 190
120 791 91 286 26 125 422
50 393 832 247 215 567 468
25 647 758 615 576 565 453
43 458 740 371 548 503 517
50 970 5 176 177 830 757
137 821 545 471 644 469 372
24 855 490 153 587 821 471
155 432 573 749 433 836 570
155 1 384 13 18 0 135
107 431 437 580 303 469 403
120 218 567 462 590 233 141
140 740 552 588 420 607 517
127 16 305 446 267 27 91
44 467 868 502 581 492 453
43 814 860 81 132 102 232
127 381 179 309 240 137 104
72 734 821 554 652 565 503
155 374 330 332 719 481 250
140 751 518 87 107 43 27
25 911 750 666 660 277 492
123 961 283 414 654 304 363
72 680 635 89 97 24 437
120 844 547 332 719 367 821
68 817 428 661 655 362 166
151 839 409 225 346 224 252
155 550 483 421 363 603 739
92 703 278 393 576 600 246
151 504 88 99 28 19 24
86 387 412 179 309 104 134
43 463 278 233 50 244 660
154 256 161 14 106 15 44
76 873 652 143 463 502 431
123 299 138 17 27 43 90
76 580 588 153 165 404 615
68 615 407 680 437 403 395
59 98 480 556 476 675 89
72 422 225 399 466 79 78
44 860 80 448 262 75 231
24 551 20 434 338 478 303
66 850 278 623 562 248 652
122 611 89 437 508 465 680
94 234 453 141 315 492 371
76 782 768 950 776 373 372
138 737 623 533 629 499 502
97 935 410 572 294 212 211
44 944 4 310 73 206 199
97 752 694 588 555 492 471
67 510 623 371 233 248 628
62 174 443 102 81 115 93
123 279 516 554 526 431 420
107 862 694 517 485 628 372
151 375 269 268 40 276 120
107 902 774 643 622 593 483
151 381 387 255 154 155 136
86 136 253 139 179 104 134
25 540 955 878 298 637 558
122 917 97 531 476 508 680
14 278 526 768 776 395 373
68 571 460 82 803 48 174
120 762 816 8 60 49 761
48 861 551 682 404 647 776
15 782 682 513 444 437 517
96 343 526 587 545 548 583
24 821 694 278 303 248 510
140 387 412 202 253 255 104
59 224 168 358 222 633 300
25 567 682 680 343 303 420
123 830 271 187 9 4 5
57 554 787 551 395 403 533
70 279 599 768 485 498 420
120 359 143 218 491 50 234
44 802 868 583 503 629 600
123 783 596 628 471 652 372
138 552 465 509 436 469 517
154 405 653 337 385 336 357
155 470 555 417 420 372 607
155 269 101 402 103 474 217
151 719 326 339 425 367 481
120 198 36 11 61 42 216
14 592 888 615 360 503 469
58 780 423 661 638 272 525
140 505 471 682 485 420 517
59 959 646 530 509 404 531
151 182 206 521 56 311 73
97 872 114 477 104 134 155
113 694 563 505 500 470 404
154 527 454 131 69 130 198
50 545 582 615 507 509 517
151 618 395 404 588 373 565
155 346 237 78 224 79 252
93 980 753 659 304 331 774
140 351 74 133 100 86 214
56 629 702 656 725 701 715
43 161 784 636 227 189 44
140 644 623 592 628 553 513
72 786 94 317 338 316 174
154 182 521 57 56 310 73
59 507 750 644 647 548 453
155 76 268 126 101 149 474
138 114 800 95 207 148 104
140 752 453 694 710 576 431
25 734 758 404 528 499 453
24 904 611 459 740 403 318
51 790 528 239 72 631 485
151 596 394 588 393 600 563
155 251 320 250 549 547 321
120 427 299 266 446 90 33
128 233 562 490 431 371 577
120 525 423 53 71 422 661
155 8 162 11 435 3 62
26 862 234 647 563 821 420
125 221 129 189 112 392 230
72 733 592 607 561 652 533
127 60 38 70 527 42 216
121 312 628 417 552 647 821
44 718 672 608 237 225 79
93 677 650 75 514 172 259
62 400 808 448 231 478 262
68 422 524 829 969 525 638
155 521 73 206 199 57 310
55 590 807 303 141 277 577
58 606 393 660 599 498 383
94 264 782 533 548 555 552
148 424 67 220 258 118 85
121 462 612 703 215 247 50
31 972 244 403 806 502 391
127 87 446 267 266 64 91
107 961 867 716 483 363 603
66 972 750 768 404 492 391
25 463 916 495 333 243 660
65 650 430 94 259 111 172
99 612 353 561 403 244 141
72 713 443 386 464 83 226
113 303 528 623 596 517 401
127 790 393 404 588 645 471
93 663 77 259 81 170 121
33 588 458 19 680 459 500
75 153 533 481 367 403 821
97 915 644 548 513 492 516
72 782 533 567 233 244 420
50 395 318 768 431 787 403
122 505 728 417 453 492 403
15 777 450 951 515 496 497
120 391 257 72 0 135 431
151 767 659 716 643 654 747
155 622 716 414 284 283 489
123 222 409 224 252 477 300
125 600 51 143 246 552 682
140 112 101 58 217 230 103
58 394 704 492 587 218 513
151 395 153 779 165 152 274
155 221 375 217 41 120 22
155 432 630 836 573 749 574
123 905 14 129 189 184 190
70 815 733 618 548 533 243
140 431 51 333 246 371 315
58 598 403 732 279 787 467
58 525 141 495 745 215 590
44 463 790 587 372 513 407
134 806 752 469 403 401 553
94 504 680 670 437 595 25
59 494 731 460 478 231 75
48 791 167 685 638 427 661
148 645 768 417 728 391 492
127 201 309 139 179 137 134
68 828 353 110 20 264 248
48 234 710 606 143 548 501
66 737 886 600 394 372 576
126 99 555 403 516 508 264
5 386 430 803 575 81 82
43 681 353 234 244 577 248
59 440 750 628 652 710 401
151 754 459 476 20 508 264
48 77 83 340 369 259 231
24 928 85 649 656 715 657
97 961 902 616 593 283 602
82 823 244 768 855 734 647
120 491 647 393 548 503 315
155 547 339 746 325 693 367
27 434 80 263 111 575 170
127 751 87 91 16 167 27
25 773 224 179 209 134 477
154 535 749 432 836 684 630
59 715 599 555 373 682 629
117 601 339 719 332 329 321
96 338 768 652 618 628 403
66 962 464 75 81 83 400
107 584 663 494 121 400 75
123 96 137 381 136 209 104
72 949 80 48 259 81 170
151 583 277 704 247 143 371
27 823 462 463 587 373 420
151 182 521 457 73 310 199
92 70 765 220 2 59 39
140 427 107 91 138 64 27
154 293 168 14 184 171 44
151 484 292 799 151 150 186
72 460 808 83 82 262 75
107 407 703 609 246 140 248
148 587 507 565 710 592 652
67 429 16 166 751 362 90
133 776 510 561 562 588 503
155 311 200 56 73 457 57
151 588 372 485 401 555 471
67 129 178 221 392 23 293
50 366 237 426 429 477 90
35 902 622 753 867 283 483
154 666 492 383 215 491 360
93 958 343 492 565 453 790
123 743 4 272 271 147 5
59 827 873 682 372 510 471
27 915 821 592 782 662 516
120 861 548 513 581 607 507
155 8 85 60 12 61 42
51 351 383 563 485 243 420
155 749 570 433 573 432 684
155 550 489 283 643 654 747
133 94 80 34 624 82 205
107 588 782 596 629 583 493
14 274 25 861 463 431 403
123 679 346 224 839 252 300
123 679 223 270 564 352 300
72 719 963 693 339 746 425
42 448 478 7 6 81 263
44 98 674 754 465 437 88
89 644 611 407 600 356 471
90 936 596 470 403 493 565
155 8 60 62 11 816 2
123 362 171 189 168 184 633
125 587 315 666 248 553 393
48 726 561 754 20 553 595
155 286 64 518 125 16 107
48 612 862 404 552 806 453
126 130 32 60 46 131 67
72 599 469 465 476 89 517
113 867 767 616 550 602 489
62 434 803 6 204 115 48
55 821 623 635 403 471 563
93 900 507 417 492 498 752
148 102 111 47 624 169 75
59 92 448 226 121 275 204
155 251 367 334 719 481 345
84 561 264 694 629 565 485
155 162 59 2 85 60 32
72 422 751 17 64 27 43
138 262 92 6 80 93 81
72 404 595 99 24 20 531
44 765 538 12 46 118 85
66 119 222 227 178 633 190
27 776 674 587 490 552 470
122 674 728 499 373 513 469
121 594 516 391 562 583 303
140 826 235 188 301 117 144
155 217 261 58 76 474 268
97 393 495 51 233 244 468
50 732 503 597 598 528 467
44 507 599 485 503 528 502
122 649 853 692 932 854 691
148 841 537 300 270 564 223
72 211 488 720 721 158 157
140 7 174 275 173 169 93
138 787 453 315 583 660 248
57 500 694 828 682 498 631
133 183 457 521 200 182 311
97 821 555 682 628 618 391
122 334 596 493 562 552 821
129 347 213 289 219 312 165
65 801 928 656 725 657 794
127 220 55 527 198 60 67
26 132 308 434 262 316 170
122 141 526 618 553 728 587
107 469 623 545 662 607 502
84 623 394 828 552 471 248
31 140 99 551 787 303 660
132 538 816 60 62 539 59
44 165 25 576 372 373 517
155 643 616 622 716 483 363
14 875 290 516 29 214 351
155 29 66 65 54 133 86
140 216 61 85 435 60 42
113 759 158 368 68 30 54
62 677 80 285 83 81 169
90 468 635 552 463 507 248
66 395 175 748 480 675 646
55 862 343 752 561 652 662
121 315 581 417 373 485 463
125 725 649 648 756 656 778
151 182 457 206 200 311 310
155 162 85 37 46 118 60
24 861 734 99 670 110 517
133 471 303 635 500 588 403
51 463 526 244 356 607 373
154 356 612 360 218 140 420
155 3 816 61 162 12 37
76 567 277 652 583 233 244
120 333 623 652 391 548 243
24 655 237 171 295 633 78
154 339 601 549 481 251 374
120 925 60 42 8 67 454
122 959 98 110 89 508 531
102 638 78 362 167 661 422
50 338 165 576 391 615 607
155 133 74 86 65 54 66
67 388 397 730 637 396 389
126 136 240 95 148 156 255
154 41 474 145 402 40 103
140 954 425 334 693 367 547
148 806 588 592 526 662 652
76 561 404 644 866 565 499
59 196 101 106 112 145 15
25 609 485 20 828 507 490
122 911 563 372 498 576 417
151 753 593 747 284 483 414
125 350 66 54 214 875 351
67 91 427 800 95 96 26
123 458 581 373 587 545 517
27 507 873 533 662 587 499
120 214 80 6 102 232 158
5 394 776 353 828 531 507
123 244 485 404 401 555 631
122 577 592 498 710 469 561
120 964 273 800 139 105 155
48 875 637 838 395 306 464
107 507 647 553 533 576 401
66 818 151 10 135 63 195
151 373 468 140 244 420 246
76 737 278 89 458 502 576
93 817 26 362 17 33 167
68 89 710 734 393 417 403
48 495 246 552 647 247 461
97 917 674 556 88 89 509
33 783 806 850 562 471 373
125 427 688 287 447 78 167
121 873 596 629 553 581 548
93 688 428 167 427 166 447
14 594 857 19 490 565 444
127 704 395 498 565 606 420
155 87 125 27 16 518 64
155 125 138 286 518 16 17
33 669 645 503 866 553 662
125 563 577 468 243 499 502
51 912 207 382 154 148 105
58 142 778 424 46 756 42
23 308 445 275 172 263 205
92 704 505 533 403 592 243
140 189 196 119 161 15 14
42 476 458 471 555 588 500
131 303 628 431 561 395 600
57 43 697 52 881 696 422
72 823 50 417 502 583 420
25 794 953 232 324 158 715
140 786 263 75 317 173 174
25 813 682 551 555 631 516
59 815 821 143 315 503 243
76 175 594 623 553 509 500
123 765 630 684 570 836 535
31 669 423 361 661 422 655
138 580 596 401 502 395 404
67 394 734 461 577 243 393
133 645 502 768 607 694 453
58 505 806 552 407 545 507
155 552 592 502 526 453 596
59 462 531 607 403 500 420
123 907 716 602 739 550 593
155 221 149 22 58 676 76
93 459 862 563 581 782 469
25 466 225 897 540 558 537
155 260 269 230 261 149 103
51 818 626 1 31 419 195
67 768 218 233 577 215 587
62 132 338 677 262 47 169
103 243 395 581 407 647 502
80 618 596 896 394 682 502
14 285 445 275 766 338 169
62 505 234 607 561 577 420
15 152 787 465 141 246 303
96 595 516 248 373 485 500
123 750 562 552 499 652 710
14 596 394 868 491 612 453
138 737 563 507 682 552 516
155 251 330 320 329 413 719
113 774 550 753 304 284 421
121 612 832 495 462 567 599
84 644 528 682 618 513 553
72 143 806 623 618 431 453
58 960 395 344 229 464 228
121 546 623 652 548 471 645
155 273 96 240 105 134 139
129 629 383 356 407 485 393
121 102 226 285 400 115 81
135 78 43 33 361 167 422
97 936 628 554 510 618 565
151 759 368 74 30 29 54
148 838 505 403 499 507 592
155 10 384 31 1 13 63
120 543 192 193 245 289 542
97 571 34 83 81 624 75
155 402 276 120 103 101 22
155 367 332 326 320 329 601
148 356 592 453 682 507 431
155 630 570 432 573 535 433
151 601 693 339 549 329 334
14 813 790 737 303 470 553
140 679 222 183 564 295 358
155 76 392 268 269 145 230
14 314 842 763 496 497 450
151 106 905 196 119 44 161
123 756 3 118 2 49 46
27 896 462 491 606 246 244
153 503 587 528 629 552 513
70 837 635 556 476 25 675
155 126 276 269 22 261 474
120 7 460 514 174 48 575
69 783 734 662 607 553 647
23 278 737 333 567 244 407
51 663 173 80 132 316 169
14 136 798 785 215 745 155
14 833 624 386 191 94 82
146 647 407 790 526 417 607
151 375 268 269 58 103 41
125 85 159 55 142 258 42
123 163 209 154 155 137 382
155 325 330 693 413 367 549
121 395 277 360 606 143 490
138 191 448 259 275 173 263
27 828 612 734 561 647 492
76 666 609 576 498 356 360
117 752 618 596 471 502 565
123 681 19 509 88 476 436
151 867 550 716 331 284 602
138 161 633 178 189 197 190
123 761 435 37 60 61 49
93 880 886 563 471 372 768
42 88 595 498 499 562 500
138 189 196 161 119 112 197
94 813 143 596 490 583 498
61 856 698 327 449 727 354
51 165 533 303 580 516 403
27 505 674 407 628 417 469
155 533 555 470 600 562 431
155 118 42 258 2 36 162
133 478 204 575 169 317 48
97 467 647 710 526 554 453
154 693 719 334 325 374 320
24 861 596 551 611 248 565
72 143 343 492 607 631 583
123 743 187 147 146 4 5
51 623 588 333 609 563 490
70 501 561 500 592 393 471
133 581 371 218 244 502 583
27 591 754 670 265 436 25
68 431 343 459 476 303 490
94 912 122 415 273 104 202
70 951 763 515 496 699 727
25 436 752 619 407 401 470
120 166 179 96 134 95 751
42 611 503 296 165 343 565
72 734 576 545 728 629 492
24 453 491 675 264 476 248
72 239 490 628 768 552 485
154 592 528 517 562 526 485
154 816 258 424 37 42 62
103 745 666 420 333 590 243
154 767 593 284 747 414 602
97 503 745 577 234 590 371
111 623 563 728 587 555 471
135 670 635 28 531 556 517
97 440 407 246 315 490 583
107 513 660 545 561 372 548
72 215 911 404 403 607 492
155 481 320 642 250 330 329
23 965 155 891 939 665 964
123 159 12 3 11 85 67
65 650 833 263 317 115 172
24 981 763 648 909 649 487
59 618 590 395 561 244 502
58 974 335 790 431 821 498
155 2 118 11 435 37 162
66 712 855 393 493 471 517
120 306 540 864 349 348 637
72 885 587 623 526 516 498
62 846 590 631 277 468 244
140 871 321 345 547 549 332
86 434 285 204 6 170 47
125 191 115 111 259 584 174
126 401 246 218 333 516 631
154 187 45 236 146 4 271
94 467 827 516 420 526 600
155 468 383 277 420 247 492
25 660 710 959 595 175 470
44 944 4 57 521 206 199
123 8 322 438 323 456 61
155 38 39 55 70 130 254
154 129 171 197 112 184 189
59 225 256 564 223 633 300
72 661 167 43 17 33 362
155 320 321 719 425 642 374
140 821 481 329 250 321 334
25 677 617 470 584 338 169
72 734 645 652 607 485 492
94 427 305 87 90 91 43
127 139 209 185 137 273 104
155 374 321 339 481 342 549
93 916 790 662 694 553 596
123 182 300 270 222 352 183
120 509 371 51 577 248 635
93 565 609 143 51 315 583
72 264 615 391 420 404 565
59 645 862 248 493 510 453
66 717 760 711 358 466 718
43 623 607 21 63 72 485
86 828 356 628 502 631 492
155 320 332 250 342 334 719
51 663 575 735 127 93 82
140 448 111 443 400 83 275
148 700 187 271 45 9 4
127 20 629 555 431 458 470
58 89 546 490 417 694 517
14 601 719 821 835 339 321
27 855 862 485 315 503 420
68 828 395 618 417 498 507
80 152 838 768 469 394 395
72 776 561 513 618 533 502
50 768 495 710 471 462 492
123 33 255 249 122 105 139
51 155 627 139 96 415 255
27 462 491 682 555 618 492
140 647 737 576 404 493 492
24 596 827 940 737 588 561
24 453 218 97 500 24 583
140 67 435 32 61 118 36
120 787 652 533 401 583 580
27 889 740 768 581 561 607
94 445 430 400 82 48 81
93 748 491 552 315 660 470
67 661 27 299 267 286 751
142 565 528 526 838 492 471
72 632 770 775 614 529 378
50 752 312 513 583 712 517
151 623 728 581 401 618 555
154 375 268 145 230 126 392
122 677 128 82 121 83 263
132 561 25 476 500 248 470
155 190 227 256 189 168 184
59 89 143 404 431 453 403
43 802 510 97 509 25 303
50 247 567 555 470 846 492
155 76 217 268 103 41 145
155 131 159 38 69 39 70
48 141 533 892 787 490 303
70 734 612 631 551 218 360
72 822 839 409 225 252 79
151 248 554 417 492 592 453
56 582 821 403 490 493 509
123 646 372 592 513 493 404
66 346 222 466 722 295 79
122 802 465 670 25 459 594
151 676 40 474 145 261 58
59 644 815 552 315 244 503
50 752 776 629 628 588 576
123 907 363 602 331 643 593
50 850 277 372 393 501 471
148 728 404 592 453 492 431
76 565 694 567 846 555 492
84 821 740 581 618 565 516
127 112 222 223 270 227 633
94 34 191 115 48 47 204
120 803 7 445 34 170 115
123 861 737 502 393 431 516
59 838 615 587 710 404 391
70 525 655 71 791 422 661
103 905 178 129 189 119 15
122 713 262 121 205 400 128
126 598 135 10 0 238 239
48 989 872 794 715 756 649
120 91 53 52 423 479 33
120 88 553 391 782 471 507
154 633 129 44 106 15 112
67 395 307 637 537 396 464
66 870 145 256 44 112 241
97 308 445 232 77 92 205
33 277 629 548 528 526 492
155 435 46 12 59 3 11
140 790 652 682 490 391 548
122 844 563 768 554 372 417
14 563 623 51 892 607 492
44 993 626 21 13 0 195
155 652 555 431 806 662 553
123 315 372 499 545 554 453
154 746 481 345 334 547 367
80 81 173 833 121 47 263
122 588 806 694 372 710 404
59 279 866 528 552 662 631
136 394 644 728 607 470 469
123 954 642 332 334 329 547
48 866 546 533 618 645 790
66 535 39 62 37 42 59
140 361 87 366 518 43 27
66 776 343 493 623 631 592
113 338 808 786 434 173 172
155 42 59 60 46 37 12
113 838 555 660 533 485 490
24 660 821 121 231 93 565
123 531 498 499 492 395 507
140 584 111 259 121 47 75
69 246 394 554 587 372 660
123 491 510 391 728 431 492
66 300 119 227 171 190 633
72 733 461 140 333 468 383
121 510 333 468 371 247 533
155 550 622 643 593 421 284
133 119 168 633 189 129 184
155 3 42 11 12 60 46
72 243 644 782 485 401 471
123 426 107 26 518 366 91
142 99 680 595 24 509 531
155 647 618 401 502 498 391
151 170 317 584 263 400 75
97 808 317 259 169 263 262
120 611 110 88 20 437 680
125 820 516 682 420 956 863
76 128 443 34 81 308 115
58 808 128 191 94 111 478
67 561 629 324 157 715 827
97 776 682 528 498 431 553
154 728 403 471 453 628 565
155 367 481 325 693 326 321
123 95 202 253 415 114 273
56 318 556 660 635 444 740
140 636 293 196 119 15 197
72 752 728 404 592 492 471
127 751 138 107 16 166 27
120 609 493 581 587 652 356
14 805 955 897 690 298 558
155 14 161 129 241 197 190
123 961 643 654 550 283 602
155 217 230 261 221 126 260
151 618 561 596 401 628 373
120 790 577 660 140 243 471
127 12 216 142 159 118 67
123 387 207 179 240 309 105
113 868 471 660 469 420 517
97 191 92 443 205 170 75
123 371 401 806 545 417 503
154 676 40 392 145 221 276
123 579 83 121 75 443 275
72 490 827 545 662 526 561
15 488 232 715 720 721 157
72 704 660 554 645 587 431
123 551 629 471 728 372 533
76 875 416 565 861 350 351
113 754 670 28 175 88 89
148 469 528 555 768 498 493
58 800 266 155 477 305 105
140 954 345 374 329 367 547
121 143 645 806 492 471 244
155 342 367 330 329 345 481
55 909 842 932 691 869 649
123 962 121 386 82 127 400
155 260 101 120 221 392 103
155 485 526 420 499 662 806
123 395 531 264 476 175 470
94 650 464 82 386 285 48
80 368 759 724 158 29 54
123 592 437 509 89 24 505
138 833 285 308 400 443 111
123 927 372 728 710 391 470
155 413 334 693 320 329 250
151 161 168 184 112 241 14
123 838 500 470 393 303 502
154 244 588 498 631 490 471
120 543 193 180 245 289 542
155 13 72 0 84 10 135
127 151 21 1 0 484 63
15 92 263 731 787 565 231
23 827 596 567 703 244 492
72 865 225 718 295 78 79
155 40 217 76 260 276 221
66 440 463 647 417 600 401
154 601 693 345 321 329 325
123 961 421 622 414 739 363
50 901 445 174 93 92 75
44 793 700 146 147 271 5
67 560 222 168 178 633 537
154 99 97 24 19 556 508
140 783 682 652 600 552 372
151 902 654 767 283 483 747
127 266 16 33 125 446 90
138 39 32 36 3 67 220
97 998 104 947 156 136 154
97 403 682 821 587 393 516
70 24 680 469 470 404 531
148 733 50 491 612 315 420
138 831 532 242 109 589 282
25 703 733 359 461 577 371
94 759 351 74 86 214 35
151 42 130 527 216 142 67
51 285 443 81 92 275 170
66 680 45 88 24 505 437
123 501 647 562 401 372 453
155 325 329 425 321 339 250
70 270 711 760 679 466 358
51 202 477 249 96 156 105
35 806 866 490 469 499 401
97 977 670 505 110 264 175
151 759 368 214 29 35 54
70 768 600 333 612 583 453
121 498 175 19 437 465 507
151 526 576 490 528 401 372
67 590 734 510 631 372 462
127 437 356 551 353 582 303
140 632 529 775 614 377 378
76 641 723 983 640 439 364
5 530 868 802 500 498 600
117 719 746 601 250 321 325
72 676 196 636 189 190 15
151 947 382 137 136 209 185
151 581 628 623 662 471 417
123 877 330 367 693 547 329
125 246 372 838 517 666 248
94 223 402 392 261 23 676
5 832 660 838 733 710 492
120 488 572 376 212 211 157
42 919 824 187 147 5 793
76 93 445 158 232 81 80
25 981 909 810 946 522 487
120 888 662 548 526 563 469
72 76 119 168 256 241 112
78 567 247 404 631 577 248
50 166 255 17 90 139 33
65 889 500 628 492 768 838
148 263 226 111 262 170 121
66 978 619 453 629 401 545
59 617 317 464 128 82 430
70 303 247 782 498 471 583
107 265 504 509 20 500 25
15 961 902 867 643 716 602
58 868 244 391 393 371 562
68 920 289 296 343 165 219
155 133 74 100 29 368 68
133 274 180 213 289 165 219
72 828 545 469 588 503 652
151 826 301 188 160 117 116
59 516 615 731 318 580 740
50 371 464 493 526 279 420
66 531 737 581 471 502 517
154 382 255 156 210 209 185
120 118 69 454 159 216 60
122 152 746 325 374 342 821
66 436 862 768 513 576 500
123 534 162 220 8 60 61
31 680 977 110 24 89 444
86 748 493 264 505 469 470
148 171 905 161 241 190 15
92 504 563 635 652 507 24
72 646 563 694 553 391 403
24 99 674 694 507 516 88
25 850 694 303 592 490 652
148 375 676 269 40 260 76
23 879 564 267 136 477 537
50 696 138 655 661 125 422
127 243 510 517 516 815 583
42 511 744 673 203 123 512
155 29 66 68 368 100 214
84 663 494 80 93 121 205
154 269 375 101 145 22 261
58 968 812 687 788 811 686
120 644 353 509 436 404 492
142 545 248 393 581 485 561
72 900 783 498 587 647 502
140 674 99 582 437 459 20
154 259 191 262 172 93 174
58 979 859 640 364 439 639
127 712 373 502 492 165 517
92 554 733 660 215 246 404
66 343 936 562 552 710 516
94 981 291 522 486 763 487
154 161 178 241 44 112 197
96 734 652 631 404 499 453
142 121 80 132 259 169 205
135 644 618 517 407 596 790
51 663 226 172 514 128 47
27 790 63 631 600 417 485
140 443 81 624 92 169 170
15 610 828 737 782 545 407
25 353 821 728 490 470 404
122 471 19 459 509 444 517
50 730 893 298 558 306 637
66 403 889 581 644 554 662
120 426 107 87 17 286 299
14 740 647 916 233 141 660
58 327 555 231 740 592 319
121 611 19 110 437 476 680
72 784 196 256 227 14 44
138 623 710 404 469 768 407
76 484 292 238 239 150 63
140 963 250 332 330 342 367
78 580 555 371 315 600 583
50 970 5 176 177 830 757
126 130 816 2 60 142 67
126 800 947 156 185 122 105
72 561 567 215 141 51 468
58 398 71 187 272 423 4
120 718 156 136 185 477 300
122 319 417 516 499 562 395
140 753 363 616 622 304 483
121 598 384 135 21 63 239
155 76 269 260 22 268 149
122 131 258 42 59 60 67
67 315 395 20 754 444 420
15 823 554 590 606 277 420
151 728 631 407 510 471 417
148 868 647 618 565 453 372
125 710 277 51 371 563 407
140 765 258 118 435 8 62
72 711 225 679 760 300 78
102 752 587 555 618 782 576
14 608 466 560 307 730 537
154 220 816 85 2 8 60
107 356 680 401 600 552 507
48 737 645 416 351 694 516
14 588 581 623 594 25 470
80 528 592 763 660 576 583
126 623 28 509 508 629 470
123 943 126 221 676 276 23
133 478 285 226 205 316 47
86 644 583 710 782 401 372
51 912 201 309 249 382 134
127 136 179 95 249 201 134
120 423 64 125 16 33 479
72 635 782 503 596 561 420
123 619 562 581 694 391 401
70 710 768 588 583 555 553
155 139 800 309 249 96 105
123 15 474 40 268 58 23
107 877 821 719 334 332 374
155 310 457 311 57 200 73
97 787 644 821 493 510 469
44 588 599 581 587 545 652
97 458 670 505 476 264 303
155 339 693 332 251 334 547
123 889 373 395 552 600 607
94 963 871 250 332 329 413
58 873 88 248 517 20 502
97 873 647 710 471 581 618
31 844 873 862 631 373 417
140 833 617 204 226 169 121
113 168 129 905 196 197 190
27 663 430 443 174 262 75
66 530 504 508 556 24 531
56 97 278 303 513 576 509
48 868 732 469 503 490 528
97 386 93 624 204 47 48
97 935 410 572 376 294 211
148 443 386 128 111 308 82
27 409 865 679 718 466 79
123 940 431 600 628 513 552
94 272 791 53 52 71 423
93 703 666 50 218 360 501
155 22 41 58 126 217 101
155 207 179 139 309 122 95
154 759 133 29 35 30 54
70 886 790 821 552 607 553
15 734 733 828 737 513 492
127 265 19 508 556 338 264
120 362 227 241 197 44 784
23 727 313 869 664 842 450
148 653 885 406 357 336 385
97 279 485 588 565 583 395
97 863 50 652 315 599 583
154 339 642 481 413 342 425
126 595 647 391 561 394 403
93 44 120 676 58 23 112
155 749 574 684 433 570 432
154 236 272 271 147 45 194
154 481 746 339 374 320 332
72 595 675 465 28 88 89
27 902 907 753 616 421 414
140 632 529 614 775 378 377
155 596 499 493 576 562 485
93 468 644 552 581 502 660
72 50 710 533 628 562 492
58 635 737 577 371 393 315
14 308 575 949 232 92 170
59 977 152 754 19 303 89
5 545 827 588 682 815 420
59 850 645 628 682 526 652
151 902 643 616 747 283 489
129 470 491 247 248 493 490
78 383 463 393 607 360 583
93 461 733 333 218 215 233
27 857 516 97 674 25 444
126 370 115 262 170 369 231
68 841 760 237 346 78 295
123 102 111 121 82 47 169
14 973 537 362 286 90 655
153 404 453 394 607 493 407
125 258 55 69 216 162 60
70 218 647 694 629 533 552
134 713 833 115 121 285 128
23 532 319 401 505 469 580
123 479 518 366 27 17 33
154 286 366 87 138 64 107
97 867 716 767 643 304 283
123 533 215 491 140 612 243
44 409 578 466 399 537 300
58 362 771 26 90 266 16
93 87 638 362 661 422 125
72 844 444 502 629 507 517
70 850 647 682 629 581 513
86 191 677 170 111 262 94
86 612 704 468 815 215 243
76 563 503 580 278 431 502
155 102 80 92 132 77 34
140 867 747 622 659 421 331
97 877 746 481 250 334 342
25 567 583 872 234 745 461
154 782 618 499 493 498 420
67 549 821 403 490 404 330
42 689 297 225 237 537 298
154 41 676 101 103 392 58
140 826 301 188 235 116 144
24 581 551 858 850 849 652
25 866 548 463 394 600 662
44 567 916 733 356 360 599
50 343 51 28 89 248 303
72 546 880 607 404 492 694
70 303 588 710 372 592 600
155 218 491 215 277 356 666
133 528 768 548 682 596 431
58 612 185 233 745 155 244
76 553 660 681 594 502 517
120 272 521 57 206 199 4
154 712 153 274 347 312 343
51 731 48 403 507 191 338
61 403 806 682 587 728 596
67 768 471 660 577 490 554
154 375 269 76 276 230 22
44 940 356 553 768 516 552
62 901 172 128 400 263 75
70 961 902 774 659 331 602
151 75 445 80 34 6 231
126 215 645 526 373 360 583
15 783 734 752 391 555 417
68 615 407 246 143 353 507
67 56 633 119 129 14 183
126 227 841 222 270 106 633
42 278 264 618 710 492 248
107 360 507 561 607 533 431
80 430 386 132 205 226 83
140 315 498 553 662 552 407
155 221 230 402 58 145 103
155 29 35 68 214 74 65
127 493 20 437 465 526 517
120 498 383 277 666 246 393
140 737 628 618 373 553 562
154 285 443 83 121 226 308
25 461 838 828 644 631 503
66 977 338 24 437 264 508
66 599 467 372 553 453 517
44 218 855 652 562 404 420
58 53 809 655 661 525 422
155 223 270 295 564 352 222
84 618 737 248 507 469 502
84 528 768 644 545 555 493
76 834 769 158 157 124 203
120 51 493 563 821 407 218
58 645 333 533 647 468 562
154 659 753 483 284 283 304
68 141 373 674 509 470 420
78 612 666 828 393 143 248
92 97 561 507 372 565 88
127 324 100 54 214 715 158
123 596 257 31 10 384 0
155 561 628 583 391 403 485
155 260 261 40 402 76 375
155 513 417 404 391 631 499
122 237 381 185 209 136 477
58 234 675 631 503 469 50
123 594 555 471 492 553 404
155 1 10 18 21 0 135
42 545 393 383 141 360 498
59 386 132 448 263 81 83
84 127 833 81 262 111 115
107 877 871 330 549 374 332
70 333 599 838 565 502 660
155 271 146 187 5 236 4
31 873 748 394 607 469 499
44 429 477 26 125 87 90
140 484 292 799 302 186 63
107 838 862 545 782 485 581
69 735 94 624 204 81 443
122 661 881 71 423 52 479
92 657 653 885 336 385 725
58 955 945 605 348 864 558
72 790 278 563 596 576 407
138 536 769 203 673 123 124
72 793 398 194 236 9 45
25 306 611 6 226 83 464
70 660 505 526 401 592 404
68 1001 657 155 745 756 778
148 710 776 503 526 553 470
127 578 78 466 679 352 300
23 662 776 97 110 20 517
93 732 458 498 635 470 490
27 900 732 246 417 471 502
154 402 268 145 40 23 41
72 657 765 3 46 49 85
155 61 62 32 59 42 220
93 855 782 244 373 498 734
151 386 47 803 115 121 48
154 582 505 28 20 25 509
69 583 239 257 135 13 485
127 127 93 275 262 494 82
72 246 838 728 561 401 502
59 862 880 545 453 768 629
155 14 636 168 256 190 241
123 943 101 676 217 126 268
25 681 264 667 736 668 611
42 589 821 248 471 600 580
92 590 469 548 652 562 50
94 855 911 576 607 492 471
14 808 47 448 92 7 93
68 253 201 208 164 382 134
51 711 422 224 477 427 78
67 728 631 315 383 333 629
25 946 909 698 486 763 487
72 234 629 588 500 517 420
155 345 320 425 250 547 367
58 211 469 721 720 729 157
155 216 70 159 198 69 131
120 956 462 233 745 461 820
58 157 1003 794 656 872 715
154 375 269 41 58 23 261
151 468 315 609 141 247 244
86 770 632 614 775 378 377
151 877 549 339 251 332 329
154 816 32 2 3 60 162
123 186 10 21 384 257 63
33 459 404 752 868 417 470
154 474 41 145 22 149 402
84 485 165 674 469 395 470
59 896 505 561 372 404 493
155 221 120 402 126 269 41
155 272 147 194 187 9 271
84 219 712 821 153 165 274
94 756 412 381 134 104 155
134 837 594 509 444 458 675
94 825 557 369 340 370 683
72 145 870 189 293 14 15
148 767 716 616 421 747 489
133 359 140 248 243 234 233
50 430 132 514 434 205 48
94 394 813 737 554 391 588
86 834 942 769 673 203 124
76 7 876 259 82 77 6
27 412 122 382 387 209 105
94 353 528 561 490 502 248
155 18 21 257 31 10 72
100 580 528 776 553 395 600
155 162 85 3 59 424 2
94 156 627 912 202 114 105
70 548 462 215 383 468 461
140 80 83 400 121 204 205
24 81 579 731 172 338 262
122 394 790 806 401 498 662
97 248 587 526 372 618 552
94 567 790 652 806 453 420
140 248 581 548 662 407 431
123 750 498 682 499 533 492
27 367 284 552 615 565 821
92 395 731 787 318 335 403
155 654 616 643 483 304 489
121 467 644 631 562 493 600
127 275 132 102 7 83 169
142 259 128 494 448 170 83
111 28 595 675 458 175 20
27 89 619 737 618 513 469
151 182 206 521 311 200 57
93 153 737 500 417 562 394
94 631 712 153 152 165 394
76 670 28 485 510 20 436
153 469 485 395 513 502 576
48 773 107 796 79 90 477
48 861 806 530 531 526 517
24 175 837 554 469 417 675
23 143 896 359 567 462 660
120 838 618 554 710 652 490
51 494 204 584 478 663 75
155 76 392 268 23 474 58
14 976 909 715 872 869 649
113 219 712 153 347 165 312
155 76 230 149 268 261 269
107 839 564 466 358 78 300
138 635 545 471 782 469 562
151 375 268 269 22 145 76
27 716 902 767 774 421 331
62 650 263 808 434 94 584
50 199 476 272 271 505 4
72 478 430 386 115 128 48
50 500 0 647 587 596 502
103 619 866 503 694 469 401
68 947 201 122 800 104 155
148 119 227 189 129 15 241
107 174 308 448 82 262 169
43 611 652 480 675 646 635
50 806 231 501 243 565 492
140 826 235 301 188 117 116
67 686 741 723 439 742 788
155 414 716 654 331 284 659
72 265 675 24 97 88 444
140 680 373 592 629 507 600
58 239 371 502 471 356 485
126 259 624 34 102 262 93
15 745 704 612 577 501 371
24 923 736 563 264 500 611
42 567 815 645 498 492 243
155 570 574 432 684 836 535
56 427 388 396 397 389 537
97 520 463 394 490 583 248
14 827 247 806 611 565 471
122 335 492 404 607 407 821
88 461 868 563 588 510 548
97 935 410 572 212 376 211
92 97 528 404 503 513 531
72 850 631 581 782 417 502
14 338 806 752 394 562 607
102 444 464 393 356 588 395
59 338 490 866 662 502 607
113 765 816 220 46 2 59
154 572 410 212 294 211 376
151 169 127 128 308 494 83
94 857 98 531 19 20 582
120 688 380 411 390 523 287
155 251 693 339 549 374 481
42 765 258 55 254 67 36
42 133 157 92 34 231 158
126 254 162 85 220 216 67
125 498 218 733 315 469 592
155 258 60 36 2 32 3
97 916 507 485 517 562 596
113 815 612 463 660 140 248
155 547 374 367 345 325 746
86 623 588 545 728 503 401
155 103 120 126 392 58 260
50 879 711 564 222 399 537
125 230 227 633 178 22 145
97 629 567 141 383 244 420
14 265 681 528 950 776 470
59 594 468 776 734 583 507
123 646 485 561 490 533 470
25 880 623 436 552 469 768
138 737 806 548 581 407 561
151 774 643 550 747 331 283
44 821 609 417 401 517 431
155 250 367 719 320 374 321
127 627 240 139 179 253 104
59 526 748 576 395 646 401
43 877 871 963 367 325 329
146 588 644 526 592 469 493
155 273 96 179 207 134 104
123 885 526 592 499 393 498
148 97 635 465 476 28 437
48 265 395 808 174 660 338
70 493 551 319 740 395 507
65 247 644 499 561 662 533
96 675 531 403 556 436 458
14 459 675 395 491 315 635
121 428 107 87 17 64 427
50 868 278 303 787 373 517
151 767 616 774 331 747 483
33 907 902 659 767 283 414
70 464 599 703 247 383 356
59 730 864 878 879 348 637
154 601 425 374 330 320 321
58 683 906 840 318 319 369
76 790 417 609 243 618 471
50 632 419 775 614 770 377
120 232 262 115 93 81 77
125 549 565 391 821 693 374
155 413 329 332 719 345 320
92 243 652 631 516 453 218
55 745 439 778 785 648 869
24 327 856 842 727 450 354
113 867 774 716 616 284 283
148 220 816 424 32 162 60
72 877 601 425 719 413 342
129 546 592 502 710 694 728
155 68 86 54 74 30 158
48 443 34 786 173 81 47
133 503 19 436 509 395 303
122 134 839 346 237 78 477
50 703 590 491 143 461 383
67 335 354 487 486 763 327
59 571 922 808 262 94 478
51 815 495 218 631 590 244
25 450 745 608 134 477 155
123 121 174 514 650 172 47
148 545 576 393 618 485 516
50 92 434 803 111 174 169
62 787 247 681 635 606 248
68 682 143 567 462 233 246
72 223 399 225 409 79 300
14 338 459 493 143 551 507
123 436 587 662 453 420 510
140 902 659 616 363 747 414
140 114 249 179 96 105 148
155 747 622 489 284 331 414
92 661 51 590 243 50 525
123 943 145 276 221 120 22
48 99 383 790 502 141 303
155 816 60 49 36 8 118
62 866 645 783 528 471 526
94 98 680 97 459 556 88
140 263 128 308 111 75 115
151 826 301 188 116 160 117
117 581 393 403 373 453 431
27 752 615 528 581 554 470
133 645 623 618 628 806 555
14 941 699 702 794 725 701
151 873 562 553 453 510 502
50 508 647 404 580 734 507
62 677 285 624 204 115 169
57 612 782 468 647 485 248
14 933 993 63 529 770 195
59 683 77 840 318 231 369
72 533 704 50 577 140 247
127 324 65 68 35 157 158
155 2 816 3 60 162 62
94 528 660 592 533 628 471
127 446 366 87 518 429 91
65 577 748 588 404 646 583
121 319 400 111 75 204 231
72 885 813 618 485 728 498
59 530 468 588 431 647 600
94 427 305 366 90 91 16
155 145 126 120 76 269 268
72 827 682 782 607 493 420
97 796 295 346 537 78 79
50 115 232 808 584 34 93
127 87 426 305 267 64 91
72 335 814 205 92 232 231
121 373 437 89 500 264 485
59 827 787 372 583 469 498
48 776 403 234 461 453 503
107 653 885 405 406 337 385
24 565 923 89 635 675 611
72 730 564 237 252 300 537
127 252 352 564 183 346 300
51 485 150 18 195 484 63
66 553 733 140 333 218 583
138 398 187 271 146 45 9
121 595 373 393 404 507 680
93 315 546 806 545 645 431
78 499 734 461 577 372 647
94 868 333 343 631 490 565
123 446 64 125 286 27 91
27 606 682 528 343 631 583
44 454 527 85 46 36 67
142 114 95 122 113 148 105
94 916 469 372 644 471 596
24 272 52 87 361 17 422
59 645 469 828 783 510 372
134 545 500 533 510 498 391
93 866 510 645 372 806 790
122 729 631 492 502 644 469
151 521 182 183 56 310 57
68 768 596 248 505 592 372
97 821 601 746 326 332 320
155 221 375 41 101 261 76
58 493 704 444 635 606 469
127 545 635 25 175 553 470
120 712 180 192 193 245 152
66 1000 973 422 361 655 427
97 343 545 596 401 728 453
15 815 551 577 500 404 583
51 415 240 154 136 95 104
55 837 787 556 531 517 458
93 577 631 612 407 218 360
92 407 556 458 444 20 404
121 564 760 722 399 78 537
123 562 24 88 459 28 303
148 870 633 171 636 14 168
151 183 200 457 310 199 73
97 732 618 644 391 581 562
126 462 606 247 360 647 660
96 556 623 694 662 629 470
134 855 395 498 485 768 513
120 51 607 528 517 583 360
151 759 68 65 29 35 54
123 351 29 66 35 74 86
94 822 711 760 399 466 679
65 708 45 459 476 505 595
50 179 627 209 387 202 105
48 631 815 911 694 371 407
72 833 93 226 735 400 82
97 733 469 647 618 417 533
30 896 599 395 647 502 823
58 983 742 639 364 723 640
14 917 606 675 613 505 509
154 99 436 556 28 24 19
120 580 413 339 693 330 821
59 962 80 317 47 204 400
155 363 284 659 747 616 421
86 663 81 494 308 75 83
50 818 378 72 84 770 195
103 734 502 333 631 360 583
113 742 695 365 482 641 439
33 141 580 635 576 469 583
127 595 528 417 555 20 517
24 619 675 886 710 554 469
59 143 966 576 395 279 490
48 888 526 582 444 600 469
138 567 609 141 491 501 248
125 59 142 38 216 32 60
48 785 179 497 450 134 155
67 576 152 289 180 219 395
59 857 45 97 28 505 264
120 200 841 578 352 183 57
123 915 453 694 492 493 516
72 434 7 262 111 204 170
67 371 734 565 554 517 360
76 461 551 813 510 247 583
155 21 31 72 13 84 10
133 443 7 80 231 48 170
15 430 460 317 259 448 75
123 927 244 243 233 567 420
154 719 326 251 320 547 329
66 991 299 26 138 90 43
33 776 631 838 694 510 372
5 843 135 847 993 818 195
59 783 143 581 431 490 372
23 662 850 278 353 248 652
136 174 111 204 575 263 94
35 905 293 168 784 44 15
78 513 545 315 141 694 492
151 538 61 42 8 85 162
148 171 905 119 293 44 197
23 462 756 383 353 215 745
154 800 148 122 309 179 95
76 887 699 957 449 496 497
92 465 631 469 588 431 458
50 754 748 24 476 674 88
59 50 844 303 403 417 420
154 593 304 654 489 284 483
123 6 434 173 514 478 47
31 961 902 421 716 414 363
84 226 316 7 34 75 205
93 184 40 676 101 76 112
44 787 444 404 391 490 517
76 343 600 866 694 393 652
24 88 510 174 265 338 436
67 694 596 384 257 72 431
155 498 493 391 516 728 513
42 941 702 778 657 725 701
59 338 436 828 493 404 420
68 444 401 383 567 420 565
126 102 650 584 191 81 93
138 528 394 629 592 596 516
62 381 912 309 148 202 134
58 129 841 171 633 183 112
155 199 206 310 56 200 311
120 317 77 445 7 34 75
146 448 316 460 263 169 48
50 528 19 533 592 264 516
154 121 430 127 128 111 48
14 993 63 626 529 770 195
92 701 649 778 785 756 725
50 756 615 453 631 469 513
70 703 704 588 394 420 248
58 611 554 143 577 647 248
80 644 485 927 394 503 631
58 868 635 555 502 507 417
58 883 686 812 811 788 882
154 607 490 565 493 453 631
142 270 79 466 841 358 295
155 311 57 56 73 199 521
15 90 237 134 772 773 477
97 815 333 599 577 501 468
151 653 405 406 385 336 357
127 322 424 2 12 456 61
59 139 267 366 64 286 33
97 89 647 553 652 628 517
72 905 129 227 168 189 190
67 580 308 173 93 75 464
117 97 99 436 24 88 509
44 419 843 257 13 384 195
146 662 618 768 576 631 407
155 312 347 165 274 153 152
151 268 402 375 474 260 23
125 655 107 138 43 661 422
15 394 936 553 335 319 565
125 565 437 436 635 417 600
24 695 909 114 648 785 439
25 752 813 141 596 631 510
72 703 407 51 577 315 244
154 528 623 485 562 513 490
126 582 861 516 565 110 264
59 844 615 431 502 394 562
151 913 621 758 586 625 585
122 338 506 109 108 282 580
72 912 253 136 154 104 105
27 646 619 264 787 303 469
14 888 748 417 98 20 470
122 412 800 139 207 96 255
121 999 703 215 246 244 609
76 482 742 894 859 723 439
70 551 734 862 607 372 507
76 567 666 662 373 599 371
62 752 338 526 401 507 403
27 977 675 556 98 28 175
27 393 703 606 599 360 246
140 650 808 262 75 172 584
113 786 262 338 47 191 584
33 909 742 695 364 723 439
126 111 786 434 173 205 94
62 278 806 507 562 645 373
68 191 400 7 102 170 262
27 767 902 774 716 616 483
123 916 623 662 503 502 407
140 838 629 555 470 592 401
123 253 137 382 136 210 134
148 753 774 616 654 421 483
97 954 746 642 345 251 325
72 948 828 471 498 393 493
76 567 491 407 533 468 243
76 218 233 706 807 215 277
151 532 506 589 282 108 242
154 676 375 23 217 260 261
25 158 860 316 80 169 231
15 734 533 832 599 577 244
44 674 977 531 110 99 508
140 776 417 554 373 517 592
113 161 171 870 184 14 241
68 874 731 205 132 231 319
122 102 386 82 115 400 75
123 743 236 271 194 146 5
97 657 32 765 11 49 85
89 977 675 264 476 469 459
48 873 629 567 371 555 548
48 647 480 333 501 576 453
43 338 153 528 391 453 403
138 588 866 644 526 562 492
140 885 337 405 357 406 336
107 852 634 879 558 537 637
133 112 474 402 261 676 145
127 139 210 136 185 122 134
153 723 641 364 695 439 482
133 382 148 95 255 136 134
150 594 175 20 595 444 436
123 178 474 392 260 261 23
151 774 643 550 283 489 363
123 877 549 693 320 367 329
42 442 893 537 348 637 306
155 402 126 58 261 217 269
127 462 485 607 517 468 647
151 647 782 516 561 493 555
154 642 746 547 330 325 251
155 693 329 374 332 425 746
72 676 636 161 129 14 106
97 465 628 499 372 565 403
97 677 316 275 174 173 93
94 264 737 563 393 554 517
151 393 264 338 507 303 470
55 132 803 172 94 115 81
113 765 32 816 424 2 162
155 345 330 320 334 547 326
120 916 576 662 498 682 246
72 808 111 263 81 94 262
78 629 588 674 675 563 469
66 278 99 436 458 509 470
27 611 652 277 609 333 248
123 407 437 458 89 436 517
58 781 362 685 524 751 525
66 351 658 383 140 315 420
66 776 233 417 510 492 372
27 647 500 828 599 141 631
133 360 644 652 607 660 431
121 6 317 478 262 174 170
122 783 248 485 453 562 510
44 681 615 562 563 510 404
151 518 427 362 27 17 125
121 881 194 4 272 271 423
155 258 59 42 8 2 435
155 258 118 59 162 62 2
122 383 565 373 561 471 244
42 563 296 601 549 342 821
122 59 749 433 570 573 535
70 552 606 491 140 143 463
92 599 554 734 417 592 243
14 50 666 680 516 394 248
27 319 262 232 445 92 231
151 734 403 555 628 592 498
48 490 478 790 782 338 470
84 592 694 141 303 513 407
155 261 392 103 41 217 22
155 383 501 461 247 371 243
153 592 503 581 393 470 516
123 351 133 54 29 74 214
50 785 763 156 201 450 155
44 471 646 459 508 25 517
123 954 413 746 251 693 325
70 850 734 279 533 490 583
123 596 360 501 468 383 492
155 435 60 2 42 59 46
107 675 680 110 500 88 476
93 427 426 286 267 90 17
111 644 528 565 490 554 372
120 553 461 371 243 647 554
58 628 333 710 407 218 470
121 803 173 808 262 93 443
50 715 745 910 796 869 649
14 663 386 803 678 317 48
155 217 268 120 392 260 22
68 637 466 183 633 295 537
154 587 561 417 533 548 401
42 353 776 513 555 600 507
84 828 463 768 629 420 552
72 514 308 259 275 82 75
68 832 372 509 505 517 503
94 756 567 234 462 233 745
76 366 286 249 139 125 33
113 765 424 435 3 8 11
155 192 213 180 245 193 181
155 368 54 65 66 86 100
148 644 563 555 503 471 502
97 850 533 581 417 576 652
59 761 254 258 2 216 49
43 394 509 868 417 401 403
148 495 215 599 462 243 233
70 737 855 682 652 372 513
59 449 946 291 486 487 763
50 972 31 470 581 135 431
67 751 479 87 17 33 661
67 172 83 80 34 6 262
43 768 471 110 459 19 403
140 412 122 309 179 134 148
113 34 262 663 48 204 75
125 268 241 44 112 120 230
72 704 868 554 587 576 420
155 221 149 268 260 269 676
58 490 181 153 165 289 343
120 369 624 82 83 81 231
92 994 946 763 522 487 291
33 873 790 623 528 553 554
72 873 737 587 607 469 499
148 774 902 602 616 747 483
123 3 159 69 39 142 67
31 567 265 394 607 470 420
14 805 298 897 541 540 558
43 359 491 552 498 431 244
66 104 679 409 252 79 477
59 68 80 715 157 232 158
133 382 415 114 255 209 104
25 866 461 165 631 517 498
134 459 391 583 562 469 303
65 447 71 362 427 422 166
72 606 680 670 88 508 509
33 609 737 647 782 493 431
121 353 372 453 490 502 246
123 178 58 474 276 261 23
134 394 645 555 373 565 583
133 591 476 444 28 504 24
44 877 871 413 481 330 329
15 386 617 833 47 663 83
84 607 868 264 635 420 600
72 776 694 628 552 728 372
132 501 600 403 407 371 498
155 142 527 70 38 159 216
138 963 601 326 329 746 342
154 587 628 393 492 562 372
120 256 40 260 230 145 15
154 258 816 85 12 60 2
154 402 268 120 126 41 260
70 990 561 394 588 631 607
67 25 248 590 745 233 517
70 403 552 790 645 554 372
154 587 555 516 499 652 401
42 916 244 19 508 505 248
121 784 636 168 106 112 119
155 40 474 276 76 230 149
84 114 137 800 249 255 105
134 218 590 233 577 141 333
126 20 662 563 588 88 500
138 500 596 431 561 768 562
155 130 70 198 254 527 216
25 708 436 644 694 372 404
92 88 460 338 173 316 465
84 575 584 80 231 47 169
68 556 551 768 492 502 303
123 399 222 578 270 352 295
126 545 356 431 393 866 553
120 594 662 629 493 417 500
138 532 831 506 589 109 108
140 445 47 263 93 205 170
142 576 647 618 563 587 554
155 408 671 390 379 380 411
61 740 623 806 645 562 516
155 493 555 401 600 554 471
154 581 600 492 562 503 499
50 167 717 252 608 718 78
117 659 902 867 283 602 593
142 113 122 179 202 148 104
137 293 227 241 112 129 171
140 83 132 92 102 81 6
129 545 580 821 469 618 562
72 776 303 485 555 490 502
125 443 445 102 81 275 115
125 3 527 159 216 37 60
72 434 275 226 494 115 170
44 469 140 554 596 581 583
154 120 676 260 149 58 269
27 911 866 596 587 407 607
24 733 548 152 404 219 635
86 889 790 587 493 401 554
155 220 42 60 32 3 8
72 128 443 460 172 263 47
140 826 235 188 301 117 160
140 248 581 629 563 420 431
138 954 601 330 413 547 325
35 942 834 123 769 203 124
154 435 424 46 12 36 42
97 750 503 790 485 581 548
67 338 647 234 745 461 517
70 137 412 240 249 273 255
68 128 443 7 132 169 494
155 574 836 573 630 684 749
154 366 286 16 138 107 43
58 969 167 638 524 751 525
125 552 606 277 244 618 647
140 246 592 587 499 393 583
151 601 425 547 250 342 321
5 291 487 449 831 660 763
76 612 468 600 552 243 141
50 787 24 492 629 437 517
122 338 728 562 502 431 517
76 600 581 9 505 576 592
50 660 580 417 498 821 647
154 749 535 433 432 570 573
97 475 292 484 151 186 63
96 619 513 782 728 373 469
123 244 592 393 372 493 431
120 174 35 74 30 158 231
120 633 101 217 375 22 112
76 99 680 644 510 437 500
70 615 623 644 647 502 470
27 974 832 600 806 372 498
122 986 365 364 482 439 723
151 644 552 565 728 652 453
92 576 495 599 468 243 498
71 551 790 576 555 694 502
126 493 612 315 360 587 431
43 911 545 682 576 596 607
155 339 345 425 251 693 320
43 501 828 752 516 431 420
154 716 421 654 593 622 363
23 734 612 682 752 471 243
62 909 365 723 742 641 439
44 793 700 147 194 146 5
94 612 768 471 417 561 583
126 189 358 223 300 44 633
57 554 468 490 606 371 373
151 902 716 659 331 284 593
107 571 275 460 263 584 174
56 327 113 450 155 104 328
51 514 121 624 6 285 48
155 345 746 339 330 413 342
27 34 575 259 478 174 93
55 248 813 737 576 372 485
94 562 582 595 175 89 470
155 59 85 32 12 42 61
154 221 474 260 268 22 392
133 85 39 454 216 60 67
151 774 550 414 421 284 363
121 758 233 577 248 315 453
151 47 77 132 231 170 169
86 588 838 553 710 565 499
97 475 239 195 31 84 21
97 581 606 660 244 356 492
66 453 495 371 247 243 533
93 662 675 404 635 469 503
151 67 37 816 3 60 8
86 165 861 576 513 403 470
66 156 33 309 273 139 134
72 505 823 417 652 562 420
67 7 83 584 172 262 6
25 731 507 430 316 75 338
56 423 190 427 362 633 479
62 977 98 436 556 99 508
155 799 150 292 151 302 186
155 739 643 716 659 593 331
92 471 693 821 321 374 373
59 359 660 567 501 50 233
56 883 651 811 819 418 882
121 32 130 69 39 216 42
66 551 827 461 383 243 371
127 862 507 600 403 782 516
67 362 119 256 636 112 784
99 554 916 463 660 600 596
155 424 46 62 49 36 85
155 32 37 59 162 3 85
155 2 435 61 258 220 8
61 732 592 675 635 548 516
48 635 128 889 607 464 507
84 309 185 415 113 105 104
151 507 548 561 431 682 471
25 528 247 458 343 507 490
155 11 32 162 220 118 61
59 46 452 785 856 451 756
123 600 20 508 531 436 507
97 338 618 576 592 499 565
123 430 94 173 93 262 48
66 279 612 356 606 315 490
123 943 76 103 269 101 22
155 424 816 8 59 11 3
42 647 682 582 28 459 517
50 742 987 364 566 986 723
127 391 468 215 51 533 492
121 862 866 790 553 545 372
72 458 670 99 28 556 508
27 587 343 782 806 694 516
71 471 88 680 353 509 507
155 659 304 489 654 284 616
125 371 516 555 552 383 356
138 500 782 373 555 490 417
24 355 327 290 763 486 354
113 905 129 168 189 190 197
15 905 168 784 293 129 15
103 591 670 28 175 504 19
66 672 223 466 679 295 79
154 227 119 241 106 44 190
44 839 409 679 466 399 79
50 287 740 408 379 335 523
59 508 806 838 490 652 517
15 644 862 850 243 660 502
140 303 623 618 391 517 493
140 316 6 92 7 205 169
31 776 417 343 394 490 507
67 545 821 654 550 284 493
97 954 642 746 334 329 342
31 564 878 730 348 637 537
107 234 143 815 140 468 371
151 578 399 537 358 300 295
31 468 886 644 555 553 503
122 505 526 485 581 471 404
155 379 671 408 411 523 380
93 371 680 635 436 264 356
127 600 24 175 465 463 635
155 390 671 411 408 523 380
58 365 988 639 640 983 364
154 590 647 244 462 371 243
155 145 221 375 22 41 120
15 596 545 828 588 395 373
127 199 300 222 223 182 183
76 694 587 491 371 553 373
43 644 561 666 243 315 492
154 175 517 303 437 459 89
103 609 694 647 562 244 492
140 234 248 51 141 233 244
70 666 606 863 461 583 383
72 612 513 279 507 394 420
138 862 554 401 565 629 420
14 599 592 850 752 768 492
121 243 373 645 453 431 315
42 927 606 372 565 517 248
155 642 326 332 251 329 425
70 886 503 248 490 502 372
72 571 191 170 275 262 75
93 219 728 635 498 652 404
154 375 269 22 230 260 120
65 645 855 407 502 513 545
154 182 457 56 73 310 199
58 505 685 147 272 638 5
15 499 623 89 615 580 507
107 599 710 393 576 631 498
140 759 86 100 74 66 30
44 448 172 308 127 121 82
69 469 631 468 666 277 502
113 237 760 358 295 78 300
92 507 140 647 371 244 838
126 119 41 145 103 161 112
96 776 629 821 391 563 395
155 148 273 309 240 139 179
122 860 624 6 102 92 231
140 753 747 767 489 284 283
50 737 710 356 371 587 393
24 977 594 607 465 338 508
125 55 32 424 2 198 67
133 127 478 316 317 115 75
42 842 114 826 117 144 455
155 302 186 150 151 292 63
120 470 10 384 84 135 485
154 339 719 321 367 374 413
83 278 787 485 395 580 660
68 838 533 50 218 243 471
70 868 583 444 680 403 600
14 814 860 370 338 75 231
140 774 767 550 643 483 421
140 963 481 321 326 367 325
86 98 403 24 97 20 175
154 588 372 498 652 401 503
50 395 748 582 754 674 444
78 618 528 371 551 485 373
72 880 513 545 790 485 694
97 551 500 623 768 513 407
59 658 458 244 248 507 407
138 469 813 372 391 587 417
66 525 734 371 577 243 590
155 739 659 483 622 616 283
15 942 898 834 769 673 203
24 615 563 244 635 606 507
121 372 152 347 274 165 403
151 739 747 304 622 716 659
66 208 113 381 137 134 382
67 728 563 436 24 500 662
68 766 607 556 509 303 338
125 215 832 495 567 660 371
72 632 770 775 614 529 377
151 47 102 7 81 6 204
155 425 332 481 693 329 549
58 475 493 13 0 596 384
66 468 740 644 554 607 647
140 592 218 371 606 315 463
59 776 356 555 576 407 553
107 646 551 500 490 401 507
94 5 516 437 444 264 505
25 97 606 708 470 595 509
27 567 734 140 745 50 244
66 503 768 264 437 403 517
125 420 66 29 214 734 351
44 606 468 587 607 407 583
44 933 993 135 10 1 195
50 776 192 533 562 219 404
138 458 97 28 582 303 509
123 844 499 737 407 552 562
68 247 462 838 628 647 371
148 596 790 782 561 553 526
125 476 548 393 592 175 505
27 886 1002 596 470 555 526
120 551 128 430 226 464 507
70 817 428 43 361 427 166
55 583 904 874 319 318 565
148 627 139 105 253 134 148
155 258 162 42 59 62 220
93 735 7 111 575 205 127
50 95 537 447 817 427 167
138 244 782 554 393 453 561
122 465 554 652 588 391 403
66 579 650 263 121 47 93
120 596 577 383 468 50 631
59 338 916 548 554 596 420
25 279 509 694 768 417 469
138 827 490 555 373 728 471
140 484 292 799 302 150 151
25 740 936 694 752 417 565
50 783 491 513 628 315 552
129 77 316 262 47 575 170
43 567 612 552 503 431 244
56 450 965 664 665 964 842
122 802 556 670 459 509 594
122 776 526 485 552 607 404
66 734 915 631 554 516 417
140 771 429 305 426 266 267
80 308 275 34 6 82 47
151 790 561 372 581 545 407
154 601 547 345 374 329 481
123 627 95 139 800 309 273
68 272 655 17 16 427 422
121 461 710 587 728 401 503
93 51 469 490 373 533 315
42 803 514 132 445 6 47
97 977 97 110 556 437 508
155 431 499 596 453 631 503
155 214 65 29 368 68 30
66 438 538 46 32 85 61
33 986 566 695 742 439 723
67 921 763 548 502 660 486
66 394 611 476 437 680 595
155 426 266 267 91 305 429
155 214 68 100 66 65 368
120 499 19 556 175 303 394
140 119 256 227 171 106 190
70 793 700 187 272 9 45
117 424 435 765 61 85 162
92 580 623 565 372 553 335
134 609 554 485 517 660 490
68 726 470 582 19 556 595
67 89 338 204 83 169 465
27 892 715 694 561 553 516
68 868 592 599 140 315 453
151 129 227 168 184 106 14
123 453 437 635 531 28 303
126 393 277 141 315 401 583
70 776 587 596 403 607 470
80 28 458 917 680 465 444
155 217 269 103 268 261 221
25 861 644 152 561 395 469
68 437 681 555 499 404 680
154 547 601 250 321 374 334
24 660 354 439 487 909 763
78 641 723 859 909 482 439
123 535 11 2 36 8 765
51 772 225 210 154 224 477
62 675 436 98 110 264 88
148 618 528 600 628 513 417
120 517 213 181 193 289 165
72 823 243 470 561 502 647
72 524 95 166 27 362 751
59 801 885 715 656 725 794
76 297 689 634 637 690 298
72 808 575 448 259 48 75
86 902 753 550 622 284 483
140 445 259 93 263 169 81
106 592 580 503 821 510 583
151 601 693 339 320 330 326
140 826 235 188 301 117 116
155 3 46 60 59 162 37
120 842 185 382 209 155 450
113 745 501 704 277 215 371
15 577 734 838 682 533 490
154 768 401 469 607 403 502
97 303 886 806 553 662 401
151 23 14 190 15 178 112
155 392 101 261 375 126 103
123 151 72 257 195 1 63
58 917 652 670 436 507 509
59 291 355 450 727 354 763
122 916 453 244 50 583 599
122 886 394 403 490 420 553
25 828 461 353 485 403 420
80 670 977 394 470 508 459
97 183 718 679 399 78 358
48 887 313 701 699 450 497
125 243 694 510 373 733 371
44 431 394 505 444 509 469
151 477 382 381 136 209 185
92 429 95 27 362 167 91
154 645 644 581 498 554 453
72 461 873 407 490 431 548
43 857 505 861 565 516 264
84 353 556 600 510 436 303
76 99 670 681 680 175 459
137 660 553 629 600 394 587
127 661 53 71 52 638 422
151 50 417 662 407 548 453
24 760 718 179 427 96 78
43 611 821 581 553 576 565
70 579 443 77 80 170 93
155 470 710 373 493 565 499
122 343 588 554 431 492 372
25 343 556 577 338 660 303
133 469 28 19 20 470 264
76 710 503 828 490 662 548
72 584 128 443 275 121 48
155 250 326 549 332 321 374
113 576 728 623 548 372 628
68 921 291 727 450 763 486
151 587 526 596 502 592 554
48 237 717 73 183 718 300
67 588 248 508 531 505 394
125 50 498 403 373 247 246
155 548 561 607 498 562 782
44 409 839 679 466 760 78
138 728 576 393 600 503 401
121 886 628 403 498 607 554
51 833 81 226 127 259 82
58 48 860 7 77 232 624
86 806 889 600 393 554 607
154 631 243 502 471 248 244
138 234 666 218 599 244 360
50 649 554 872 155 513 756
44 818 419 21 84 63 195
42 700 194 437 88 505 9
67 756 909 522 946 487 649
67 110 436 552 652 588 670
24 328 354 496 449 497 327
107 165 752 629 373 395 403
15 333 815 896 495 745 244
72 360 782 768 565 548 498
94 495 490 141 140 248 233
151 601 642 693 250 330 325
127 23 636 197 189 145 15
155 156 382 155 134 154 201
154 572 410 376 294 211 212
97 786 650 75 47 514 173
59 813 936 752 373 710 498
67 681 393 733 606 371 507
123 505 147 194 146 236 4
58 866 98 404 470 89 373
50 815 505 704 609 303 246
33 645 828 588 278 407 373
26 704 733 551 471 407 247
113 680 582 24 97 264 509
127 113 179 240 95 627 273
153 563 553 391 500 393 510
97 243 510 782 555 662 492
123 186 13 18 21 10 63
97 740 232 7 80 34 231
50 551 594 704 140 500 248
125 38 12 162 220 130 39
103 51 783 583 417 606 420
27 935 157 410 572 376 211
72 655 399 223 222 300 537
155 36 37 11 62 42 49
136 128 317 316 262 205 400
66 79 57 578 564 183 358
58 285 667 318 611 668 464
140 632 614 775 529 377 378
127 295 171 178 189 270 633
97 561 666 234 383 243 468
97 885 513 790 401 526 644
94 92 514 448 94 93 169
92 327 515 727 699 496 449
120 802 360 606 371 215 303
120 241 120 261 269 145 15
15 855 343 401 371 733 420
76 644 303 872 756 510 513
121 352 206 200 56 73 183
94 583 556 465 509 89 517
120 599 528 499 607 647 50
51 681 508 551 407 175 303
120 340 92 80 169 231 369
67 369 232 624 7 34 370
25 868 500 141 555 431 516
123 609 548 417 373 583 431
50 888 828 436 588 372 470
96 551 776 838 372 401 395
154 221 474 230 145 149 120
51 712 623 531 264 498 517
127 179 627 415 202 207 255
51 580 437 453 587 505 470
126 418 847 626 195 819 419
76 528 682 233 247 554 583
117 503 682 710 373 493 652
150 587 565 503 600 821 552
140 464 115 121 400 386 308
154 670 531 556 25 595 303
155 659 616 739 622 363 414
122 599 175 444 531 508 517
155 693 329 342 367 413 332
122 753 593 550 716 363 304
120 37 454 254 142 216 60
142 567 583 647 495 243 468
123 81 460 434 514 172 48
155 302 150 799 292 186 63
80 587 806 823 507 502 629
66 469 857 99 25 582 89
155 339 374 326 425 367 332
155 16 26 138 17 518 90
140 902 363 659 739 283 489
140 253 800 179 122 273 105
126 209 240 249 148 154 255
140 963 251 326 549 642 413
151 774 643 716 363 489 659
72 386 624 263 93 204 48
94 468 821 401 407 607 583
86 309 415 382 136 134 104
107 265 646 437 403 436 517
33 663 514 571 262 174 75
154 572 410 212 294 376 211
59 76 196 256 189 129 112
122 463 563 652 588 562 552
138 415 240 105 249 255 134
140 793 194 272 146 5 45
155 596 562 407 592 554 417
155 283 716 489 284 602 616
65 284 508 395 469 505 821
14 712 548 264 318 740 517
59 740 644 588 393 629 517
78 724 720 86 65 157 158
44 409 772 105 137 136 477
25 623 776 437 600 500 553
123 386 102 624 6 81 48
97 617 443 663 75 82 83
72 977 594 465 476 509 508
31 715 681 740 563 403 516
66 455 209 202 113 134 114
155 146 194 271 187 236 4
44 912 148 477 156 201 105
30 734 997 838 554 889 503
25 787 860 308 77 205 231
51 927 490 89 25 528 470
127 138 266 267 446 64 91
123 855 596 629 652 563 471
97 676 171 129 190 241 106
84 587 623 827 561 768 417
123 943 269 392 676 221 268
62 957 698 951 497 699 727
94 75 232 7 80 77 624
123 50 391 618 372 485 453
50 694 745 248 552 462 420
140 753 659 616 550 654 421
155 582 89 459 509 99 444
154 601 719 250 413 342 325
50 655 91 479 53 43 422
142 107 305 429 125 91 90
27 674 530 458 680 500 509
123 462 612 218 733 277 371
67 555 599 491 704 233 517
86 867 902 739 654 593 331
154 746 481 345 334 330 251
72 640 723 365 641 482 364
86 783 660 631 453 552 533
59 669 734 802 303 583 600
121 562 19 175 459 531 507
66 740 546 662 652 545 607
155 380 390 408 411 523 379
140 754 459 436 509 19 89
155 132 80 7 102 170 231
97 278 596 587 629 471 600
155 58 402 375 101 76 22
27 860 369 174 448 263 231
140 815 247 606 141 383 243
154 182 457 310 57 311 73
121 628 582 25 89 264 469
76 296 712 470 403 347 274
155 39 55 70 131 454 216
59 733 394 28 436 681 635
154 221 474 40 22 126 276
59 745 78 387 209 477 155
25 934 604 559 764 568 569
155 12 32 435 42 59 258
154 719 339 251 332 330 250
123 823 492 526 806 555 453
94 262 430 386 308 127 400
120 476 393 562 493 507 264
84 611 533 140 143 353 248
66 201 785 253 412 114 105
72 850 737 453 618 562 513
62 696 661 423 52 791 422
151 902 654 739 603 602 283
50 551 600 244 333 393 356
154 565 623 618 553 548 493
62 916 577 463 606 51 246
126 99 499 513 420 19 500
76 555 828 353 215 562 492
127 114 95 207 96 202 255
121 338 674 88 89 20 517
42 464 888 19 556 500 469
122 580 531 458 436 635 469
25 136 772 852 608 537 477
123 485 292 799 151 150 63
155 381 382 201 210 104 136
15 637 822 477 295 564 537
15 850 394 644 628 533 502
97 278 565 563 516 469 373
67 272 362 112 227 633 422
31 760 578 718 537 358 466
123 961 304 747 283 622 603
138 703 503 315 360 277 501
140 876 232 80 231 77 34
5 915 752 644 675 393 516
44 799 484 135 475 21 63
155 533 499 592 393 555 517
70 7 316 275 111 75 205
42 802 726 652 395 404 594
155 76 276 23 375 474 217
44 234 703 218 704 140 243
127 446 87 17 16 299 90
50 436 347 453 528 395 470
121 678 259 82 94 262 316
123 892 517 662 431 782 516
30 615 248 576 618 682 565
44 737 972 596 485 372 391
138 579 205 82 111 275 259
123 944 311 521 57 310 199
107 536 942 673 203 123 124
58 128 232 262 93 6 111
33 264 490 628 554 502 517
25 872 778 354 451 856 756
138 372 468 141 660 587 420
14 449 797 354 515 699 727
80 677 174 127 83 94 263
140 663 494 285 111 75 205
123 322 118 11 46 85 61
122 468 553 498 555 768 647
150 768 652 600 629 554 373
148 623 576 403 526 555 471
154 417 563 391 592 420 581
59 588 888 644 790 710 607
151 774 716 602 747 363 284
80 465 265 737 516 517 470
44 832 862 471 393 562 498
92 733 846 468 567 462 215
121 820 215 140 247 233 461
97 39 816 435 85 3 42
43 776 615 278 600 576 507
31 458 844 694 552 417 576
140 867 622 774 659 284 603
92 607 913 758 586 625 453
120 319 450 763 727 449 327
107 885 653 405 357 406 336
155 118 37 60 59 8 62
72 790 734 631 510 393 492
148 90 166 427 17 361 33
25 637 352 672 346 79 537
155 269 126 260 101 276 58
155 58 230 145 261 221 40
155 159 70 130 39 55 454
44 703 51 660 431 533 248
27 20 915 503 592 373 516
154 576 645 485 555 562 694
148 719 746 326 642 330 321
151 99 470 507 459 465 508
155 603 716 331 284 363 550
155 659 616 739 622 331 284
97 827 682 565 485 628 561
155 12 49 3 61 816 60
154 134 800 207 104 249 179
14 710 503 737 338 264 552
151 475 31 18 135 21 384
25 565 244 645 644 662 503
66 977 675 594 517 25 508
72 868 563 806 628 485 576
140 682 513 710 728 516 373
123 954 330 334 339 374 367
154 563 552 555 576 768 431
151 196 106 168 197 190 14
55 587 383 916 596 490 499
103 453 551 243 371 734 647
121 467 561 391 502 583 278
84 458 353 373 600 635 404
123 322 816 8 49 85 61
121 470 194 272 4 45 505
155 22 261 230 41 269 23
151 507 553 728 516 373 471
127 588 599 612 244 562 492
121 492 476 508 89 444 469
125 89 140 468 660 505 507
58 341 731 683 369 840 340
50 794 702 778 657 701 725
23 478 575 713 735 127 75
80 775 632 195 770 377 378
138 943 402 261 474 268 22
123 351 35 74 368 30 86
48 223 402 168 112 149 676
51 252 760 564 183 679 300
76 275 226 445 81 443 83
155 145 392 76 221 230 103
62 278 710 647 628 404 502
123 715 513 517 562 581 629
93 880 561 629 395 420 694
51 678 34 584 460 204 75
122 580 94 170 262 205 231
97 911 576 618 372 628 492
148 813 393 548 728 554 372
76 635 623 806 545 533 562
127 565 599 682 248 503 517
138 791 881 53 423 422 71
154 533 737 407 417 401 553
78 417 563 612 140 516 492
155 271 146 236 187 194 147
138 39 424 118 162 220 42
93 889 645 592 548 471 838
92 581 99 635 505 459 562
76 536 673 744 512 124 123
44 886 889 694 782 417 554
134 862 623 493 548 581 806
117 767 739 774 331 603 622
50 711 190 564 841 633 295
111 728 588 660 507 618 565
142 139 201 136 207 134 104
96 360 623 499 662 517 533
154 339 642 547 334 342 329
122 222 120 149 217 103 676
153 391 507 453 838 373 420
15 942 898 834 673 769 203
58 471 444 383 660 635 247
155 345 320 325 693 425 332
58 609 531 623 533 500 431
72 538 765 118 32 62 8
44 115 677 173 584 460 263
138 463 498 587 576 660 431
72 155 415 249 122 273 134
42 335 379 688 288 287 523
126 690 396 537 637 297 298
66 961 821 739 593 284 603
120 129 270 222 183 633 44
121 15 358 537 223 352 633
42 158 92 557 341 370 232
140 395 728 662 431 652 401
42 517 821 733 247 243 647
155 205 82 81 47 48 263
50 879 297 730 852 298 637
66 196 270 184 168 633 14
44 564 633 839 237 224 300
137 533 563 395 588 631 600
65 477 717 399 295 718 537
59 674 140 647 372 407 470
66 122 998 136 185 154 255
127 400 132 102 7 494 170
72 920 274 181 213 245 219
78 609 277 565 548 248 660
154 387 381 209 156 201 137
127 317 226 128 308 173 47
68 555 407 505 465 395 498
122 594 618 629 493 565 404
92 814 308 80 170 169 232
154 749 535 684 573 630 570
78 409 839 679 466 252 79
15 970 830 930 177 176 757
148 695 365 364 723 482 439
59 663 80 111 575 624 75
155 413 374 547 329 250 320
50 461 889 662 555 838 503
58 335 790 528 562 710 821
97 356 618 600 592 628 373
125 436 247 501 315 531 635
97 813 581 393 471 555 526
62 320 587 615 588 562 821
50 387 309 114 113 96 255
154 474 221 149 217 276 392
140 660 393 662 562 517 407
27 722 718 839 225 252 79
67 219 680 28 24 444 404
42 428 817 87 17 33 166
27 109 860 319 338 464 580
154 32 816 12 36 11 8
86 813 682 503 528 391 498
66 507 815 143 577 383 660
50 463 783 565 498 828 631
89 581 394 768 393 403 485
140 862 471 596 526 581 607
125 355 449 450 727 738 354
43 371 520 465 635 303 248
123 565 312 712 347 274 343
154 393 403 652 600 499 502
138 453 577 140 51 492 248
43 166 78 87 17 43 427
154 902 550 284 489 747 283
107 139 912 253 114 148 105
50 832 736 553 545 611 420
80 864 605 298 537 348 540
59 422 95 16 33 167 361
86 672 409 760 399 79 78
140 490 806 710 662 499 548
155 217 149 58 230 268 40
154 220 424 37 85 49 32
59 842 291 314 449 763 450
107 395 623 510 662 552 503
140 776 431 782 562 553 548
25 545 343 175 588 403 652
120 461 437 175 88 505 420
25 333 395 813 866 694 492
42 178 196 276 149 676 15
122 325 694 562 431 407 821
154 339 642 250 321 413 549
123 872 382 210 136 154 155
69 609 407 628 734 372 248
76 46 765 38 216 85 49
155 145 101 217 40 22 474
58 417 335 248 507 580 517
43 681 152 140 215 315 303
33 821 739 774 304 603 284
138 562 577 244 315 453 248
151 826 235 301 160 116 117
65 495 666 50 420 491 590
92 546 615 652 500 588 545
51 172 128 443 204 285 47
121 33 266 305 267 299 286
72 784 95 166 427 167 362
123 322 11 435 42 36 61
136 97 469 635 470 25 89
140 343 485 510 710 453 420
62 827 503 645 587 583 492
68 404 245 343 347 152 219
140 351 74 66 54 214 86
155 117 301 188 235 144 116
93 303 528 533 587 417 403
151 404 526 790 492 502 471
155 37 42 36 258 118 60
120 289 548 420 499 517 165
148 99 674 470 437 508 25
155 414 654 331 643 304 602
27 533 850 563 645 662 471
72 611 471 143 333 247 248
154 703 360 244 371 246 248
24 927 740 443 128 115 464
155 22 260 375 261 103 149
15 970 830 930 177 176 757
151 588 734 628 503 420 417
72 977 674 505 437 19 508
65 958 394 401 694 404 790
155 320 601 334 330 549 332
62 868 828 728 548 393 372
23 328 313 951 777 497 450
44 737 880 782 517 498 492
50 740 754 526 391 437 517
86 816 67 32 435 46 12
155 570 836 573 749 432 684
50 669 927 552 485 394 662
125 132 494 285 400 34 81
127 415 122 179 249 253 273
71 856 872 778 657 656 756
97 784 361 751 27 167 362
136 82 434 808 478 262 94
48 442 127 852 730 464 307
72 865 477 466 399 300 79
94 916 545 583 562 652 596
154 555 710 493 401 417 470
94 660 528 629 596 510 565
126 513 218 140 356 618 492
123 72 393 629 490 391 485
24 916 490 476 353 465 246
56 866 530 471 588 436 526
121 681 652 806 499 502 470
92 391 465 469 507 436 618
48 561 582 612 243 500 490
138 870 293 161 106 241 15
155 375 103 402 260 41 261
27 359 896 704 501 277 244
33 646 782 682 592 391 401
31 868 595 407 580 394 600
76 353 371 516 552 360 141
67 712 490 737 783 417 343
140 580 505 437 465 507 403
123 55 3 12 2 85 67
154 41 474 402 120 269 145
120 487 641 482 695 439 909
44 677 575 434 460 173 93
113 601 642 339 693 321 330
155 76 40 23 120 269 41
140 128 443 833 169 121 115
142 599 234 590 583 461 244
134 680 674 89 88 500 531
113 867 774 739 659 489 283
155 268 474 120 217 101 276
51 888 351 471 587 861 470
68 134 608 399 358 79 477
42 965 155 664 891 665 964
66 737 278 596 682 583 493
65 787 386 263 75 400 231
140 790 393 517 372 548 401
27 940 458 652 734 493 517
67 503 729 721 158 720 469
120 206 270 578 564 183 57
56 813 88 581 592 500 645
80 733 501 658 583 360 383
97 102 400 803 226 115 169
31 880 790 490 587 453 493
93 681 582 670 465 437 594
56 815 844 50 503 821 383
97 142 424 220 62 11 42
138 750 838 503 373 662 492
27 866 595 600 768 562 553
59 315 821 513 600 507 592
72 635 394 485 581 563 562
15 655 560 358 558 637 537
84 703 315 234 468 246 371
92 599 734 587 453 647 218
155 214 29 65 368 133 35
92 373 567 141 383 233 828
50 500 51 607 548 356 393
148 548 507 734 553 493 498
123 85 198 254 55 454 67
78 850 565 246 248 838 420
66 272 829 685 524 525 638
50 395 594 356 246 25 353
120 105 107 518 43 33 139
72 734 343 373 485 576 393
72 218 850 596 391 513 583
113 680 670 28 25 508 476
68 865 722 223 564 295 79
62 650 430 263 115 494 48
68 370 157 54 66 158 232
102 694 315 647 243 526 453
88 873 395 417 404 561 453
25 892 646 916 563 407 470
27 645 491 628 507 592 492
25 615 471 88 458 303 404
59 373 992 612 243 609 246
154 623 782 517 498 554 485
67 601 821 483 593 284 320
97 472 555 682 417 533 490
153 694 628 662 533 498 401
122 88 652 513 453 587 470
31 370 514 317 204 48 231
138 954 601 251 413 547 367
25 850 468 296 372 343 583
121 463 737 516 528 391 490
120 430 77 624 6 204 617
107 647 892 868 576 372 470
67 615 552 360 140 218 821
103 699 887 449 777 727 497
72 808 80 82 400 81 93
65 813 977 436 500 175 510
155 659 622 602 747 304 603
155 392 126 120 40 260 76
69 732 660 513 600 492 278
66 876 259 132 102 81 77
113 902 363 767 304 331 414
76 583 666 610 611 333 248
155 549 345 320 547 321 332
120 896 431 752 561 469 394
67 682 821 413 746 342 587
123 178 58 120 392 221 145
123 415 201 185 137 156 134
140 361 91 64 366 33 43
140 34 259 400 47 170 205
154 746 719 345 332 425 547
72 545 862 583 303 510 502
121 289 153 296 312 274 219
113 902 550 867 421 331 283
62 748 587 531 436 510 470
140 886 552 548 652 372 581
56 399 636 183 633 106 358
154 782 565 710 553 498 401
123 843 18 135 72 0 195
123 961 747 659 654 414 363
68 838 545 580 740 470 581
66 715 855 453 562 513 629
14 623 581 140 619 469 583
155 200 206 521 311 310 199
123 152 193 213 180 192 245
127 611 531 509 28 565 264
155 146 147 271 5 9 45
122 157 368 29 65 133 158
120 823 533 248 431 660 896
59 704 99 391 490 500 420
72 859 742 695 482 641 439
15 626 933 770 21 18 195
80 372 500 606 315 652 407
72 351 343 469 561 583 516
72 885 612 607 561 492 498
107 844 782 631 555 588 417
122 925 527 69 198 159 454
68 453 404 247 333 660 485
154 746 601 329 325 334 326
42 563 334 464 740 335 821
155 171 636 227 168 241 256
75 681 509 51 356 594 635
44 468 827 510 548 562 492
154 545 682 587 417 516 562
148 831 532 242 589 108 282
155 326 334 367 251 374 325
155 23 221 260 276 375 22
24 503 464 846 383 567 356
94 731 275 478 48 75 231
66 372 860 787 740 580 403
50 647 25 576 553 303 600
113 644 737 587 552 431 562
148 595 97 19 436 556 476
72 888 776 498 562 502 470
97 868 587 526 563 710 420
76 599 551 372 623 360 356
140 902 363 774 616 331 284
123 776 373 710 554 407 592
140 867 550 659 747 414 483
82 623 600 866 790 471 662
155 34 92 80 102 7 205
140 776 645 526 710 372 470
48 806 828 787 892 631 516
62 852 223 822 78 295 537
31 512 898 673 536 124 123
80 618 662 615 395 401 503
127 275 92 81 7 111 204
146 256 293 161 112 178 14
125 221 190 44 106 260 676
44 567 338 431 499 553 420
155 250 329 339 334 547 374
58 528 556 592 505 24 517
120 627 240 179 309 105 202
14 704 815 680 513 393 248
123 232 133 65 54 100 158
97 15 474 221 261 126 76
27 892 674 694 623 554 470
140 333 581 471 503 492 420
128 661 87 16 90 655 362
94 787 308 204 205 170 231
123 15 375 103 221 276 145
154 527 454 142 70 55 216
14 237 298 560 605 348 537
76 734 581 333 501 553 453
155 46 62 60 118 424 2
140 458 19 28 97 437 459
133 15 217 41 22 112 23
44 202 800 477 210 137 105
66 740 619 652 502 401 607
154 595 444 509 556 508 470
44 137 90 346 252 409 477
23 555 886 279 274 395 401
69 783 576 580 303 403 493
50 398 89 187 236 505 5
122 222 40 22 268 260 676
55 246 862 708 404 555 490
43 403 644 828 393 552 526
123 943 230 269 103 145 268
151 23 256 14 178 112 15
142 140 493 623 463 490 248
72 838 548 596 576 555 391
140 175 485 576 553 470 500
51 253 96 477 210 240 104
94 833 102 400 81 204 115
72 920 165 213 193 289 219
155 414 716 593 331 659 643
121 633 107 518 33 27 362
26 737 889 662 470 628 554
92 386 460 169 174 94 226
107 867 961 622 363 489 603
92 712 431 395 503 470 274
155 642 329 481 326 251 250
66 838 458 407 533 576 562
72 866 623 728 587 372 391
44 179 412 387 156 185 134
148 443 624 81 259 169 205
151 618 576 561 417 498 607
15 218 577 611 682 373 248
148 343 533 404 395 652 576
140 394 274 347 296 165 152
126 555 666 360 277 553 492
142 468 143 606 234 360 371
155 103 474 269 40 260 101
59 371 844 587 554 565 533
42 648 856 657 725 778 785
66 265 754 594 531 508 303
123 300 168 241 106 184 633
24 530 175 704 469 431 444
112 243 528 561 517 503 490
84 912 412 800 309 134 105
42 469 863 783 828 372 553
120 154 399 760 466 79 477
79 356 395 783 372 343 682
66 476 153 490 372 394 517
123 215 373 768 552 576 492
154 304 739 643 331 363 716
80 614 632 419 770 377 378
42 776 838 576 500 393 647
122 59 749 432 433 630 535
122 936 662 576 417 499 565
78 469 681 551 356 470 507
86 710 644 862 555 607 510
14 682 265 165 866 545 517
123 866 710 554 806 581 694
93 873 444 420 588 565 513
121 165 498 618 682 372 394
97 540 352 78 300 358 537
84 444 868 694 533 565 516
107 776 886 513 471 592 401
59 175 315 694 513 552 470
123 183 200 521 206 457 57
66 758 813 583 652 553 453
151 469 623 372 492 470 583
78 460 808 579 259 434 93
44 137 800 113 253 202 105
140 753 363 550 659 654 304
140 660 503 600 553 485 492
123 278 492 417 554 499 502
68 806 752 595 20 403 471
59 870 196 256 189 293 178
27 940 465 652 528 513 517
67 894 909 691 869 649 859
92 954 553 821 552 737 342
14 740 615 343 244 407 395
94 395 587 806 554 372 561
25 915 351 921 291 486 290
92 371 582 565 264 444 583
78 733 140 623 373 51 356
23 246 508 766 584 338 303
138 443 624 7 80 93 169
154 268 402 269 474 101 22
133 172 81 205 169 317 48
62 807 745 356 51 233 244
72 823 244 513 510 631 420
127 85 38 527 198 3 67
155 413 326 374 746 332 329
155 23 217 41 101 22 261
97 218 25 469 505 500 635
59 347 135 319 565 485 395
58 752 551 592 618 660 498
123 911 576 554 710 407 694
123 944 56 200 311 310 199
15 343 464 682 588 592 395
59 618 886 279 394 662 631
122 579 204 47 115 81 94
155 251 330 746 325 547 549
113 737 592 768 500 562 404
122 190 58 676 23 145 15
127 253 137 387 185 148 134
70 635 394 790 401 499 652
138 528 545 407 652 596 401
120 999 583 635 404 248 609
123 943 40 221 58 269 22
59 548 666 404 303 215 660
154 339 642 481 329 250 326
27 938 592 99 635 465 505
131 303 247 371 733 635 660
154 221 474 269 230 402 103
155 58 126 392 261 76 260
27 827 233 806 644 502 420
31 845 541 558 864 540 349
154 435 816 2 3 11 8
72 137 412 240 95 148 104
140 351 30 29 133 86 214
66 56 718 578 841 295 183
27 674 565 754 436 437 444
154 759 100 29 66 54 30
58 509 170 516 565 231 395
61 710 555 682 356 631 404
151 774 654 304 363 283 659
140 220 69 55 130 39 67
25 732 821 505 660 420 502
129 728 20 500 403 694 533
70 822 760 711 358 399 679
123 637 358 564 223 352 537
86 873 737 662 555 513 499
154 629 548 401 431 652 581
151 182 521 457 200 73 56
44 694 821 517 752 561 431
120 51 607 629 631 507 353
25 88 265 629 635 652 500
31 458 353 670 28 25 437
151 653 406 405 336 385 337
127 323 258 32 3 438 61
155 230 276 474 269 23 58
58 660 461 631 553 863 576
133 868 652 403 555 528 576
70 886 394 790 645 453 372
48 773 426 839 78 267 477
70 276 633 196 161 14 112
107 609 551 612 143 140 360
126 454 220 60 49 254 216
127 37 438 534 456 32 61
14 275 571 624 430 128 47
123 501 652 417 404 592 471
151 771 305 426 299 446 267
24 356 463 567 50 590 246
94 645 783 652 493 533 587
151 571 317 316 478 172 174
154 268 375 76 217 392 120
155 481 334 321 413 320 326
58 873 656 576 629 715 401
140 599 554 516 596 407 471
67 644 244 707 706 807 471
57 728 356 600 588 631 628
107 394 712 296 347 153 152
97 1002 782 813 728 372 526
126 80 115 47 82 34 6
76 682 545 612 244 526 471
120 565 51 333 140 704 431
123 600 88 508 436 531 264
72 850 545 563 510 562 652
66 315 319 553 600 565 583
44 873 645 303 393 404 401
125 588 99 19 25 868 470
5 533 806 715 892 740 516
155 207 148 240 95 309 249
155 58 276 221 126 676 22
62 873 782 490 631 516 502
134 448 128 47 115 169 259
133 141 417 373 393 50 631
155 485 631 393 503 647 517
123 422 16 366 138 26 43
148 647 394 490 498 600 513
72 317 6 127 128 170 82
15 796 718 839 225 537 79
122 175 194 45 5 4 505
59 315 828 862 607 393 431
62 802 553 531 458 403 595
58 563 247 607 503 371 498
94 359 548 567 243 461 233
155 414 331 716 363 483 284
76 227 119 402 22 14 112
86 114 122 136 201 134 104
58 7 403 663 48 338 204
72 233 827 391 768 498 492
68 773 252 578 352 300 477
62 360 644 393 404 581 503
68 174 443 132 92 205 259
94 617 478 115 93 262 83
66 916 927 516 583 470 660
66 981 290 763 522 486 487
14 222 224 427 864 348 537
50 231 368 720 721 86 158
155 261 120 268 126 260 58
140 676 41 402 120 145 217
48 636 40 293 44 76 112
123 477 429 446 426 299 305
93 589 555 469 533 404 580
154 220 424 59 61 36 60
132 606 505 465 470 490 635
70 370 132 494 47 205 231
42 455 664 314 313 450 842
155 159 527 216 70 198 142
142 864 605 541 349 348 540
48 873 612 892 576 246 502
138 813 407 499 503 728 554
86 660 606 493 401 490 583
151 867 902 747 593 489 284
33 444 645 563 618 710 470
154 293 112 119 161 197 44
24 938 9 594 175 595 505
126 222 293 106 14 223 633
122 870 905 190 161 197 14
140 427 286 107 518 125 64
151 826 235 301 117 160 116
68 409 156 114 253 105 477
138 663 445 92 34 75 169
86 234 567 215 218 383 371
94 28 728 517 493 607 303
58 480 110 596 507 508 576
86 844 618 600 563 562 588
43 635 916 501 244 143 660
127 358 224 608 237 466 78
70 936 611 500 403 600 565
121 916 545 561 492 373 246
155 2 49 32 118 85 8
97 827 645 618 555 581 728
50 761 198 32 36 39 49
155 367 374 320 345 321 251
103 6 443 575 111 7 205
66 740 279 391 553 533 592
123 961 654 716 284 304 363
148 752 728 533 576 510 498
78 309 412 210 209 273 105
58 857 628 28 303 404 582
154 485 588 431 565 516 403
155 112 256 227 636 178 171
59 889 490 806 662 600 554
31 669 868 561 694 420 662
72 863 526 587 576 493 553
58 114 343 193 245 152 192
44 210 772 300 224 225 477
138 575 445 102 6 624 169
67 590 661 166 428 362 525
151 537 183 578 223 300 295
155 22 392 149 145 23 268
78 645 866 50 660 782 492
58 495 63 356 660 485 468
127 429 518 17 16 305 91
155 76 58 217 221 126 22
154 676 120 145 217 58 23
148 588 782 485 565 493 555
122 169 786 191 172 460 93
24 610 404 815 356 491 407
151 902 421 550 747 284 283
78 386 430 317 263 285 82
127 12 69 216 130 11 67
127 114 137 136 185 253 104
67 754 500 493 629 513 465
140 353 491 383 612 51 141
154 339 642 693 345 367 251
48 611 510 936 609 394 248
93 370 575 80 169 77 232
155 746 334 547 374 325 320
50 662 892 660 338 752 403
120 166 139 96 309 95 751
125 479 26 87 125 272 422
62 548 588 866 629 395 498
123 943 41 375 149 261 22
140 196 636 227 168 197 14
59 675 750 393 576 710 470
155 70 254 69 130 131 216
51 278 868 469 652 528 576
71 437 218 453 513 631 303
151 316 443 83 75 48 205
67 862 471 609 491 247 628
94 736 243 635 420 248 611
151 475 31 0 384 63 72
94 551 635 526 498 403 373
58 893 852 442 307 730 306
121 520 395 498 682 492 356
76 623 500 501 215 631 583
50 727 319 355 738 327 354
80 719 326 844 821 334 320
155 171 227 189 633 184 168
68 828 662 580 615 394 453
72 954 877 549 334 374 342
154 947 201 209 210 185 154
50 617 786 6 77 173 169
62 972 393 806 710 587 391
94 528 594 629 507 404 583
138 790 404 631 510 498 553
72 776 813 581 662 554 553
94 453 913 621 586 625 758
50 868 866 315 501 694 420
48 575 232 579 448 80 169
66 501 343 431 499 490 471
121 748 264 670 509 436 458
24 51 850 580 565 303 492
148 196 633 184 119 14 190
120 237 148 207 249 105 477
66 338 866 652 596 629 420
123 456 85 49 62 162 61
72 609 503 495 590 461 244
97 467 563 647 373 470 528
68 607 551 141 140 371 373
140 902 550 363 654 489 602
86 675 97 465 505 175 437
58 555 234 551 356 244 652
65 88 461 393 513 647 303
62 862 545 752 403 652 498
94 319 828 485 583 393 395
155 659 489 593 603 643 414
35 404 644 587 782 431 554
51 89 394 776 401 279 469
129 32 69 39 67 85 49
140 112 126 221 268 103 22
66 704 545 768 563 629 431
58 776 10 510 596 0 592
155 67 527 131 39 70 130
97 539 816 32 12 61 62
140 759 86 368 133 30 66
92 369 48 464 226 127 318
155 531 508 89 25 28 505
67 886 592 246 383 248 372
127 151 21 72 475 292 63
123 911 652 401 493 404 607
154 406 653 337 336 357 385
107 530 507 28 508 509 465
42 453 658 505 28 635 315
80 841 633 637 537 223 352
138 813 587 533 552 526 510
138 662 618 768 565 403 417
15 7 617 232 285 111 205
48 692 976 455 842 649 869
70 234 567 609 491 248 501
50 234 528 820 863 647 461
69 916 303 533 471 503 246
76 623 403 468 647 662 391
92 874 115 231 262 263 319
67 553 599 704 491 244 682
59 838 279 453 652 469 401
154 577 218 246 143 248 315
44 488 231 86 29 214 158
68 870 171 119 129 106 168
123 232 30 54 74 100 158
123 954 481 345 642 250 320
65 703 734 373 471 628 246
27 700 830 272 236 271 5
68 119 676 41 230 76 15
70 628 465 551 248 303 517
120 564 217 76 149 676 270
84 6 575 316 434 170 47
97 39 32 816 8 118 42
155 23 103 145 101 402 40
120 51 404 391 401 592 315
151 753 643 739 414 421 483
123 431 72 0 84 13 135
72 387 114 249 96 148 255
86 784 905 14 112 119 44
150 682 565 510 628 499 629
66 984 648 854 853 692 932
122 737 694 471 373 728 561
155 596 453 682 485 490 393
62 813 587 588 555 453 554
51 599 51 485 728 491 492
155 283 550 654 414 304 622
127 173 285 128 226 262 48
122 22 905 15 197 190 112
123 700 146 187 272 271 5
68 886 561 20 674 470 554
140 500 662 629 607 517 510
51 624 386 259 448 308 82
151 670 505 531 476 89 19
123 740 528 596 503 471 516
48 500 828 644 596 587 563
94 612 359 567 462 577 371
122 608 382 185 156 209 477
120 428 688 287 288 447 166
92 734 395 768 561 607 855
72 374 737 372 563 404 821
103 20 513 395 485 444 500
48 660 752 906 319 892 787
126 581 143 215 233 596 492
123 419 18 84 135 384 195
76 931 707 356 244 706 807
92 526 609 599 243 315 498
14 46 648 513 1003 872 756
155 207 179 249 800 309 105
15 596 880 737 50 244 492
127 139 185 209 154 240 104
127 469 437 25 24 417 500
15 650 617 6 386 127 48
120 539 36 220 2 85 538
65 807 782 623 682 498 248
94 867 774 716 622 747 602
58 152 233 629 631 333 394
67 234 143 431 576 453 233
155 40 41 268 217 22 392
155 424 816 37 3 2 11
123 963 250 321 339 320 325
58 884 552 519 520 356 705
150 691 648 785 692 649 869
148 339 719 642 693 413 334
120 526 248 141 140 501 548
92 582 866 470 492 545 89
97 399 608 409 252 237 78
43 869 756 551 215 360 745
155 220 11 49 8 46 435
92 362 578 537 358 223 655
123 505 272 147 271 146 45
151 259 77 132 205 231 169
93 305 564 78 295 300 477
50 152 734 499 652 823 395
123 871 250 321 367 330 334
66 628 278 733 247 248 492
44 734 359 247 333 491 244
153 552 806 554 629 471 576
42 766 731 476 89 303 338
148 503 710 403 600 607 513
123 889 652 629 526 533 607
155 31 384 84 257 13 18
27 24 265 680 469 507 303
120 841 58 145 23 676 222
120 779 583 576 516 343 296
148 623 394 404 553 682 493
92 744 769 123 124 203 512
138 115 232 34 6 93 205
15 609 828 612 581 644 492
113 136 240 113 148 104 134
23 647 247 681 563 394 660
140 676 40 120 41 76 221
97 635 592 866 401 373 498
67 669 552 143 491 141 600
142 711 352 223 399 358 295
123 218 565 533 453 492 583
155 747 654 331 483 550 602
133 50 303 565 401 647 393
25 501 710 436 631 500 420
127 249 113 627 114 800 273
123 142 816 60 36 118 42
94 646 977 531 459 508 458
142 526 500 395 555 502 562
59 873 828 592 628 682 431
154 182 457 311 200 56 310
138 356 806 499 553 490 373
59 285 77 584 93 575 48
76 670 24 733 420 25 500
14 312 844 510 860 580 821
58 278 567 552 356 383 631
120 688 671 380 408 523 287
151 6 121 111 47 169 82
122 157 81 205 132 6 232
80 347 219 510 821 274 312
65 813 610 652 576 395 431
68 467 628 581 782 417 600
72 500 850 391 453 492 502
24 916 662 520 490 356 596
155 799 186 292 302 63 151
72 815 463 51 733 218 360
125 371 555 806 453 141 407
31 872 853 691 785 692 869
59 808 303 650 191 338 478
137 896 393 562 503 823 493
76 609 468 403 471 491 244
138 453 666 277 333 612 143
86 538 765 32 118 85 59
23 532 787 896 629 394 580
86 226 624 584 174 48 75
72 879 864 541 605 540 348
66 646 750 373 526 710 401
140 902 739 421 363 331 489
151 468 315 609 246 491 243
24 296 325 576 647 768 821
155 425 693 549 374 320 345
154 531 403 20 89 465 19
94 356 545 576 516 561 552
68 754 458 594 680 459 89
33 838 343 588 623 631 490
151 458 505 28 531 459 436
122 464 263 174 191 317 338
50 770 847 418 651 626 419
142 207 412 114 240 148 105
120 360 89 444 436 469 533
151 767 363 593 489 483 331
48 740 110 927 646 264 507
25 1000 479 95 27 167 427
86 867 767 616 363 331 483
126 618 703 612 277 565 420
155 374 481 693 332 329 325
66 80 904 335 731 318 231
138 112 402 221 126 676 145
155 424 46 36 42 118 2
66 936 615 618 471 470 710
123 338 600 498 372 583 403
50 948 244 600 592 561 493
50 613 504 45 5 19 505
44 6 191 226 121 128 47
5 6 226 275 571 338 75
25 669 530 645 565 555 600
44 551 244 403 562 500 533
50 635 782 783 647 576 533
123 477 446 266 426 91 305
72 463 862 517 562 516 420
155 38 254 70 142 131 454
58 618 500 596 662 394 526
50 827 606 588 652 247 471
44 575 317 443 259 121 75
155 258 12 36 3 60 435
120 513 84 384 10 72 596
92 662 50 463 218 140 431
68 386 430 275 93 111 308
58 828 481 844 821 330 562
70 464 803 275 204 111 226
155 510 513 516 485 600 596
123 453 215 246 247 218 315
123 877 746 321 693 320 342
72 750 645 652 513 728 492
44 530 403 88 24 97 509
97 657 62 67 11 12 85
51 936 787 401 498 335 565
148 870 293 171 636 184 178
120 215 485 393 502 503 315
155 221 149 120 126 261 217
155 0 84 1 257 195 18
14 644 806 618 846 567 420
68 335 631 581 806 373 565
76 647 563 491 246 372 373
122 611 82 285 308 494 464
155 112 171 14 256 184 168
24 920 192 407 274 395 219
15 783 500 832 491 612 420
76 768 490 25 635 373 404
86 528 592 561 682 417 498
123 461 607 782 417 401 498
129 518 771 266 267 286 91
151 816 220 435 37 62 8
58 278 694 615 394 471 580
123 961 414 902 283 284 602
86 247 623 576 600 471 583
72 663 624 494 115 170 82
44 815 590 612 277 141 244
70 892 265 662 503 517 470
155 154 155 156 137 201 477
103 682 303 646 458 499 517
50 844 978 393 600 545 562
24 896 143 644 533 554 244
50 78 270 558 348 223 537
122 154 800 122 139 249 255
140 49 159 38 130 216 39
123 833 128 494 308 47 115
138 963 481 547 345 746 413
94 855 395 618 407 393 768
48 805 297 845 349 298 558
120 33 154 185 155 105 139
48 861 591 873 499 25 470
50 672 27 722 679 427 78
121 44 474 126 276 22 112
23 886 682 813 303 510 581
27 806 782 246 552 315 471
66 218 886 710 391 662 552
155 414 304 421 616 602 331
123 821 618 728 526 471 493
51 359 143 503 832 383 244
92 455 381 105 137 154 114
27 776 732 303 498 565 517
15 611 567 526 234 50 420
69 495 155 649 869 785 745
151 469 662 485 782 607 499
113 907 867 363 283 593 414
59 777 314 951 727 450 497
97 554 469 531 436 303 470
155 171 15 197 190 184 636
133 485 257 84 0 596 72
140 538 2 12 3 162 85
120 149 241 227 197 112 276
133 607 733 606 360 660 492
33 619 889 565 682 554 401
70 873 734 218 631 583 453
129 528 635 548 652 576 513
133 184 905 196 161 106 44
123 943 221 676 217 126 268
50 528 360 644 652 371 647
33 827 587 596 694 453 728
50 771 772 91 429 477 267
44 305 185 409 252 224 477
113 469 391 356 393 503 492
93 666 662 583 372 587 218
48 480 88 588 776 674 748
120 633 268 221 120 276 112
50 861 532 635 531 580 470
24 556 562 194 505 45 500
94 828 662 533 485 553 583
48 132 906 808 174 319 231
51 81 121 174 460 111 93
24 552 551 666 50 277 407
150 737 618 652 588 513 393
32 471 233 660 666 277 599
155 40 474 217 101 260 126
129 596 165 615 470 401 507
93 713 232 82 6 205 127
72 675 754 28 97 264 88
14 153 787 465 868 516 403
97 972 600 631 373 528 431
123 821 250 413 332 719 334
123 23 14 119 241 161 15
94 164 947 105 185 136 382
120 194 56 521 311 199 4
92 333 592 635 533 404 606
5 218 580 556 265 513 303
151 674 465 264 444 635 20
155 363 716 284 602 550 331
127 305 138 16 366 266 90
51 806 468 588 737 462 492
68 114 648 853 932 692 785
93 711 409 537 224 79 466
72 140 343 596 629 628 631
15 851 955 298 348 349 558
125 565 175 437 89 629 469
66 590 353 612 277 215 244
25 359 896 417 371 431 244
154 623 600 652 513 373 596
133 650 111 127 75 460 47
113 495 733 50 247 243 244
155 684 432 836 749 574 630
42 851 879 690 297 298 558
155 199 200 310 56 457 206
33 886 652 631 645 453 553
155 413 321 425 549 329 481
121 494 77 80 6 624 75
94 990 873 526 510 453 607
94 594 343 469 395 576 404
140 867 550 643 304 283 603
138 644 395 393 565 553 503
138 248 555 513 499 407 403
42 584 494 77 232 102 48
62 886 645 596 393 782 662
15 644 628 782 360 606 492
155 59 85 816 42 162 36
23 862 710 703 143 246 373
72 316 275 308 494 443 47
122 772 387 104 201 134 477
14 852 879 306 689 298 637
140 963 321 549 329 413 342
97 179 381 387 201 210 134
92 855 645 503 526 555 734
155 240 800 249 309 207 105
121 583 19 582 264 531 507
94 617 584 82 400 93 121
103 78 791 479 52 427 422
92 454 424 220 3 11 39
120 848 384 18 21 195 544
107 606 846 233 462 371 244
155 38 70 39 454 216 198
69 893 307 852 637 730 306
154 749 535 573 432 836 630
155 659 603 593 739 654 643
123 655 477 225 252 300 78
140 463 596 662 554 485 431
14 526 740 862 463 407 607
72 873 768 471 517 565 510
151 113 249 240 273 148 104
133 815 233 501 50 583 371
72 319 262 77 92 170 231
42 564 608 679 722 399 537
72 145 905 256 171 190 15
84 338 553 88 436 403 500
93 740 599 499 652 420 470
126 752 462 660 577 417 561
66 599 732 493 694 562 407
66 505 610 607 652 407 404
62 530 594 97 88 303 444
92 462 618 356 623 652 243
120 373 13 84 10 1 485
72 463 734 533 471 393 490
127 156 273 139 122 387 255
138 627 309 96 179 255 148
67 362 183 521 206 310 633
58 913 492 621 758 453 586
140 42 159 131 69 142 39
15 404 618 611 143 491 420
154 251 954 367 342 320 547
155 492 555 592 652 393 431
140 588 587 545 710 373 407
14 714 324 649 725 656 715
140 231 808 584 434 478 174
127 751 518 138 87 167 27
56 308 629 279 467 453 464
25 50 279 670 404 303 420
15 720 203 211 488 324 157
43 446 477 427 43 64 90
42 745 333 652 453 503 360
140 803 285 128 170 111 82
154 582 24 20 25 509 264
76 627 105 856 785 412 114
25 218 658 832 372 492 583
62 821 618 828 248 592 562
67 906 231 214 74 158 319
48 906 611 552 395 318 319
72 609 703 567 590 501 243
153 187 45 236 272 9 194
154 592 528 401 555 552 502
97 694 51 234 577 501 420
66 838 680 607 393 404 565
48 755 692 725 657 648 756
72 753 767 867 593 603 331
122 802 505 531 436 437 594
50 567 580 315 704 394 420
97 915 768 526 372 554 516
97 821 642 746 326 425 367
155 103 276 149 474 101 23
24 916 491 503 682 453 246
27 886 646 645 838 391 401
72 892 20 562 395 500 516
148 768 782 526 618 393 373
92 548 745 577 234 462 561
155 435 3 46 59 2 61
122 617 172 47 584 262 169
68 467 562 704 371 431 600
62 823 732 644 526 517 562
127 308 34 80 92 111 169
44 733 790 395 652 517 492
153 463 383 218 492 141 246
25 949 77 478 115 94 170
66 911 889 493 565 554 516
97 776 600 768 499 587 502
68 912 113 249 240 104 202
155 601 329 367 345 334 321
117 277 552 609 660 315 356
51 102 650 226 128 514 48
151 676 474 230 268 145 276
148 628 790 407 631 492 548
94 338 393 469 652 533 403
123 202 249 207 95 179 134
50 490 458 587 728 635 533
140 767 363 593 659 602 489
123 287 408 411 379 390 523
155 101 103 149 58 676 392
92 174 386 205 308 226 94
103 335 814 370 232 318 231
140 735 121 259 75 82 400
94 728 243 528 583 490 373
140 476 469 507 403 303 517
132 734 552 548 768 855 453
140 202 207 179 139 273 255
62 356 644 548 628 596 652
42 244 635 563 662 516 533
14 908 349 605 352 537 558
15 599 470 234 277 51 420
15 823 234 141 592 417 420
151 403 528 552 498 510 583
117 737 563 565 431 516 576
154 375 268 41 126 23 392
25 828 644 347 517 395 631
122 343 51 143 606 215 583
72 186 475 257 195 384 63
151 528 548 623 391 526 498
62 179 137 113 114 155 255
138 806 631 618 587 652 554
155 502 555 596 391 583 561
155 549 339 746 425 250 320
48 450 144 891 664 455 842
138 838 545 587 618 592 493
62 803 735 93 204 617 83
14 167 428 655 44 784 362
120 420 115 205 443 169 338
78 567 140 734 453 599 248
155 103 126 260 76 375 221
140 867 550 739 363 603 483
97 609 694 682 485 562 492
14 458 110 594 172 338 303
122 218 806 652 373 596 552
140 417 394 838 395 499 562
151 381 105 477 136 210 185
155 182 310 200 73 56 199
155 465 509 436 459 28 175
134 911 248 407 485 417 391
93 681 503 490 548 493 507
44 305 409 156 210 201 477
93 862 556 583 303 470 629
151 462 247 491 233 468 371
78 285 443 434 174 494 47
58 968 742 687 788 741 686
70 786 650 115 263 47 460
58 317 7 275 111 575 400
123 925 55 198 69 254 454
134 317 617 308 735 400 82
140 660 393 373 682 533 517
68 977 500 561 581 470 459
44 303 737 629 563 596 401
154 474 41 268 126 120 145
138 588 315 356 141 631 552
140 681 372 563 407 394 404
62 832 502 612 360 533 244
67 362 64 299 267 91 427
92 882 651 819 418 419 812
50 752 623 318 611 485 565
44 606 501 373 710 562 492
58 783 660 623 513 394 373
155 549 329 251 321 330 334
121 519 704 333 246 606 520
25 861 89 503 660 583 403
94 551 567 315 244 243 215
72 338 734 373 652 493 517
27 898 942 769 123 673 203
123 446 87 107 138 16 91
72 596 239 135 384 1 0
154 642 339 332 367 547 321
154 576 728 498 628 373 565
97 859 566 641 364 482 439
48 88 596 191 338 391 470
100 353 19 458 89 635 25
70 828 303 694 431 404 552
58 674 333 513 552 356 469
123 595 407 552 587 562 553
127 240 627 412 114 249 148
78 623 510 556 175 417 470
127 218 782 563 554 51 420
120 258 38 198 142 39 49
155 55 198 70 38 216 131
120 467 492 561 485 248 278
76 629 50 416 351 503 420
50 153 592 334 320 563 821
76 833 494 460 172 115 82
147 576 463 248 394 631 600
155 373 652 492 404 401 493
155 16 17 518 43 33 87
154 533 806 417 694 372 453
121 373 98 99 508 89 517
56 532 354 589 831 763 109
122 113 947 136 156 210 255
66 95 872 387 209 155 105
15 677 443 579 174 434 94
27 862 244 776 563 588 502
70 517 916 551 218 246 599
58 752 599 628 647 50 431
132 34 121 443 82 624 93
127 492 459 88 89 554 470
138 394 782 485 555 631 576
122 143 694 431 607 526 583
97 360 694 469 710 403 420
123 382 249 309 139 207 134
59 974 247 563 548 533 498
76 695 365 741 742 482 641
27 459 623 615 552 395 517
140 838 607 694 782 401 471
68 520 611 646 404 635 356
113 514 317 259 263 173 75
24 752 844 546 555 645 565
138 737 629 631 526 554 552
94 660 866 528 499 373 576
78 79 711 223 352 718 358
155 268 149 276 40 126 101
57 623 646 510 868 588 493
66 813 360 652 618 503 391
58 682 670 545 470 436 548
70 645 469 647 393 628 553
122 423 236 187 9 194 272
59 896 436 682 407 588 394
151 682 647 503 552 471 391
86 517 530 24 88 436 465
138 507 728 548 485 592 372
120 638 518 17 286 33 655
154 500 581 404 592 420 401
113 243 343 493 652 583 420
43 708 580 662 552 417 404
133 660 629 623 373 551 583
23 356 736 868 821 565 611
50 143 467 548 631 732 490
68 464 666 590 567 468 356
129 356 662 576 502 551 507
155 414 550 659 739 603 483
126 254 32 42 11 198 67
151 734 526 485 517 372 583
15 233 343 823 500 485 420
123 886 453 548 499 682 553
59 343 371 403 391 548 516
94 470 808 191 316 174 338
24 806 600 353 631 218 629
155 481 321 367 693 320 334
43 892 373 531 500 458 576
155 40 217 103 402 276 22
140 594 20 556 19 444 508
151 767 716 363 747 489 654
59 950 861 480 646 469 748
150 737 517 503 469 393 510
151 595 465 88 175 20 459
72 590 247 631 493 471 420
155 171 189 256 227 633 168
122 5 556 436 20 531 505
142 429 16 107 446 91 90
121 171 578 841 223 222 633
142 682 528 503 828 453 562
68 756 431 243 734 492 513
72 907 902 716 550 483 593
42 278 821 840 731 318 580
42 792 847 418 651 419 626
25 735 386 434 204 170 82
123 0 555 563 373 526 596
123 765 630 570 432 574 535
58 960 319 344 229 464 228
151 77 83 82 575 624 169
25 373 733 872 462 745 371
127 704 510 554 471 141 420
24 646 459 490 516 391 469
42 657 61 159 454 67 85
66 962 663 443 494 205 400
56 872 838 50 660 507 745
58 25 720 748 646 729 675
76 463 383 607 401 606 490
134 786 111 48 93 584 174
140 500 581 548 372 502 562
27 567 551 50 612 315 420
154 521 182 311 310 73 199
125 417 383 599 371 453 373
103 682 545 510 644 583 516
68 624 262 386 308 115 204
155 380 671 408 379 411 523
154 119 178 14 184 190 197
76 236 793 56 199 45 4
155 184 636 189 241 190 15
140 815 333 50 315 244 246
35 6 172 430 663 75 82
70 740 563 783 533 393 583
107 606 567 140 577 141 51
155 13 18 135 1 84 195
67 64 267 225 409 477 91
23 645 644 393 463 552 581
122 270 636 190 241 256 633
155 2 59 435 258 32 37
72 353 828 554 417 493 407
43 740 463 417 502 561 660
97 876 128 262 400 121 205
123 538 11 46 61 816 85
50 776 610 629 516 681 507
25 682 880 645 644 545 493
113 877 746 642 330 251 342
151 963 250 321 642 342 413
123 709 401 694 533 471 404
122 248 99 465 25 459 403
97 745 947 387 210 156 155
122 20 652 576 431 393 470
31 141 343 555 469 628 552
123 761 12 2 60 258 49
151 633 197 119 14 184 44
59 732 264 526 391 565 502
72 107 655 166 167 361 33
151 754 531 476 88 19 99
43 861 740 873 510 453 517
72 318 683 557 341 340 370
151 458 28 24 89 465 531
80 541 864 298 558 540 348
121 498 215 246 356 551 507
151 902 659 643 602 331 483
66 444 888 526 401 710 517
138 6 174 259 262 204 170
69 658 682 244 631 599 463
155 257 13 72 10 0 63
127 787 631 420 533 464 279
86 507 694 561 768 576 453
122 106 120 145 392 261 676
133 617 111 115 127 735 83
66 580 264 407 588 552 404
121 192 240 122 273 134 114
155 26 64 107 16 138 91
154 339 719 425 413 321 342
154 366 286 16 87 17 518
155 413 642 719 321 325 549
97 25 662 533 548 503 517
99 694 827 737 561 513 629
48 492 844 458 436 821 510
88 318 505 516 20 592 565
151 430 93 575 82 111 48
150 468 143 315 233 666 383
151 469 485 555 607 498 510
25 752 581 19 681 303 470
15 499 628 855 371 277 420
123 896 502 431 469 516 660
97 838 533 790 553 498 485
44 650 663 170 285 226 47
93 957 496 777 887 497 449
121 577 737 821 407 469 583
50 592 97 9 45 476 505
97 148 387 381 137 209 104
125 183 540 348 537 633 222
97 317 803 205 443 121 115
94 469 680 99 437 531 89
140 475 31 84 1 135 21
127 429 286 107 87 305 91
155 368 74 65 35 214 30
121 51 553 517 373 623 356
14 623 647 790 582 500 502
42 596 927 582 110 20 403
59 338 652 508 594 404 303
97 763 394 463 248 407 660
126 70 162 49 60 130 67
94 872 503 462 461 243 745
120 221 184 190 168 112 145
129 635 754 582 19 674 175
151 790 493 647 526 548 499
86 371 806 618 562 492 503
97 863 581 490 372 492 420
92 662 666 463 360 218 600
67 828 458 24 97 509 507
122 381 800 122 96 95 134
92 618 748 403 458 646 553
59 218 98 458 437 175 635
148 471 303 500 588 502 469
66 850 611 490 453 303 513
140 790 555 373 592 431 485
59 552 461 612 51 50 141
77 731 464 47 478 335 338
97 846 510 588 737 554 492
86 632 770 614 775 378 377
133 415 179 96 105 412 255
133 548 576 596 404 776 553
72 609 395 533 453 583 248
68 735 259 102 445 204 400
154 268 402 149 120 230 145
151 877 425 367 342 374 332
26 662 505 315 468 666 420
84 787 505 631 516 469 403
126 40 256 15 112 474 23
72 800 148 136 210 255 105
67 562 351 291 486 290 420
80 694 592 233 50 548 407
71 165 592 503 607 628 395
123 446 87 138 17 366 91
121 852 679 722 79 78 537
25 545 510 319 682 395 401
126 256 358 270 183 112 633
138 873 356 682 490 401 431
50 247 296 401 498 343 420
154 752 507 607 431 403 576
15 588 594 110 458 635 500
123 423 147 187 146 5 272
123 753 593 622 550 603 421
70 132 127 460 316 48 205
93 509 471 768 628 516 500
126 466 841 578 564 679 300
94 583 594 175 509 595 403
59 682 844 646 469 821 404
155 573 836 432 570 684 749
43 824 919 236 45 4 793
48 581 371 940 776 393 372
94 596 234 612 360 371 583
148 776 248 562 553 404 502
103 490 508 635 25 652 500
133 216 435 118 220 39 42
155 411 390 523 408 379 380
55 366 96 973 655 427 33
72 430 575 443 400 170 48
43 638 479 236 146 45 272
142 113 309 139 415 273 148
67 474 676 564 183 270 149
140 826 188 301 235 117 160
123 843 1 63 84 13 195
151 275 191 172 174 93 94
155 19 88 175 459 99 556
151 119 189 171 184 197 112
58 591 940 754 465 470 19
120 842 255 912 134 114 455
94 717 679 711 78 399 718
133 567 491 277 50 590 501
113 303 553 563 526 502 401
50 555 141 508 437 599 517
59 478 77 127 83 624 48
72 477 415 309 240 148 104
51 207 202 155 154 113 104
50 823 458 491 243 403 420
123 595 420 588 469 583 470
120 943 197 171 44 112 23
72 545 768 528 583 647 453
42 613 465 581 513 592 505
42 998 947 79 252 477 154
50 909 692 910 796 869 649
132 278 526 417 562 732 631
58 431 956 468 461 863 647
72 991 362 366 87 125 43
120 91 53 52 479 422 125
97 615 545 513 502 548 607
48 862 404 900 752 401 782
94 815 353 333 51 143 491
125 37 684 630 535 11 59
123 371 768 682 587 391 533
96 734 528 403 510 562 490
65 75 814 77 80 232 81
154 593 304 414 602 283 622
133 460 169 443 170 172 47
123 612 431 513 490 576 453
25 658 896 175 533 470 660
50 444 416 498 553 351 470
154 97 635 24 531 175 459
133 204 430 464 285 121 226
51 611 243 728 431 51 420
25 911 866 315 554 471 391
15 346 560 358 348 558 537
151 753 659 616 304 331 414
123 343 503 554 555 528 393
125 140 510 629 453 247 248
127 113 207 240 95 415 273
155 342 601 367 334 332 413
58 436 703 394 503 244 500
154 816 220 59 11 3 36
155 235 117 301 160 116 144
25 790 628 238 1 239 485
50 396 893 558 879 306 637
76 463 215 89 469 141 420
66 961 907 747 616 414 363
58 698 777 515 496 887 699
154 747 739 414 363 593 603
72 463 862 587 554 391 373
155 630 836 570 574 432 573
48 713 469 803 115 464 285
127 438 3 118 12 534 61
123 46 70 254 159 39 67
44 535 538 37 3 61 59
125 468 528 493 490 141 577
140 154 273 412 202 134 255
154 474 676 103 217 58 76
68 751 87 266 305 90 43
55 358 634 878 879 558 537
50 580 694 264 680 576 507
113 677 275 584 400 94 169
72 247 395 493 555 502 420
76 99 517 271 45 531 505
62 832 507 782 728 596 420
122 458 647 600 652 372 403
154 41 474 76 217 120 269
80 173 575 445 81 94 93
25 507 0 886 510 553 596
70 888 279 391 600 533 469
153 401 821 588 533 565 516
123 270 311 57 199 73 183
70 596 338 509 444 470 565
72 838 463 728 498 453 431
93 650 127 317 115 400 584
97 531 623 782 554 562 517
42 628 587 99 25 303 502
122 140 607 561 555 553 490
27 437 752 623 645 562 470
25 627 96 163 137 382 104
151 285 663 204 83 48 82
97 753 902 716 747 593 284
122 850 682 553 618 417 513
120 587 356 520 606 248 592
72 639 641 723 566 482 364
51 927 175 401 545 595 470
25 143 343 265 373 517 453
67 599 832 234 590 495 492
140 867 363 739 659 602 414
27 663 81 617 111 308 83
154 41 676 126 149 221 101
15 886 669 503 645 710 662
123 646 516 565 596 391 404
27 935 157 410 572 376 211
154 555 710 545 728 645 471
58 968 882 687 788 811 686
97 827 583 501 356 333 577
92 401 704 660 215 143 561
97 734 468 218 51 333 243
154 676 120 260 101 221 217
66 768 668 507 787 611 565
151 595 28 582 509 556 303
97 135 581 623 554 391 485
65 532 763 589 506 831 109
14 278 218 703 662 517 248
66 243 500 581 790 401 492
50 808 169 460 650 170 172
72 959 680 20 19 509 531
97 948 394 528 510 499 493
117 867 767 363 603 283 284
154 774 716 622 747 483 603
72 879 864 541 605 540 348
58 632 135 529 770 195 377
70 387 114 800 122 273 255
69 787 503 612 218 243 303
155 368 133 29 214 74 68
151 902 550 643 414 489 593
50 888 950 565 618 748 469
151 913 621 758 585 625 586
142 317 514 434 231 47 75
155 320 332 481 547 367 374
97 658 576 503 600 500 583
94 517 369 319 318 231 787
66 303 873 563 485 431 490
94 303 548 596 499 391 600
80 392 402 636 178 145 23
72 631 635 666 491 360 218
70 463 404 110 444 500 635
67 395 431 0 18 135 565
50 760 222 237 346 358 78
15 731 259 860 92 34 231
155 171 190 197 227 189 14
59 911 546 576 401 645 391
155 41 230 23 103 22 261
59 278 768 567 51 492 248
151 628 694 554 533 373 516
129 565 219 274 165 517 615
138 507 360 577 215 490 356
66 449 290 522 487 486 763
66 523 166 688 288 447 287
107 867 774 550 363 593 483
65 278 726 507 303 594 583
94 440 264 471 516 552 401
122 735 173 170 262 94 83
151 443 285 127 115 494 47
125 312 580 469 394 274 153
127 580 592 587 401 338 470
62 827 734 752 565 453 417
59 833 430 170 205 617 121
31 128 335 448 174 231 75
43 81 579 803 111 443 259
59 501 889 516 485 838 492
151 143 815 468 491 383 371
151 666 244 50 243 333 143
5 278 752 244 553 395 373
97 813 548 469 499 563 401
44 828 551 89 403 465 507
126 168 358 223 352 171 633
27 466 822 879 852 637 537
59 590 600 733 218 407 371
15 678 901 174 121 226 75
30 237 760 822 358 679 537
140 828 510 516 417 407 587
24 449 918 515 887 496 777
68 24 458 503 553 470 437
134 43 447 166 167 362 27
65 647 737 662 694 407 526
31 728 467 647 407 600 562
134 650 400 94 93 191 460
125 446 87 107 286 429 267
68 434 81 121 833 115 94
154 710 596 492 728 562 513
123 635 431 502 516 628 533
123 114 309 96 240 249 148
72 323 765 12 46 8 61
127 316 127 82 285 808 75
113 504 556 465 99 24 28
26 52 33 661 272 638 479
27 866 565 462 248 243 492
72 76 129 168 171 184 112
127 136 273 122 96 185 104
97 98 595 24 509 303 89
125 3 69 254 216 32 42
50 343 916 417 728 599 420
122 610 417 373 600 516 395
140 753 489 622 739 414 483
107 662 469 790 618 391 407
107 868 737 555 553 470 562
123 832 587 372 629 401 498
155 325 329 425 413 251 330
43 498 606 99 465 24 635
67 960 229 335 787 464 228
92 425 347 821 395 296 342
66 215 587 404 395 393 248
90 850 469 581 563 417 471
94 813 303 737 513 393 431
44 351 828 728 607 401 420
140 674 97 28 437 19 175
78 139 113 137 156 273 105
97 799 18 475 21 384 63
57 509 866 618 554 782 469
44 944 4 206 310 200 199
15 448 173 115 34 102 75
123 395 768 554 431 647 498
103 528 710 588 469 393 493
123 655 64 27 138 26 33
123 145 106 14 241 44 112
102 526 551 468 51 561 647
80 24 675 565 403 635 437
25 327 313 951 777 497 449
67 27 422 194 147 272 362
44 850 599 662 600 516 502
151 182 521 457 200 56 311
27 838 662 606 140 215 492
68 400 478 264 465 338 48
35 645 600 644 737 431 492
50 677 478 102 624 584 169
67 404 670 99 98 175 594
44 787 500 548 453 623 517
138 787 88 436 264 517 507
33 813 596 782 588 492 417
97 663 132 93 80 170 205
56 563 815 631 277 491 471
97 606 623 404 562 553 490
123 121 434 172 173 584 75
96 92 263 434 191 174 170
23 185 412 240 751 95 255
94 814 443 81 204 75 231
83 50 551 783 510 407 647
123 39 435 12 11 3 220
67 644 393 660 244 371 417
42 511 744 203 124 123 512
76 566 695 785 648 723 439
59 745 403 815 246 353 215
62 533 277 567 599 218 243
27 612 533 832 577 567 243
27 806 900 394 552 393 502
27 302 484 10 475 21 63
94 868 248 555 533 652 401
43 783 862 303 583 565 372
70 644 733 278 660 248 492
94 949 663 443 83 205 170
140 783 407 694 403 372 417
93 838 467 576 278 600 517
93 927 645 393 526 485 248
65 650 617 75 94 83 173
151 448 443 47 262 94 169
80 704 612 461 501 215 277
138 247 645 553 401 533 492
62 545 393 20 403 631 517
50 64 240 78 655 96 427
140 82 34 80 102 93 81
127 201 148 179 249 381 134
123 963 481 547 320 329 413
113 420 353 89 264 500 505
48 768 274 315 248 343 393
140 469 556 110 476 500 264
80 862 866 528 517 782 662
120 264 146 147 272 4 505
155 145 217 261 22 126 392
15 611 338 231 533 431 565
140 119 171 256 227 241 44
25 701 698 951 496 497 699
59 386 808 111 47 316 48
123 114 193 180 245 219 192
27 675 915 813 576 372 516
151 867 616 622 489 284 603
123 422 17 138 107 33 125
56 702 355 699 698 354 701
78 485 469 612 143 493 583
42 766 264 862 417 607 338
142 273 201 382 202 105 134
62 577 505 526 492 404 420
138 477 223 358 295 79 300
58 713 77 115 83 6 226
51 711 222 79 760 633 295
155 2 435 118 8 12 46
72 962 263 308 111 47 400
122 224 841 223 564 270 300
68 681 395 513 554 583 635
133 174 624 92 81 263 170
140 943 103 149 145 23 268
122 715 554 545 662 401 629
154 421 716 654 603 483 550
59 461 407 733 246 551 247
70 571 317 448 94 262 172
151 424 220 435 46 62 162
154 719 326 547 330 425 250
58 233 705 609 356 520 51
154 753 603 283 284 421 331
125 271 685 525 638 9 272
123 534 424 12 258 2 61
155 20 88 508 89 670 444
151 256 161 293 15 190 197
155 260 474 126 145 392 268
154 402 268 126 474 22 120
138 677 317 172 48 94 263
121 140 629 576 562 493 248
122 9 71 479 423 422 272
70 398 236 423 272 271 45
140 112 260 149 392 22 103
151 196 189 241 44 197 129
89 708 453 588 552 394 404
70 278 526 469 394 592 631
84 627 136 309 179 255 134
155 400 494 127 170 48 111
127 25 533 516 562 465 403
97 191 115 430 128 308 75
42 383 745 393 631 533 243
120 220 527 254 38 216 42
97 67 424 435 61 37 2
51 551 594 471 596 500 507
97 246 592 768 485 554 492
151 402 392 268 40 41 217
123 463 383 277 51 244 143
94 808 833 400 111 83 262
127 31 292 799 150 239 63
151 870 189 197 178 168 15
59 510 279 476 437 507 303
70 617 803 81 400 115 226
66 157 536 769 673 124 203
142 80 226 47 34 204 169
151 676 402 230 221 58 23
153 506 580 109 831 108 282
67 467 239 264 516 485 598
68 927 680 565 615 507 248
48 109 766 165 615 338 580
68 460 275 386 128 115 93
155 221 126 260 40 58 145
27 6 575 174 121 262 48
123 122 201 209 137 185 105
66 209 455 253 273 114 104
154 404 498 516 596 393 583
23 714 158 725 872 656 715
78 382 387 800 179 155 105
122 835 642 374 330 321 339
121 167 113 253 148 105 95
123 426 518 107 27 17 91
140 774 739 716 550 616 363
70 333 588 682 453 471 631
67 701 885 357 337 336 725
42 458 670 50 143 248 303
125 77 172 174 47 102 624
97 381 627 95 148 273 104
129 768 577 461 420 618 548
72 907 902 739 363 489 593
140 394 485 373 553 499 513
127 578 346 409 225 564 300
126 324 725 656 794 157 715
155 283 483 739 550 622 602
66 722 841 300 537 358 79
120 41 106 171 14 178 23
155 261 103 375 120 392 217
123 985 131 70 198 55 159
140 753 602 489 739 283 414
120 167 366 64 87 43 751
151 913 621 758 585 625 586
50 225 362 223 295 655 537
80 647 629 609 315 533 652
58 347 694 394 682 417 395
59 817 96 751 362 427 167
50 225 711 352 270 466 300
127 143 404 565 403 612 583
155 2 85 60 8 118 37
42 119 227 40 375 23 112
138 171 276 23 76 15 112
51 207 412 210 156 415 255
154 728 469 431 644 493 562
72 912 627 154 137 104 134
117 659 867 767 331 283 489
76 471 615 47 338 469 507
155 561 652 662 420 391 407
50 450 513 137 201 756 155
123 463 662 510 393 562 485
84 873 303 682 417 513 401
48 638 466 633 362 78 655
56 891 155 842 455 114 664
120 516 218 606 551 356 471
127 509 565 618 393 459 517
50 50 279 828 682 464 248
155 217 269 40 120 76 261
84 285 803 173 317 115 75
155 321 329 251 413 693 320
140 427 90 366 87 26 17
94 277 436 373 588 469 492
70 787 448 191 47 262 231
50 343 89 545 503 20 516
151 947 381 201 156 209 154
44 876 663 7 102 80 205
58 391 97 463 635 437 583
140 737 490 372 470 492 513
123 148 201 210 154 155 105
151 268 375 402 41 126 260
42 264 491 404 499 373 356
155 159 254 38 527 216 67
75 28 674 837 458 88 635
70 831 354 497 449 727 763
151 633 197 293 178 171 14
113 394 737 694 417 404 513
25 781 829 791 524 661 525
50 577 89 548 545 469 420
58 588 233 303 353 143 507
120 360 20 437 24 509 606
151 746 642 481 345 413 320
134 308 174 263 275 121 82
44 787 453 606 733 51 248
126 371 372 471 502 360 243
123 89 493 652 587 401 517
24 981 763 695 909 439 487
97 961 593 304 331 747 363
50 838 264 662 498 505 592
44 782 658 140 599 356 407
154 816 435 36 12 8 85
44 256 362 223 352 183 633
155 130 131 38 55 198 454
140 905 636 184 106 15 190
66 606 510 670 175 436 509
134 660 866 526 553 533 561
94 610 728 469 652 373 407
76 631 710 290 915 565 516
121 289 296 343 152 312 219
123 323 62 36 59 816 61
72 660 752 401 694 510 607
27 809 590 685 661 638 525
50 828 143 499 576 333 631
153 463 51 141 551 246 248
123 943 260 269 40 149 268
58 564 845 879 348 349 537
72 175 526 404 395 492 403
127 565 383 333 244 517 490
113 751 366 361 16 27 125
59 174 949 803 443 204 169
50 558 839 295 352 608 537
42 471 866 277 215 612 498
80 346 760 564 358 78 79
120 756 853 854 932 692 785
76 425 601 469 821 332 342
129 149 14 178 112 103 145
154 767 363 483 603 304 284
155 91 366 64 43 16 138
155 171 184 241 189 197 15
148 215 495 461 383 577 233
33 315 623 563 565 372 453
48 896 662 745 360 502 660
94 658 838 533 562 391 583
14 724 324 721 935 211 157
23 6 259 617 464 308 82
15 834 898 942 673 123 124
107 493 277 609 247 490 492
123 539 3 37 36 46 62
14 136 773 78 426 305 477
72 850 563 417 631 499 373
56 170 754 464 507 465 128
123 192 412 253 113 104 114
148 868 596 431 470 420 565
24 639 641 987 723 986 364
59 491 646 662 694 404 420
14 815 463 562 776 734 248
97 463 513 588 404 499 592
66 940 551 592 581 583 470
142 114 209 136 148 134 105
44 267 655 107 26 16 90
72 394 587 628 596 373 652
140 838 607 631 528 503 372
65 890 887 450 449 497 314
93 866 248 647 393 562 644
94 544 239 384 21 72 195
59 509 783 629 562 528 470
44 222 225 558 540 348 537
50 359 706 606 383 807 244
151 67 162 62 8 42 118
154 484 302 150 186 151 63
76 800 412 964 155 273 105
27 807 647 233 733 246 244
151 500 453 565 407 516 562
127 660 391 526 513 218 552
58 458 501 353 551 371 303
140 759 100 133 68 54 35
138 636 119 129 293 189 197
123 538 258 435 37 61 59
48 461 588 862 806 562 548
92 599 821 548 510 587 371
27 829 809 661 685 524 525
62 859 695 566 365 641 439
126 6 127 400 115 132 81
145 493 315 360 734 490 533
94 551 444 391 565 516 373
66 813 936 471 576 710 431
155 83 226 285 308 121 400
92 96 881 479 52 423 427
133 576 20 89 505 404 500
23 436 99 398 700 4 505
44 743 830 45 236 146 5
138 833 6 205 75 115 82
48 611 666 416 351 143 420
14 306 386 507 731 319 464
27 850 551 645 628 806 373
94 827 356 592 490 393 629
140 484 292 302 799 150 186
155 38 131 142 198 70 55
154 765 258 8 62 162 59
155 217 260 261 149 40 145
138 782 533 600 453 563 372
66 751 305 16 26 90 43
155 8 11 118 162 36 46
142 767 593 902 304 489 747
72 520 471 333 277 501 248
122 752 631 420 404 394 470
113 753 767 902 489 284 331
51 861 465 607 526 508 470
59 776 916 662 587 660 548
92 534 131 2 67 216 61
155 431 562 644 554 420 502
58 674 333 403 264 356 470
122 225 255 156 134 136 477
44 174 448 92 7 204 170
127 137 249 309 95 201 105
78 682 565 635 437 629 517
154 654 774 747 284 483 363
123 114 139 240 309 800 105
122 407 24 508 436 459 507
43 498 218 88 20 24 635
50 611 647 233 215 533 248
58 274 612 493 552 660 821
15 278 563 802 533 417 600
133 588 526 485 682 394 471
140 877 339 693 334 332 329
92 20 728 469 644 553 459
15 681 708 505 565 492 404
78 128 663 132 92 121 205
155 746 325 693 413 332 339
43 476 403 700 4 5 505
127 179 137 155 209 122 104
59 501 89 545 502 469 471
123 718 346 224 608 237 78
65 325 289 152 274 219 821
140 635 373 710 391 498 470
151 623 581 806 502 498 548
51 833 494 275 262 386 115
94 787 528 407 576 391 565
140 83 92 7 132 204 205
50 612 234 372 562 50 453
59 888 315 509 403 420 469
78 510 682 243 827 393 471
51 240 113 209 185 202 104
123 266 366 107 26 138 91
44 734 937 596 431 528 553
113 463 599 333 215 315 248
42 78 852 841 183 222 537
70 230 676 171 178 15 23
48 548 715 24 500 629 502
122 98 635 24 509 459 19
43 391 783 218 51 215 492
154 175 507 88 89 531 264
48 418 377 792 626 770 419
68 553 463 704 609 140 631
151 870 106 227 168 14 178
154 816 435 162 62 8 118
94 202 947 201 185 209 255
134 285 786 460 172 48 75
151 790 510 417 618 607 694
42 259 803 7 132 92 75
120 428 249 240 309 95 362
43 359 495 315 50 501 234
50 970 5 177 176 830 757
42 816 220 142 69 216 60
123 752 528 391 555 647 417
66 867 961 616 622 363 593
125 839 171 44 633 224 300
120 498 315 51 733 218 631
76 138 427 524 751 26 27
25 4 613 580 476 470 505
59 545 596 88 264 552 470
44 761 765 60 435 118 49
86 612 645 490 417 498 492
140 873 372 493 545 502 373
148 514 786 584 478 173 434
154 268 375 230 276 103 22
90 606 660 373 403 278 583
154 474 41 23 261 126 58
140 383 517 565 631 492 490
59 862 850 395 592 471 629
107 231 786 808 584 478 174
123 423 45 194 5 4 272
155 602 331 489 363 654 283
93 588 815 533 248 371 503
97 484 475 84 135 384 63
155 159 69 130 254 39 198
122 844 99 465 25 509 517
154 32 67 60 3 220 85
15 999 992 936 333 140 609
138 828 501 471 548 562 420
44 346 718 222 270 352 300
154 182 521 57 199 73 311
155 42 61 46 62 11 32
25 244 850 437 581 470 420
122 231 368 214 74 35 158
78 161 256 103 23 197 112
125 866 666 333 356 498 373
94 645 563 618 517 407 553
59 951 313 699 763 449 727
140 39 8 62 36 220 42
120 111 34 7 77 81 400
154 481 746 425 320 413 693
148 499 628 623 407 562 502
148 99 670 436 28 88 19
155 230 268 217 126 221 269
25 448 174 663 7 204 231
97 502 50 612 140 333 243
123 538 258 32 12 62 85
42 821 347 99 476 465 395
84 822 237 422 655 537 78
25 850 394 813 548 431 513
72 889 395 513 471 600 607
86 753 867 550 616 483 414
42 592 806 660 246 244 498
155 48 443 47 205 93 400
125 242 471 628 469 282 580
97 459 492 821 503 431 469
123 262 128 494 127 386 115
107 596 475 257 384 0 72
94 224 676 358 222 223 537
148 782 868 600 554 516 372
155 375 402 76 149 260 22
140 977 20 670 500 175 508
72 21 484 292 302 151 63
97 803 434 650 191 174 47
84 338 83 34 102 48 169
140 6 443 111 308 48 170
123 751 122 309 134 240 95
153 596 588 631 563 401 393
142 6 94 262 92 81 169
133 60 159 454 39 42 216
122 647 383 215 51 143 551
92 422 771 90 267 299 655
94 832 623 660 356 490 243
138 508 821 394 393 470 507
107 609 599 143 501 51 383
72 173 430 121 386 127 48
155 142 254 216 130 55 39
120 435 159 70 69 216 60
58 386 369 575 204 231 82
57 320 728 615 517 562 821
120 599 89 19 436 264 356
88 880 469 662 552 782 694
121 827 588 469 552 618 728
120 771 26 138 107 91 446
97 963 719 326 251 250 325
127 249 136 201 155 96 105
142 545 565 588 782 502 562
82 916 360 469 464 248 660
15 700 793 398 194 236 4
42 272 71 477 608 78 422
92 120 196 112 161 14 145
97 538 435 816 118 61 59
25 577 783 806 618 453 647
155 162 32 12 11 42 60
94 694 776 565 517 592 629
107 507 99 595 175 470 20
96 862 647 728 533 503 581
151 803 285 308 226 121 82
66 833 624 93 400 47 443
72 783 868 592 498 470 417
25 860 565 571 262 47 231
154 120 676 58 101 392 260
140 395 596 431 372 401 682
25 284 394 877 330 342 821
107 888 545 563 499 469 710
127 394 215 140 218 395 248
25 609 218 307 787 464 248
59 343 937 563 498 553 652
72 351 682 513 503 393 420
103 490 710 647 554 660 485
50 844 645 407 490 813 417
5 827 647 599 343 563 420
155 40 101 41 221 392 120
129 371 526 471 682 463 246
92 910 853 691 854 692 649
15 844 401 509 165 347 395
155 286 64 16 26 91 138
72 871 601 693 547 345 329
154 545 533 587 470 401 562
24 324 86 635 720 729 158
59 632 195 775 529 770 378
151 645 583 618 431 453 548
155 41 276 22 269 261 221
25 395 555 815 356 371 503
50 611 592 89 99 315 303
66 594 674 465 476 88 531
72 623 461 51 315 244 420
33 284 493 153 580 394 821
25 669 537 423 362 422 655
133 161 633 168 184 119 241
125 99 533 600 516 556 20
26 768 556 274 631 343 403
50 766 82 465 303 47 338
113 759 158 368 214 66 35
129 196 636 227 171 293 44
50 505 866 600 565 545 517
55 77 579 127 83 262 81
154 745 420 590 234 233 461
140 838 533 552 618 502 510
68 732 551 383 577 420 502
61 658 373 218 599 682 463
72 82 808 460 786 434 172
59 548 874 507 740 319 565
68 661 361 26 518 43 422
72 866 838 576 453 510 391
65 577 888 431 821 469 647
44 847 770 84 1 18 195
151 753 616 643 284 414 283
151 765 42 37 11 49 61
125 23 227 171 106 76 676
58 872 627 649 785 114 756
138 662 660 647 583 652 628
154 407 243 140 599 383 218
123 539 424 37 11 816 62
31 783 758 734 596 453 417
58 309 193 412 114 192 148
14 343 782 623 681 404 372
27 798 785 947 137 156 155
133 912 240 309 249 255 134
48 556 577 555 517 356 264
72 808 121 94 514 48 75
78 202 249 210 137 148 255
127 167 87 26 17 751 27
127 13 292 151 799 1 63
56 604 655 568 560 537 569
151 182 457 206 56 310 200
76 361 64 104 477 43 90
65 82 370 77 92 232 624
117 867 767 616 489 284 602
48 17 240 696 422 95 362
50 888 318 498 533 787 469
123 648 566 482 723 364 439
113 954 746 481 345 547 342
155 647 652 420 513 401 628
151 255 382 381 156 210 136
72 223 679 346 252 79 300
25 752 888 234 404 420 470
57 609 916 734 628 596 490
66 239 475 18 257 384 1
140 533 246 606 356 247 551
55 776 247 787 565 490 401
154 601 547 330 325 321 374
151 516 582 88 264 20 444
97 844 631 581 493 647 562
67 759 65 350 875 351 66
140 905 256 14 184 44 190
89 319 480 401 576 646 395
77 491 733 607 581 218 492
65 596 551 244 704 606 431
33 434 430 663 624 83 48
72 784 905 293 184 197 15
155 2 49 435 85 37 118
123 415 210 382 201 381 104
15 821 499 823 468 50 503
154 375 269 76 126 230 103
50 608 33 637 852 655 537
154 719 693 321 325 334 367
66 715 278 401 806 502 516
140 601 339 693 425 320 481
97 750 737 629 493 417 492
15 832 815 734 666 141 243
155 261 402 474 269 230 217
51 663 115 173 172 111 75
31 833 92 575 400 75 111
68 718 223 852 637 537 295
120 38 258 8 32 49 216
42 409 155 852 637 537 477
70 844 892 545 499 607 565
25 615 595 383 431 583 517
140 315 548 553 498 471 592
155 136 201 137 210 156 381
68 153 752 682 493 516 403
92 652 577 733 215 277 635
86 97 670 680 403 556 444
14 580 737 647 343 152 821
50 715 729 65 100 720 158
123 752 628 662 552 631 516
58 43 185 426 267 477 91
84 520 143 631 373 246 356
102 233 561 356 490 360 468
123 534 118 46 3 220 61
97 239 565 500 401 420 485
76 157 231 759 54 232 158
25 734 886 25 394 403 372
82 592 806 244 660 516 498
48 248 480 915 516 458 500
51 448 575 478 434 624 48
25 645 461 828 516 493 498
140 652 244 577 143 583 315
123 954 642 321 334 251 547
43 53 272 166 362 427 422
48 806 274 577 356 395 652
107 733 359 491 577 371 244
31 551 284 615 516 821 395
27 892 338 395 587 631 607
93 312 553 507 401 516 343
93 448 430 115 494 111 94
151 754 476 28 20 582 88
113 838 644 710 607 493 401
155 2 37 424 8 12 118
107 786 514 263 478 584 172
140 265 531 99 509 264 582
72 850 394 581 886 372 471
25 468 609 862 401 806 492
78 650 786 259 170 460 173
62 873 862 600 485 782 502
155 261 375 276 402 58 22
51 278 265 393 528 436 470
44 681 509 485 372 587 470
66 708 465 552 417 500 404
94 833 617 128 308 205 115
121 232 584 460 173 263 231
123 815 485 628 555 498 583
72 802 563 533 607 401 600
138 647 469 407 553 554 431
121 975 357 337 385 406 885
51 387 627 179 122 253 134
151 204 285 308 169 205 48
155 100 65 133 29 214 368
27 440 612 548 600 647 583
154 746 642 250 329 374 693
140 196 256 189 106 15 197
155 22 261 269 145 402 217
148 734 563 513 647 493 583
94 821 694 600 526 629 393
123 835 374 334 329 549 339
125 353 553 528 485 509 264
117 41 676 474 101 22 149
123 67 258 424 32 37 118
94 175 790 404 553 607 403
107 833 617 386 308 82 83
31 343 644 243 592 471 490
66 469 612 485 545 453 587
97 308 263 514 93 191 75
44 823 371 561 502 806 420
78 249 113 201 382 148 105
86 867 902 739 622 602 593
111 491 606 407 551 244 218
70 748 576 728 644 492 469
123 534 118 3 424 42 61
132 623 140 141 660 896 407
103 737 491 583 247 552 492
123 704 493 401 552 652 431
155 258 36 11 8 32 37
113 264 588 453 499 516 600
72 655 711 760 300 399 78
122 808 677 94 263 259 173
126 127 677 94 263 308 400
148 774 753 414 747 421 284
15 575 92 617 443 115 204
72 639 723 365 641 482 364
66 835 821 693 549 367 326
24 632 614 418 770 419 378
154 41 676 103 149 269 261
140 645 629 563 596 373 499
122 361 881 52 71 53 422
151 947 104 255 136 210 156
50 911 748 600 562 776 503
43 587 916 606 215 356 660
136 660 581 629 710 403 407
25 500 141 827 391 561 407
72 827 596 710 469 403 498
94 394 790 628 391 806 629
92 735 445 624 102 80 83
97 578 839 225 252 237 300
127 531 710 403 516 594 404
155 490 471 407 652 431 513
140 877 425 481 719 342 332
155 408 671 390 379 411 523
155 260 276 217 23 269 145
123 534 220 162 2 42 61
120 731 411 380 671 523 335
111 728 393 469 737 420 513
62 784 161 633 171 293 44
138 580 554 588 517 394 404
50 675 333 556 531 583 470
107 587 507 503 596 581 629
138 286 166 362 361 17 27
127 799 0 257 18 292 63
70 333 463 554 652 407 490
31 981 810 486 946 522 487
151 806 600 565 628 471 502
122 72 644 553 728 498 485
68 353 612 577 461 599 407
107 803 132 275 204 115 169
50 798 778 209 185 785 155
123 59 574 630 432 684 535
72 353 595 99 24 20 25
44 154 627 95 240 179 104
123 962 75 111 127 115 400
92 776 246 407 141 356 395
44 478 677 400 275 204 262
122 254 424 3 60 36 67
113 127 275 34 93 170 75
72 639 641 723 566 439 364
97 862 248 596 600 652 373
154 747 739 283 489 602 421
113 34 111 263 443 170 205
84 233 612 587 631 333 492
151 239 195 384 10 13 63
48 523 516 328 327 740 335
155 120 126 22 268 269 23
68 465 394 647 492 510 303
92 459 782 652 401 694 635
56 999 20 248 652 516 609
117 528 581 768 576 417 553
78 448 121 102 7 83 170
123 484 21 18 135 257 63
155 565 373 485 407 490 631
24 594 19 838 607 889 303
138 338 391 583 562 507 517
151 407 233 143 140 248 244
24 744 511 942 123 203 512
24 567 359 992 360 609 233
123 491 401 417 662 600 420
127 323 49 12 424 534 61
44 916 0 728 420 372 596
125 360 393 513 453 383 244
50 700 938 194 236 505 4
31 807 89 246 493 303 248
94 861 417 303 393 453 507
14 453 371 737 274 395 393
66 456 216 118 258 60 61
48 606 862 815 140 431 704
72 20 353 401 576 407 403
123 871 367 339 342 330 329
72 813 821 403 485 533 516
50 448 571 226 115 172 82
68 798 114 240 207 104 155
120 347 503 517 528 631 343
25 623 528 958 581 790 553
24 468 807 493 143 490 277
154 767 716 489 414 622 654
15 867 902 907 739 363 593
51 412 209 95 96 387 105
123 592 491 704 140 383 315
111 286 361 751 166 125 27
155 283 550 616 643 284 331
133 167 107 286 16 362 33
51 822 252 466 295 225 79
154 624 132 204 7 81 6
120 153 437 264 582 303 152
154 230 676 221 145 76 392
154 565 545 471 401 373 618
148 407 628 862 581 502 607
154 454 527 130 38 142 67
133 196 256 227 184 293 14
96 567 647 215 551 583 468
154 410 572 212 211 294 376
113 862 393 710 453 372 607
50 873 886 768 393 581 453
23 391 501 353 613 505 420
155 76 276 101 261 230 40
48 770 812 847 626 819 419
5 609 590 401 828 279 420
44 356 401 19 444 476 303
24 140 359 394 561 503 577
113 503 463 247 551 371 360
70 99 802 471 315 248 303
66 911 143 471 401 453 417
138 394 175 508 20 507 500
123 998 185 381 136 156 154
14 806 588 827 703 501 420
151 67 424 61 2 3 36
94 353 647 606 583 420 463
65 660 750 393 562 662 618
140 551 618 710 391 652 502
66 353 530 516 469 444 500
94 453 913 621 585 586 758
121 428 107 138 26 16 427
111 577 600 623 401 248 583
120 61 527 70 130 142 42
71 989 691 785 648 692 649
113 647 565 545 728 561 503
126 159 118 220 49 454 39
66 458 790 629 555 391 517
25 748 752 868 492 562 469
44 437 338 372 694 581 470
93 499 815 704 243 360 431
43 580 682 347 153 165 394
123 151 10 18 1 135 63
151 676 40 375 76 221 276
56 756 994 354 763 291 856
94 617 262 386 400 82 308
155 144 301 117 188 160 116
93 474 293 112 161 15 23
48 576 582 748 927 20 403
50 556 729 710 629 635 403
59 666 279 233 50 631 277
48 319 89 782 576 465 395
58 606 565 458 465 338 509
120 465 533 391 372 420 395
77 629 554 674 20 682 470
27 448 317 833 575 111 82
123 610 373 502 510 553 407
123 790 493 652 533 510 553
66 467 476 492 561 517 453
126 505 493 503 510 175 500
67 737 599 247 609 360 407
123 655 346 252 237 608 78
27 216 761 46 765 11 49
27 308 92 262 575 263 205
123 295 168 171 112 15 633
120 22 636 171 178 15 76
68 546 662 490 507 407 694
151 459 552 583 500 507 470
68 362 64 266 267 90 16
93 455 800 148 139 105 114
127 129 168 171 633 119 106
138 436 629 565 562 303 470
50 608 222 722 760 358 79
72 571 308 460 94 48 75
154 468 315 50 247 501 420
72 469 595 465 88 25 436
155 116 117 301 160 188 144
43 179 114 381 154 156 105
50 104 87 225 346 90 477
25 782 303 244 592 631 393
151 902 716 659 603 593 483
155 18 135 72 257 1 63
66 178 223 268 103 676 145
107 599 694 587 576 660 492
67 395 734 745 234 462 776
123 165 607 618 485 548 470
94 866 343 510 516 628 373
123 861 587 629 417 372 516
66 940 787 453 628 565 552
94 660 500 821 615 588 565
140 469 490 391 596 600 583
72 427 255 240 309 207 96
142 662 821 395 513 607 552
148 838 576 554 647 401 513
140 475 10 84 195 21 63
50 607 274 563 500 343 393
66 633 865 477 237 79 300
43 652 732 582 25 531 517
140 445 259 262 82 81 170
48 773 679 309 134 300 477
44 264 463 645 662 581 485
15 628 850 645 277 51 492
57 628 265 407 353 264 565
151 375 269 268 276 230 23
122 576 779 152 153 274 343
23 486 449 515 701 699 763
133 548 437 20 403 499 517
151 430 443 47 75 111 308
155 103 474 101 120 149 375
142 627 139 96 415 148 273
154 642 746 320 251 547 329
154 481 746 549 334 325 330
142 412 800 179 253 105 273
23 459 464 278 343 583 469
50 248 335 548 499 821 393
44 624 448 121 127 226 82
140 912 415 253 148 202 134
123 50 493 629 510 485 583
50 558 568 358 564 560 537
25 315 551 467 394 279 490
80 97 594 353 465 459 444
113 617 443 128 115 308 226
140 821 642 332 547 374 320
123 79 352 841 222 578 358
76 581 827 656 715 471 629
44 700 398 146 271 147 5
151 774 593 716 659 603 331
123 112 58 269 101 392 23
155 363 593 283 716 414 550
131 499 218 141 50 393 552
125 28 499 607 403 88 175
44 450 872 154 387 134 155
127 391 383 140 277 528 492
70 458 588 623 513 662 576
70 460 677 308 82 169 94
127 83 102 445 80 443 170
15 694 583 927 444 175 403
72 838 371 453 618 393 431
51 231 127 191 460 128 47
80 737 776 19 500 588 502
155 171 15 197 106 227 44
72 599 528 565 548 372 498
123 183 711 399 466 78 295
42 383 916 487 486 763 660
97 758 623 510 391 555 453
15 316 901 231 494 83 75
25 98 504 510 458 470 20
140 768 631 420 517 623 628
140 423 147 45 9 271 272
155 342 330 334 332 321 251
155 630 749 433 574 836 684
25 886 790 303 373 248 471
155 457 73 206 200 521 56
72 617 575 102 92 77 204
84 615 776 868 417 404 588
113 850 587 526 470 502 373
90 999 660 704 431 491 609
120 265 607 498 471 600 264
70 827 554 821 394 563 420
76 821 768 192 219 510 404
151 753 622 363 414 483 421
140 961 654 622 616 363 602
67 419 1 596 393 485 195
155 251 334 413 746 330 549
94 190 841 300 222 270 633
59 353 977 754 19 175 465
120 349 358 222 300 537 348
59 786 922 650 514 94 172
155 184 227 197 178 189 106
120 786 205 400 443 93 173
120 618 28 582 264 303 510
113 676 41 474 40 269 101
140 963 345 321 719 413 367
120 488 294 410 212 211 157
126 675 140 218 583 444 635
151 394 492 548 493 513 470
65 243 553 264 303 565 356
123 461 682 499 391 372 420
151 169 478 191 263 317 75
155 100 65 66 29 74 214
5 478 803 386 448 575 48
94 995 576 503 431 552 618
43 351 855 371 462 243 734
25 813 868 850 628 652 510
50 827 565 50 277 490 577
66 423 793 146 147 5 272
67 370 611 583 492 248 318
113 387 415 207 148 255 104
51 475 10 302 150 18 63
50 733 465 50 745 353 215
66 231 645 629 417 471 565
23 320 274 732 592 516 821
96 658 278 507 631 490 660
126 592 670 20 476 248 505
138 635 468 491 244 315 356
72 868 218 596 554 552 420
120 916 710 548 790 581 596
15 179 253 912 210 155 255
84 469 343 243 734 507 420
92 9 644 404 513 553 505
129 627 309 122 105 253 255
50 866 615 243 246 588 492
72 578 718 839 237 79 300
126 816 131 39 142 46 42
42 650 571 443 121 93 478
44 867 902 659 739 643 483
133 141 507 516 600 463 552
121 106 126 474 76 22 112
94 933 239 384 1 10 195
94 504 469 476 459 89 28
151 161 256 189 14 112 15
44 513 806 248 660 507 431
70 478 275 127 205 111 262
77 6 575 735 443 77 82
25 803 308 77 93 204 115
70 867 961 774 622 363 602
23 893 637 229 128 464 306
24 710 588 218 682 599 499
133 338 99 582 89 517 264
123 877 549 547 345 321 374
123 490 728 581 644 510 498
50 394 97 623 553 444 470
154 230 676 221 260 149 58
122 223 474 101 217 269 676
25 140 828 886 728 581 420
62 63 694 682 587 470 485
123 128 174 317 93 169 47
58 821 495 498 492 468 563
138 647 218 143 491 577 50
120 236 25 303 264 505 9
27 587 526 599 143 577 420
134 430 317 47 115 308 127
123 157 35 54 133 68 158
72 675 615 510 417 607 469
66 545 734 404 563 592 401
107 507 873 553 554 552 373
57 911 828 403 303 552 516
5 102 494 174 678 663 75
59 430 445 833 443 204 111
62 715 623 500 600 554 516
138 315 403 517 469 552 592
58 846 407 745 461 599 495
123 655 64 27 286 17 33
58 765 70 258 220 39 36
97 886 790 470 694 391 581
99 373 609 50 140 503 431
50 721 714 214 66 715 158
86 828 303 592 498 562 552
14 448 128 102 786 172 170
72 927 596 710 618 565 420
70 828 728 243 647 503 453
140 128 262 263 93 400 48
151 902 716 363 483 284 602
43 660 580 434 173 316 338
44 526 588 383 360 599 492
155 366 26 107 27 33 16
67 472 631 51 666 141 490
14 916 551 520 461 244 246
155 132 77 231 92 7 169
153 596 395 563 503 499 516
123 504 88 444 465 670 19
42 348 805 689 690 298 558
122 753 593 659 643 616 304
154 490 469 431 565 553 562
43 102 565 571 173 174 231
122 715 368 68 214 29 158
25 624 803 191 259 172 82
121 850 25 19 500 403 652
150 129 178 171 293 241 106
67 745 393 710 645 498 50
155 547 325 332 481 250 425
59 619 343 555 607 507 401
57 319 526 660 599 631 565
58 599 582 588 470 175 471
70 674 264 417 583 517 635
44 838 821 553 629 618 493
127 103 184 15 119 276 112
25 782 813 50 533 453 401
140 183 457 206 521 57 199
155 40 375 474 76 260 402
66 218 646 607 600 404 303
66 873 468 752 565 561 373
59 752 279 838 647 631 510
70 328 313 777 497 449 450
133 166 286 107 16 362 27
155 133 65 368 29 214 100
70 341 369 814 232 231 370
102 577 652 463 600 143 315
31 343 844 644 485 417 516
43 152 175 485 393 607 303
113 754 674 500 175 89 20
151 754 459 531 437 88 582
154 526 576 502 710 492 782
59 293 268 168 112 23 178
151 774 643 739 489 659 603
155 76 392 375 261 149 22
97 798 387 381 185 156 154
76 662 768 24 264 407 552
155 217 120 103 23 58 22
70 422 166 518 16 27 427
66 303 828 628 623 492 503
77 264 458 502 431 20 469
148 595 97 19 110 437 25
123 351 30 68 368 54 65
67 698 327 740 580 335 354
133 577 453 502 652 356 490
50 448 77 808 434 81 75
126 207 947 210 136 96 105
76 644 645 585 758 554 453
24 520 501 563 218 407 246
154 220 816 11 2 8 60
120 565 371 383 599 246 303
127 644 140 277 356 516 492
25 351 531 737 592 407 470
155 283 593 739 331 421 489
97 753 767 363 747 643 331
58 466 171 841 222 633 358
31 470 98 24 754 99 465
33 783 868 710 500 576 510
72 737 548 599 356 501 492
120 668 583 383 218 356 611
59 510 28 646 675 20 470
44 359 498 215 243 246 244
50 477 43 429 446 286 267
123 316 111 115 170 128 205
94 386 514 81 75 94 82
78 617 81 316 460 204 48
150 647 516 403 391 660 485
59 278 832 592 533 244 631
155 58 261 402 22 260 269
155 250 251 345 746 320 342
66 343 977 594 517 508 303
50 752 728 600 563 644 469
120 948 459 264 265 500 407
155 676 126 58 217 276 76
154 516 490 528 555 553 576
142 718 270 223 466 295 300
133 645 403 596 607 545 485
94 753 961 550 603 602 283
15 504 670 531 674 675 19
94 734 645 607 587 401 493
43 520 703 465 635 517 248
148 595 264 516 394 517 470
155 269 474 268 230 40 145
155 56 73 311 199 57 206
72 944 521 182 183 311 199
24 513 580 187 505 5 404
58 680 396 787 464 307 611
96 145 171 119 293 14 112
56 626 883 819 812 882 419
148 471 704 143 501 247 315
72 431 462 491 815 243 420
92 179 286 427 17 43 96
25 844 394 561 587 552 821
97 508 623 561 516 631 517
155 116 188 301 117 160 144
66 209 789 208 163 164 382
140 650 263 259 94 173 174
66 663 232 7 445 34 169
67 53 43 267 477 90 422
140 161 189 256 633 106 190
15 732 588 873 485 628 502
72 456 765 258 32 2 61
155 547 334 320 329 413 425
136 173 7 624 81 48 93
50 935 715 410 376 157 211
70 896 395 828 587 583 660
123 863 391 498 652 554 420
97 239 587 694 513 510 485
59 97 592 110 670 517 20
44 821 954 251 326 425 325
155 320 332 746 693 339 250
67 17 751 96 309 95 125
48 608 426 381 201 267 477
122 338 623 503 401 417 500
25 165 444 243 404 533 517
58 813 680 628 373 248 510
155 547 693 345 481 334 339
66 7 678 262 173 317 169
140 403 545 581 503 485 471
72 870 119 256 633 112 15
121 142 424 816 8 118 67
97 765 258 67 42 118 2
66 34 430 121 400 83 170
148 563 618 647 821 587 431
117 601 642 339 332 320 345
48 395 815 662 431 140 490
123 475 10 257 18 84 21
26 264 838 652 631 551 565
69 645 607 215 246 660 373
31 595 754 674 24 19 459
123 880 728 526 516 581 492
155 269 101 402 103 149 261
113 628 394 581 563 652 372
94 855 244 548 498 407 513
138 774 902 414 602 622 489
155 41 103 149 268 23 22
120 800 387 156 136 255 139
120 900 393 629 503 431 752
155 95 96 134 179 255 105
138 196 241 106 178 293 197
113 244 629 554 806 453 420
86 353 338 582 28 465 500
155 368 35 74 214 86 54
154 326 719 345 334 320 374
27 734 338 806 588 554 420
155 29 74 66 368 54 214
51 500 704 545 607 315 420
97 438 435 424 118 49 61
72 838 165 453 563 470 394
67 624 448 731 335 231 83
120 983 482 723 566 364 640
123 317 226 308 494 111 400
84 588 838 545 587 431 562
48 612 628 707 807 502 244
68 802 508 404 393 517 595
151 826 188 235 117 144 160
67 420 821 250 642 320 528
122 911 563 407 502 393 503
133 15 375 474 276 676 76
97 774 550 867 593 602 284
70 356 394 776 548 592 471
72 154 179 415 627 148 134
93 918 727 887 496 497 777
67 119 227 270 183 633 197
107 356 806 469 493 407 373
140 594 465 476 88 531 500
94 163 249 209 105 104 382
155 550 622 284 654 659 421
70 530 278 545 607 470 600
155 16 43 366 518 26 33
153 561 629 631 652 372 420
43 628 609 645 545 782 420
24 655 43 236 423 271 422
151 660 498 592 517 533 516
148 676 375 40 269 76 103
42 885 790 490 555 631 644
48 416 486 100 86 290 351
97 356 581 628 391 596 492
72 89 740 545 629 607 517
75 600 660 731 318 635 565
94 652 703 606 247 244 315
15 592 356 528 790 806 492
142 17 267 305 27 90 91
123 185 113 253 202 273 255
92 129 230 676 23 22 106
68 501 681 444 582 303 248
123 737 485 373 533 471 576
138 112 120 269 126 676 145
121 152 371 50 393 420 303
121 592 215 141 246 501 471
154 363 767 331 622 414 643
51 309 113 156 185 412 134
123 871 719 642 342 330 329
121 980 716 414 616 331 774
155 69 198 216 55 38 39
31 802 646 580 436 507 303
25 382 415 427 95 96 134
127 627 207 179 240 202 273
50 770 792 13 384 626 195
44 51 737 503 533 652 492
126 578 206 199 310 564 183
133 498 733 247 371 503 533
140 398 271 147 194 9 5
97 675 561 404 581 372 516
123 317 494 308 226 121 48
78 435 816 323 322 42 61
125 460 494 127 82 584 172
24 600 464 509 681 594 248
154 435 424 258 37 62 3
15 760 672 796 409 252 79
50 742 649 566 482 909 439
140 632 529 775 614 378 377
148 402 676 268 120 217 22
31 880 813 628 500 417 768
72 140 471 783 737 417 492
133 434 115 400 262 191 75
51 96 114 136 387 412 104
58 701 108 698 763 831 699
97 102 317 121 82 115 75
31 828 821 315 694 533 652
151 239 135 18 10 21 84
97 867 304 739 550 616 602
151 588 510 528 401 499 498
155 636 227 256 112 190 197
126 202 947 210 154 148 105
155 283 659 489 284 483 363
97 732 403 581 607 662 562
67 510 395 556 24 509 652
43 577 916 576 507 404 248
154 404 548 417 554 499 555
62 900 469 838 485 600 502
97 871 601 547 413 345 251
123 34 83 400 494 121 169
123 862 553 710 407 401 417
113 599 662 500 513 407 652
123 534 2 12 37 162 61
25 645 873 896 737 493 431
70 660 662 850 838 373 517
126 501 768 393 555 360 420
154 618 596 372 526 629 393
43 828 353 647 618 510 407
122 841 200 182 310 311 183
43 599 704 644 503 373 356
66 517 82 478 316 48 338
23 373 813 745 820 461 498
59 464 453 733 141 501 356
94 87 771 305 299 267 90
123 740 459 680 437 595 403
121 520 407 545 492 420 606
102 606 501 612 453 733 51
123 351 66 35 100 368 86
25 218 658 806 404 502 407
68 798 137 309 122 105 154
58 323 38 32 60 67 61
25 769 942 512 536 123 124
100 499 491 635 360 470 492
113 868 862 503 662 516 417
58 839 947 225 477 136 252
15 351 277 783 562 395 420
96 876 443 448 275 94 205
62 132 93 617 226 400 205
106 710 647 596 533 728 581
155 220 59 11 60 2 32
50 828 296 644 471 343 652
50 223 851 399 466 558 537
120 959 563 526 498 517 531
138 303 737 528 516 453 552
48 646 247 790 548 606 635
136 776 623 485 629 404 507
94 132 275 308 47 75 205
72 735 663 170 115 121 82
14 733 393 353 319 787 248
14 588 468 581 952 338 420
86 677 81 174 317 262 169
58 0 775 419 770 378 195
123 240 201 154 185 137 104
72 833 617 7 575 205 169
120 101 168 190 636 112 22
155 302 799 186 151 292 63
50 851 804 879 348 805 558
25 644 889 278 618 660 607
155 261 120 276 221 23 58
140 617 82 115 833 169 83
50 462 629 246 815 503 468
72 831 450 698 699 727 763
127 499 505 465 509 563 470
58 38 778 3 46 756 67
102 508 338 635 420 436 465
94 936 628 554 561 517 710
148 635 582 97 24 509 20
121 619 25 175 264 505 469
44 290 921 522 487 763 486
125 392 171 241 112 221 276
97 275 575 445 205 7 204
43 141 680 629 502 493 303
123 880 562 600 417 431 493
66 615 880 737 510 493 404
140 129 171 256 168 184 44
72 783 644 576 555 662 493
97 112 402 392 120 41 22
66 635 745 383 247 243 733
15 278 861 458 510 513 470
70 319 868 623 513 417 565
27 868 581 403 315 248 453
155 214 74 29 35 100 158
154 592 728 453 562 492 391
15 505 888 674 562 768 469
70 647 407 246 360 248 533
44 909 742 365 482 566 439
70 850 647 813 728 431 652
155 3 59 220 36 435 61
51 240 113 387 154 412 134
42 523 565 831 108 580 335
44 440 889 562 628 373 401
80 645 682 303 565 548 485
155 642 719 481 547 332 413
121 353 623 372 502 420 551
126 606 590 234 501 583 383
48 4 490 530 531 395 505
140 538 816 42 46 8 85
133 733 510 607 493 248 533
51 498 353 277 50 551 360
138 317 514 460 94 584 172
25 713 430 316 400 47 128
140 759 368 133 86 35 29
62 504 582 674 635 437 25
127 201 249 309 95 154 134
94 437 647 565 502 493 507
51 427 879 300 346 558 537
58 626 583 31 63 485 195
59 916 734 768 513 583 407
155 413 320 481 642 330 326
122 467 561 485 492 553 528
140 790 373 470 587 554 502
121 277 662 391 431 552 356
58 461 110 373 470 595 498
5 409 608 295 796 672 79
154 387 381 209 201 104 156
104 205 275 808 174 316 94
94 480 463 343 490 631 576
14 236 700 199 919 793 4
113 867 643 774 622 489 483
67 172 303 247 143 246 338
122 324 368 30 29 214 158
155 550 622 654 603 304 363
66 728 143 623 682 248 493
48 940 875 682 587 351 470
97 961 622 902 414 489 603
97 141 806 393 662 554 492
25 88 394 866 552 401 303
92 227 474 676 126 261 106
138 501 576 407 587 141 492
97 808 338 575 48 169 75
23 226 833 677 460 263 115
123 954 345 326 374 339 547
50 494 478 803 833 93 443
151 902 304 616 483 747 283
24 888 372 992 660 609 470
155 184 189 256 178 636 241
122 635 631 576 391 588 470
62 868 806 500 404 373 516
27 813 595 528 644 607 553
72 552 403 88 24 509 303
123 868 471 554 545 645 470
155 414 489 304 602 747 643
129 172 285 400 169 338 317
140 867 747 616 654 284 421
129 52 194 271 272 479 423
48 885 756 941 701 657 725
50 328 134 314 449 155 450
27 827 832 600 790 401 498
67 588 734 215 247 248 503
140 734 140 599 315 243 490
123 765 836 432 630 573 535
133 178 103 276 676 106 112
27 459 748 607 592 453 470
58 369 321 319 335 821 231
123 704 492 493 391 407 420
123 998 185 201 210 137 154
155 411 390 380 671 379 408
151 862 553 471 372 581 373
113 663 494 624 170 83 82
50 660 837 555 596 646 517
15 898 157 942 673 123 203
5 536 898 942 769 834 124
148 255 800 309 134 249 95
25 868 740 582 611 264 565
50 609 827 807 277 561 248
24 531 708 896 417 868 404
107 536 834 673 203 123 124
97 140 623 600 453 431 407
80 615 471 582 444 565 469
123 371 372 592 471 453 393
80 833 226 173 275 443 111
66 427 267 518 87 91 125
120 162 198 131 69 67 8
120 453 556 476 444 680 248
72 448 81 308 226 115 82
148 506 532 580 589 242 108
42 745 247 694 453 503 461
96 658 606 140 277 371 463
80 98 754 393 303 20 508
65 520 821 583 635 469 248
154 719 326 642 413 325 320
155 87 286 27 64 90 125
122 838 768 533 417 453 471
76 790 513 821 588 485 618
44 877 871 320 330 719 251
66 564 477 718 711 78 358
155 118 32 12 85 61 37
66 234 737 395 600 502 420
123 756 59 8 220 258 46
140 458 19 175 110 531 508
15 930 830 970 177 176 757
43 595 165 391 838 502 394
42 927 307 82 735 127 464
50 282 369 821 469 231 580
84 490 740 444 469 660 565
67 725 872 785 649 869 656
154 99 670 444 175 89 19
97 609 395 513 629 607 420
50 626 377 819 418 770 419
121 143 554 806 561 576 490
107 850 394 431 517 373 652
70 868 776 644 526 647 517
97 528 609 50 140 491 492
97 167 286 366 87 26 33
44 395 846 553 391 866 492
94 164 387 381 156 210 382
5 580 631 152 844 646 395
68 537 559 569 764 568 560
44 185 202 240 179 207 104
154 593 304 414 550 421 489
155 40 221 58 101 103 268
93 886 660 563 490 492 554
42 406 644 794 656 725 885
44 734 832 652 562 510 492
155 40 260 120 22 269 474
72 156 114 240 96 273 104
76 463 233 588 503 143 360
24 703 491 516 353 533 215
122 862 790 401 618 453 510
121 562 218 315 371 50 393
48 686 882 742 741 811 788
120 370 121 82 275 263 231
140 768 471 517 710 404 516
86 790 776 652 662 548 502
42 500 790 10 384 135 485
33 793 398 700 271 9 5
151 587 555 526 629 372 607
58 246 729 631 403 635 490
127 8 438 534 323 62 61
123 72 682 401 372 492 596
138 264 218 583 407 517 248
122 631 501 247 371 383 583
151 395 623 526 583 373 401
155 421 616 304 414 284 483
25 742 648 894 909 859 439
66 756 846 590 461 462 745
136 244 469 394 517 453 533
151 826 301 188 116 144 117
93 553 468 612 215 140 407
155 41 221 402 375 276 103
78 401 660 505 264 407 517
92 580 496 763 727 699 831
62 353 582 674 675 476 509
151 826 235 188 117 116 144
33 612 694 644 838 471 420
92 26 881 479 52 71 427
123 720 133 66 30 86 158
70 531 548 551 360 583 635
44 732 644 628 576 485 502
88 347 660 652 394 356 343
125 686 812 882 811 687 788
78 98 754 436 469 99 89
97 234 140 666 315 248 243
120 231 562 401 485 470 580
123 909 365 482 364 641 439
92 338 490 469 431 499 787
70 681 503 19 509 500 404
123 922 48 400 169 93 94
151 767 659 716 550 331 414
66 644 838 407 533 499 453
44 954 821 345 329 481 367
123 399 564 841 223 222 358
122 165 553 552 407 607 395
42 655 479 27 125 751 661
133 561 140 315 371 393 407
50 491 45 782 373 505 420
50 501 610 782 373 611 420
142 371 303 353 599 215 315
25 886 1002 501 545 503 526
72 886 828 576 485 393 372
78 365 723 640 639 439 364
72 338 516 437 89 444 264
148 468 552 315 247 660 248
126 95 381 154 155 309 105
80 575 115 650 514 94 93
151 500 471 682 516 553 576
154 425 601 413 329 332 251
15 815 338 927 533 554 420
151 870 112 189 168 241 15
48 840 821 903 904 580 318
97 670 513 561 576 662 517
121 3 527 38 216 39 42
109 248 88 469 675 500 303
44 886 866 710 552 561 526
15 870 76 293 227 633 15
72 50 395 513 596 485 631
151 371 391 618 548 503 373
42 905 870 101 120 23 15
66 772 564 79 346 300 477
125 529 21 257 195 378 770
48 817 16 96 95 33 167
121 498 405 357 385 336 885
155 435 85 8 11 32 61
67 52 427 286 107 16 422
154 527 454 70 198 142 38
123 42 159 254 69 131 67
138 977 28 476 556 595 89
97 733 629 548 499 728 420
44 954 821 332 642 345 325
24 528 629 505 588 436 600
66 599 528 404 592 596 407
92 606 545 600 555 554 248
14 726 553 680 675 175 595
80 99 680 502 470 459 531
123 233 510 563 401 500 420
107 584 386 111 127 47 400
97 341 731 369 840 318 370
43 783 50 728 498 555 393
154 767 739 643 283 414 489
155 693 321 330 413 332 339
33 606 681 646 20 470 635
123 600 531 556 99 476 303
125 188 280 281 455 301 144
155 492 407 471 420 710 391
123 434 6 92 77 81 170
78 531 395 218 246 500 303
154 816 435 59 85 2 12
151 588 453 528 631 431 490
154 120 676 221 101 126 268
126 315 768 373 417 215 420
31 436 813 600 737 554 588
59 152 581 89 507 562 303
151 867 654 363 414 421 483
123 680 596 485 407 417 404
142 650 275 169 172 173 47
142 309 202 113 249 104 134
97 455 826 301 117 116 144
140 765 220 37 258 36 62
42 507 790 612 703 247 471
155 284 622 603 747 283 616
94 675 662 528 503 552 470
59 776 813 563 471 417 592
35 644 768 873 694 510 391
154 841 300 222 564 270 183
48 740 915 594 404 861 403
138 394 528 555 596 662 513
72 927 631 437 680 507 403
154 32 816 3 37 11 62
127 564 399 466 79 223 358
42 88 504 583 503 516 20
136 552 468 243 244 471 561
68 752 391 371 360 492 517
151 963 345 339 342 746 367
58 613 215 404 635 733 505
126 14 269 22 276 190 112
148 666 490 244 51 248 315
25 868 768 936 806 710 372
58 599 594 533 635 437 660
151 826 188 235 117 116 160
113 50 490 516 373 492 407
121 535 435 258 61 11 765
35 739 774 867 304 483 284
97 31 302 484 150 186 63
76 600 710 218 660 652 517
123 940 493 471 373 647 552
123 954 339 326 345 481 547
97 351 768 526 561 373 516
50 381 800 202 113 139 134
140 838 548 555 498 513 503
50 828 218 600 533 356 682
50 462 556 360 609 303 660
44 635 748 471 647 393 470
120 243 553 499 768 393 50
92 660 806 682 554 391 356
123 263 92 624 77 80 81
72 886 790 576 682 407 471
72 756 855 662 502 471 513
72 753 767 739 593 622 654
93 633 905 293 161 197 189
123 591 175 28 509 110 20
68 784 14 276 230 112 15
25 612 682 734 469 503 407
154 268 375 126 230 101 120
120 79 240 800 96 105 477
155 552 510 631 499 583 404
67 19 404 498 623 629 303
42 285 317 77 132 81 400
122 265 652 401 503 404 303
72 533 745 491 141 50 371
50 868 776 581 682 734 453
123 799 257 31 72 10 63
61 807 218 492 490 143 277
151 870 189 112 241 636 184
142 624 285 128 575 47 170
68 418 770 135 257 195 419
107 887 951 699 727 496 497
59 265 504 977 89 20 459
25 444 838 737 353 404 507
50 154 427 415 412 96 255
72 595 889 493 662 554 553
123 538 37 60 2 62 8
97 807 233 666 141 315 277
93 732 581 600 510 652 490
155 13 21 84 63 0 239
62 333 880 471 510 768 492
94 588 675 110 89 20 500
68 615 554 463 248 492 565
125 462 645 806 499 461 647
94 458 754 28 19 25 459
123 169 650 514 191 478 174
154 326 719 549 329 251 547
123 262 132 77 7 102 81
44 346 305 210 185 209 477
154 749 535 573 630 570 432
123 902 550 421 654 659 331
117 782 806 583 561 581 499
151 647 629 576 420 510 581
72 870 784 227 189 44 15
155 40 120 145 269 76 23
50 743 404 194 146 505 5
123 538 258 32 12 49 162
66 353 827 333 666 577 215
103 782 501 552 356 554 471
94 896 554 507 565 600 394
140 353 140 243 371 246 143
140 892 526 618 562 516 470
42 387 207 252 79 477 105
72 832 790 528 513 453 498
154 693 601 481 334 332 345
123 892 373 493 372 600 607
154 32 67 36 46 49 12
113 662 647 404 768 485 492
58 501 465 391 652 500 471
50 861 886 458 436 401 517
122 420 97 437 20 19 403
120 28 587 513 631 552 264
58 495 875 277 356 464 577
50 222 568 79 252 560 537
123 835 642 251 320 549 326
66 165 315 372 555 583 517
72 471 520 383 277 606 248
25 872 648 85 778 657 756
44 463 404 277 50 383 248
51 613 353 89 19 395 505
155 326 332 642 413 334 547
72 787 831 532 109 108 580
107 434 617 231 204 47 48
78 343 662 599 360 628 420
50 278 509 485 401 606 583
33 507 977 98 670 175 89
72 905 23 171 189 178 15
140 868 485 838 431 401 517
33 846 315 468 703 371 244
78 581 588 243 609 563 420
127 309 210 201 156 122 134
151 47 80 132 6 204 205
123 484 384 21 0 13 63
121 618 531 508 458 459 469
72 916 353 50 383 143 248
154 268 402 22 40 261 58
122 948 647 453 583 618 407
67 782 403 582 99 437 502
155 11 42 8 162 32 36
133 776 513 533 499 395 469
127 606 533 391 401 143 490
138 111 191 584 338 169 47
59 528 827 548 565 629 372
43 560 637 679 466 358 537
97 215 507 806 652 401 492
68 828 821 279 787 469 373
155 38 131 216 527 130 198
56 1003 51 745 462 567 872
104 403 552 896 493 394 662
148 624 132 231 75 6 92
151 259 478 317 173 48 174
24 887 951 522 699 763 497
140 98 24 459 444 20 89
25 754 98 710 595 403 89
155 58 221 260 375 126 23
154 255 477 156 209 185 134
93 579 191 82 317 263 259
142 562 862 806 868 576 516
86 877 871 481 320 251 332
59 274 754 600 500 25 403
25 525 751 53 791 422 661
59 972 143 662 628 583 391
14 479 655 139 426 91 33
69 553 458 264 556 444 595
15 327 874 776 787 318 319
154 474 41 40 402 22 103
94 127 7 443 169 93 111
155 326 334 345 425 547 250
123 954 425 719 329 345 367
154 527 454 142 254 70 39
24 252 760 90 427 64 78
70 275 808 460 191 478 262
43 852 558 839 346 79 537
76 707 931 333 248 706 807
43 436 615 838 401 431 588
146 168 293 119 241 189 184
138 767 739 659 593 747 643
120 435 131 38 55 67 12
151 816 258 220 61 49 3
72 579 514 400 169 75 94
155 345 330 374 413 693 320
72 832 395 471 554 583 492
140 889 555 561 393 553 554
70 594 635 98 19 28 531
154 431 545 662 782 391 517
155 1 135 10 13 63 0
94 338 501 463 371 140 660
121 527 258 162 49 60 216
155 424 12 11 37 62 49
50 394 861 526 790 776 502
154 221 474 149 58 276 40
27 461 338 592 635 395 420
70 916 244 927 470 420 660
50 303 289 296 347 245 152
66 436 609 710 526 492 510
150 469 485 555 513 561 502
50 561 611 563 821 264 516
25 718 796 352 346 537 79
155 46 49 62 61 11 220
155 550 602 716 283 622 489
68 252 210 122 148 134 477
66 937 828 618 499 453 553
62 901 478 494 400 263 75
123 752 499 555 513 401 576
140 484 292 799 302 151 186
24 35 724 169 232 92 158
72 440 561 394 500 576 583
138 533 666 577 143 244 360
69 675 927 652 507 420 646
66 959 938 436 459 505 531
86 551 733 704 333 371 248
66 876 316 170 80 169 77
148 636 119 44 168 14 184
107 403 503 828 393 490 652
155 326 330 250 329 339 321
123 886 596 533 652 403 553
72 595 264 561 502 552 470
129 424 69 142 67 59 42
123 539 49 46 424 3 62
113 803 6 262 170 82 48
113 753 767 616 489 414 304
24 910 785 853 691 932 649
92 257 394 485 372 838 1
5 225 796 760 839 718 79
123 141 629 565 596 453 420
67 315 827 393 548 526 577
58 815 809 234 590 525 243
66 857 353 437 459 509 582
51 553 165 556 680 153 403
78 309 627 477 201 148 134
155 46 62 32 11 2 59
123 663 262 263 174 317 75
123 276 178 241 168 636 112
155 218 143 215 51 356 420
86 596 886 587 710 471 662
27 315 828 623 710 516 652
94 508 528 660 490 583 303
88 784 222 112 676 633 44
44 361 991 64 107 366 43
94 504 977 509 459 175 97
48 704 234 492 453 577 143
55 646 896 752 565 868 401
155 69 254 454 159 39 70
59 318 545 395 588 391 565
51 464 437 401 576 680 507
151 412 96 95 105 273 104
72 750 587 596 806 629 662
123 544 18 13 1 21 195
137 742 566 364 482 641 723
126 629 704 141 248 565 583
151 644 583 507 493 629 607
59 459 729 563 588 646 470
123 400 77 624 6 7 170
94 868 463 395 631 552 517
155 230 474 261 22 276 392
50 871 552 250 746 821 334
102 612 745 577 590 583 215
125 261 119 106 15 120 145
15 279 838 462 407 618 420
140 759 368 100 74 66 30
120 315 645 728 554 373 490
84 695 742 566 365 641 439
76 371 562 319 279 373 420
151 674 28 99 25 89 175
138 77 263 83 47 6 170
151 490 141 360 356 244 383
14 844 502 740 476 465 395
148 94 92 6 47 169 205
151 587 526 561 682 652 548
66 606 972 498 471 431 244
33 431 567 606 815 383 244
140 507 19 175 670 264 465
127 412 137 387 210 113 105
15 545 351 404 462 647 420
66 835 954 329 251 367 326
123 866 576 710 563 587 499
129 395 862 372 431 660 490
25 6 448 786 478 191 48
107 674 97 303 264 635 444
131 493 612 599 660 561 498
148 782 587 552 561 581 517
123 209 113 412 273 415 255
137 606 600 507 395 551 635
51 210 96 627 412 249 134
154 474 41 230 402 269 103
48 644 580 599 243 600 503
76 786 316 231 259 191 172
155 159 55 70 454 38 142
50 63 611 417 555 264 485
94 868 545 490 502 555 576
155 260 149 126 230 269 41
94 783 628 694 470 629 526
55 458 838 669 600 562 635
155 36 42 8 3 118 816
72 833 204 430 127 75 111
126 587 24 459 635 552 517
50 533 495 218 491 567 248
48 393 98 704 141 99 303
80 704 703 462 577 247 215
111 713 430 205 617 128 226
155 535 432 630 573 684 574
86 478 677 82 204 93 262
68 636 676 402 474 145 15
138 161 256 171 178 293 15
66 644 464 588 563 395 562
123 152 436 24 508 89 303
123 42 131 55 69 198 216
58 452 763 756 856 354 451
72 784 161 256 184 197 44
97 902 716 421 550 622 602
155 547 320 374 250 321 642
48 465 733 480 646 533 517
58 465 545 343 565 485 303
154 32 67 85 220 11 2
76 844 776 611 610 588 395
120 166 179 148 95 96 427
51 575 259 316 460 443 75
140 902 622 659 304 284 414
62 619 533 436 507 493 469
72 645 752 623 420 417 471
59 787 576 264 20 458 303
140 475 13 84 18 63 135
123 322 3 60 49 85 61
27 551 577 565 682 394 583
56 98 806 500 533 526 175
121 395 147 187 4 5 505
155 432 749 574 836 570 630
44 141 850 516 623 526 583
123 877 250 326 601 321 251
42 203 724 294 572 211 157
66 735 338 93 275 47 443
72 382 415 122 207 148 104
66 338 959 436 88 175 465
106 599 278 607 600 492 631
151 601 547 693 250 329 342
123 488 35 68 214 86 158
62 646 631 866 694 417 499
121 980 716 304 331 284 774
140 674 531 264 437 509 175
44 265 592 89 175 437 500
151 653 406 405 337 357 336
50 308 232 434 191 34 75
120 577 417 453 596 533 660
155 331 616 603 414 654 550
123 936 493 417 513 485 710
123 118 323 438 322 456 61
33 606 628 563 850 513 583
151 719 339 693 413 251 547
66 500 750 644 453 662 401
93 277 862 533 510 498 244
51 575 803 128 285 833 83
76 803 93 735 127 169 47
94 729 670 675 444 175 635
154 435 424 61 62 37 2
66 911 463 628 493 583 391
66 98 552 754 25 264 99
59 140 886 528 517 581 420
155 41 58 101 230 268 261
62 528 628 444 588 404 470
120 733 393 565 343 583 612
154 386 259 82 400 83 48
142 360 502 485 635 583 420
44 927 128 787 335 318 464
42 776 888 393 783 552 469
15 43 71 78 661 638 422
97 961 616 867 593 331 603
155 659 622 603 483 363 643
86 635 490 141 612 248 660
120 562 371 383 606 244 561
148 402 676 392 120 23 145
155 171 184 197 227 190 15
138 594 99 89 88 436 444
94 469 97 465 88 437 505
129 808 83 259 263 478 174
138 19 681 635 470 25 403
155 345 746 332 413 549 251
67 778 648 566 365 439 756
148 767 739 716 304 643 284
155 251 481 549 332 334 719
122 943 375 40 260 392 268
126 89 391 510 607 444 469
138 831 532 109 242 589 108
123 415 800 179 249 105 273
151 913 621 758 585 625 586
76 631 806 215 468 662 503
72 655 286 446 429 91 90
155 182 73 199 200 56 311
154 375 268 101 23 230 276
78 674 500 660 463 175 635
5 264 660 581 940 528 470
31 459 828 662 618 493 517
66 594 244 682 552 407 404
155 453 728 662 552 607 431
154 268 402 76 474 261 276
154 169 127 205 75 83 494
72 833 263 226 128 48 82
27 623 647 737 565 404 417
154 375 269 76 103 126 40
93 215 587 507 607 373 248
155 320 321 339 326 746 425
66 774 902 550 643 593 616
94 880 862 528 510 555 492
151 759 133 74 54 66 29
122 223 636 168 227 190 633
70 619 776 244 498 502 469
23 644 838 729 674 635 562
94 911 647 592 581 498 516
56 582 587 505 404 600 25
50 524 96 125 43 95 751
44 448 478 111 204 121 262
50 287 319 671 408 335 523
59 599 628 395 507 734 248
93 319 545 533 694 629 565
125 20 194 272 45 99 505
44 949 7 121 128 226 170
70 498 594 28 476 444 517
140 961 659 739 483 603 602
67 561 600 736 668 611 553
78 430 400 102 92 494 75
151 469 728 555 561 533 552
44 935 157 212 294 572 211
155 320 321 413 481 251 325
120 635 662 596 555 492 469
146 443 434 191 263 170 93
134 680 675 20 89 508 459
58 711 260 564 270 676 358
127 143 607 565 470 140 660
23 232 787 434 571 47 231
155 189 256 168 171 112 190
151 676 230 41 101 261 221
140 954 642 321 425 367 547
48 370 68 579 448 158 231
126 395 141 140 599 588 490
59 951 763 887 496 699 497
67 648 842 497 727 450 869
44 839 477 760 679 399 300
76 776 510 582 25 469 470
62 50 551 563 592 463 583
146 628 395 490 417 469 502
24 313 155 738 763 354 450
120 373 329 332 251 330 821
59 838 437 710 404 500 562
107 644 563 303 393 503 420
123 335 128 285 494 430 464
48 502 923 282 580 611 507
122 916 710 728 498 372 596
123 287 408 671 411 379 523
155 2 816 424 37 11 42
72 682 815 141 277 140 420
25 863 246 827 401 417 583
126 505 618 492 471 353 404
97 535 424 435 3 8 59
123 186 0 135 21 13 63
155 160 188 117 301 235 144
127 95 136 156 387 273 134
155 258 8 11 3 220 46
48 875 823 368 65 734 351
58 551 21 563 596 0 583
68 650 434 83 275 94 172
25 790 72 577 628 647 485
72 972 813 631 618 554 391
121 493 549 601 367 374 821
155 260 101 474 58 261 145
140 360 782 662 710 498 420
127 443 460 191 174 400 94
154 233 218 491 51 215 333
15 862 360 827 682 623 498
123 534 32 60 11 42 61
123 477 139 148 309 249 104
51 772 225 154 136 79 477
42 514 316 102 624 170 172
15 468 315 600 581 728 503
70 20 545 768 628 372 517
133 167 286 107 17 361 33
140 963 719 321 334 642 342
50 783 580 333 612 404 420
25 192 455 201 113 105 114
50 703 462 140 315 234 501
102 703 500 623 470 246 248
151 902 421 616 331 414 747
148 365 695 723 566 482 439
72 872 387 382 381 185 155
138 234 846 567 832 243 462
66 954 871 642 425 334 320
68 798 209 273 207 105 155
14 869 976 756 795 796 649
154 601 693 250 367 325 329
127 248 782 790 710 623 431
50 763 563 740 787 576 660
133 866 600 513 554 545 391
92 468 596 548 533 510 501
155 118 60 62 8 85 12
25 530 857 740 89 470 444
58 977 591 509 28 504 175
93 644 315 551 246 218 631
113 679 839 409 252 78 79
133 535 46 32 36 765 59
59 393 703 463 315 243 420
155 40 120 375 23 58 474
50 745 19 703 277 303 215
25 873 143 813 652 553 453
72 590 815 599 315 383 371
66 813 356 562 600 471 510
94 520 461 491 371 243 246
97 784 293 227 106 178 44
154 375 268 40 260 101 76
14 797 449 951 856 354 727
155 248 490 609 140 244 246
120 435 159 70 55 142 42
24 803 94 371 464 248 83
96 580 588 513 737 407 394
78 526 768 507 395 553 607
89 89 373 660 565 246 303
66 868 580 391 552 821 528
24 662 990 219 615 274 607
123 338 218 599 583 243 420
50 219 476 581 554 509 404
155 374 334 481 339 413 367
27 833 80 94 317 262 169
42 356 567 516 618 517 248
155 32 36 2 12 62 37
44 475 18 150 799 292 63
72 907 753 603 643 421 414
140 636 161 905 196 197 190
123 600 459 670 444 88 500
121 485 277 371 244 50 453
66 807 495 215 246 243 277
151 606 577 501 143 215 371
154 500 431 404 401 583 503
23 370 860 394 485 565 318
155 41 276 22 375 145 402
57 467 737 372 776 469 600
68 868 513 333 246 492 372
67 653 885 656 794 725 385
127 96 209 381 201 139 134
121 419 775 614 529 378 770
96 404 526 587 728 548 393
44 343 611 19 28 437 303
155 76 120 230 40 23 221
92 248 238 467 597 598 278
76 624 316 833 803 205 48
76 596 303 745 462 583 420
97 871 719 693 320 367 329
84 782 813 583 618 728 498
123 580 453 503 562 493 394
72 865 399 225 608 537 79
77 244 303 499 790 356 453
25 279 615 644 393 431 507
155 217 126 261 221 58 676
123 954 413 642 332 549 547
155 392 103 260 126 217 230
151 675 508 505 25 476 20
140 373 51 491 315 371 244
123 475 18 31 1 195 384
155 284 593 739 643 654 659
122 319 581 710 493 516 565
138 562 508 437 458 635 303
59 802 373 476 89 507 303
27 782 682 501 733 141 492
107 877 821 326 330 251 342
72 72 628 395 407 403 485
138 803 448 259 263 47 82
155 582 110 476 556 303 508
140 631 694 545 782 498 516
133 623 545 782 607 596 629
58 525 552 461 371 463 590
66 352 119 256 178 190 633
58 791 146 53 423 271 71
120 464 102 80 445 169 226
56 495 436 501 360 353 567
58 631 115 787 464 127 279
154 612 666 491 277 247 315
154 631 694 516 510 471 548
25 927 218 728 393 493 248
51 832 468 391 694 50 503
84 179 156 627 253 105 255
123 542 213 181 192 245 289
138 742 566 482 364 641 439
127 462 576 710 607 832 420
76 644 710 318 740 553 516
133 360 846 832 567 51 244
140 386 262 263 259 115 48
56 726 231 509 469 580 595
140 403 152 312 712 165 274
140 866 562 768 516 607 629
140 509 391 510 555 470 404
155 3 46 8 60 12 816
60 612 647 745 756 513 371
123 944 56 206 200 73 199
117 387 947 381 185 210 155
146 873 682 394 513 373 499
155 592 555 502 471 403 563
27 846 501 645 588 499 492
67 488 715 652 628 629 324
127 412 387 156 136 148 134
154 402 392 41 276 149 230
120 315 531 175 556 500 592
25 530 24 583 458 507 444
122 776 98 19 99 175 509
66 617 132 400 115 170 308
44 674 670 531 28 582 508
125 464 555 596 552 580 395
151 821 601 332 367 342 320
154 513 682 417 401 516 662
140 765 220 46 60 2 49
58 303 931 360 277 807 141
80 129 256 217 145 112 15
127 563 320 334 374 372 821
123 240 412 627 415 253 148
66 661 271 71 52 423 479
14 862 768 694 580 303 510
76 235 826 114 455 117 144
66 911 863 652 471 553 503
107 821 734 600 453 502 393
78 768 395 595 531 393 500
154 269 375 217 392 103 126
90 776 790 417 526 407 548
55 733 504 530 465 24 635
94 463 461 666 599 243 246
42 121 434 92 445 102 93
62 386 443 617 430 111 308
72 478 443 7 34 170 93
72 315 628 694 581 728 431
43 561 618 776 507 404 631
68 578 679 409 224 79 358
133 83 172 317 316 205 47
97 440 553 563 682 471 401
24 588 635 790 629 694 469
151 119 171 256 184 112 241
107 459 940 861 776 507 470
48 861 476 669 600 19 403
127 438 42 258 2 323 61
155 342 601 326 334 549 332
25 231 460 803 400 121 263
76 434 571 386 127 584 47
155 659 483 602 654 414 739
50 469 896 806 545 623 516
120 751 688 287 288 447 167
33 34 275 803 575 83 169
123 835 367 332 693 345 339
148 506 532 580 589 242 108
97 905 256 129 112 184 190
97 440 533 644 607 391 401
132 218 563 588 492 215 407
120 303 806 645 555 499 394
123 740 485 628 562 393 516
70 753 867 716 363 593 421
122 880 490 563 498 513 768
94 588 838 553 513 372 393
127 292 84 135 18 186 63
43 729 606 595 437 531 635
121 553 143 491 50 244 407
127 46 39 254 142 59 67
107 873 646 555 470 373 499
59 708 674 594 670 20 595
122 598 135 10 84 31 239
138 695 566 365 364 641 439
155 55 70 198 254 142 216
70 480 737 838 581 401 576
151 765 46 220 49 59 8
123 426 107 27 87 366 90
155 257 21 135 0 10 63
58 984 648 854 691 649 932
14 451 872 648 2 46 756
59 703 401 463 218 303 246
120 350 74 66 368 86 351
140 663 443 275 170 48 169
120 462 516 581 728 373 244
154 826 188 160 117 144 116
57 737 885 500 635 498 513
95 513 612 50 141 246 453
48 356 473 662 513 472 490
140 113 207 240 309 273 148
25 393 599 505 611 353 356
68 579 83 102 92 170 448
92 174 645 565 728 562 338
15 710 644 393 233 360 492
127 87 446 266 299 107 90
66 579 80 121 83 204 262
148 754 670 556 582 437 444
92 403 815 599 246 243 407
137 776 710 391 417 647 553
31 172 735 128 275 400 75
69 333 623 600 552 498 356
140 81 317 172 478 263 47
25 823 510 353 733 51 420
24 893 442 897 637 634 306
59 737 911 868 470 694 562
51 655 87 426 446 16 90
133 218 498 563 592 248 420
42 776 492 508 505 500 588
31 563 927 815 143 248 583
123 505 271 146 147 187 9
50 500 837 498 555 646 403
94 278 862 403 628 391 600
62 790 490 628 469 563 502
59 821 645 592 417 806 493
123 167 240 249 309 122 95
72 186 475 10 84 384 63
59 343 545 394 510 554 393
60 88 517 356 243 533 264
138 528 469 407 403 485 417
70 247 453 500 404 403 471
76 651 819 792 626 418 419
155 145 120 268 103 261 101
151 172 443 400 47 82 170
150 963 345 334 746 642 325
43 844 394 530 444 436 588
126 556 596 533 510 437 500
65 663 786 170 93 434 205
125 216 816 61 8 55 67
50 626 529 651 418 770 419
94 677 650 75 173 47 263
24 787 668 623 600 391 611
155 299 446 305 266 267 426
56 504 335 264 338 787 97
155 367 746 374 250 342 320
23 466 224 349 541 348 537
43 822 796 711 718 466 79
125 220 836 570 535 60 59
123 551 498 588 516 403 407
43 784 17 817 166 167 362
151 734 401 596 420 372 490
155 375 126 230 145 101 217
100 333 561 353 407 143 244
92 882 651 819 418 419 812
77 734 600 356 733 498 248
123 721 214 133 29 30 158
66 461 790 395 600 607 420
140 839 718 399 358 79 300
133 373 277 491 333 490 246
59 226 786 34 93 460 75
154 670 98 508 175 110 19
66 119 270 168 171 633 184
154 402 392 103 269 217 230
25 861 681 790 513 391 403
148 623 806 561 562 628 372
50 844 421 274 153 284 821
70 637 224 679 295 78 537
123 178 260 149 58 103 145
15 611 828 403 143 491 248
151 538 424 46 8 162 59
120 435 39 69 216 67 59
140 34 48 83 263 75 169
15 477 382 387 207 179 134
14 930 970 177 5 830 757
97 279 563 618 592 492 469
70 790 587 394 490 682 548
140 821 596 485 499 493 516
126 545 704 360 215 470 492
68 491 463 681 403 635 218
48 733 815 436 353 140 315
68 866 563 99 459 500 401
123 713 308 430 111 48 226
42 664 869 280 281 455 842
58 305 96 107 43 427 90
59 624 571 448 263 478 48
102 618 528 404 737 652 372
59 712 19 469 458 531 517
72 475 484 799 302 151 63
123 2 198 159 130 39 216
123 900 710 607 417 391 502
133 704 461 234 577 143 383
50 921 946 291 290 522 486
154 402 268 217 149 58 221
122 360 394 510 372 592 533
123 565 437 89 88 436 444
93 888 662 490 682 600 470
122 238 135 72 0 1 239
142 94 285 127 584 400 75
138 831 532 109 242 506 108
142 838 526 618 490 401 592
68 567 356 561 469 660 599
140 734 618 768 562 372 498
68 203 715 214 68 158 157
151 867 622 363 284 283 331
33 677 448 81 443 82 263
146 734 618 407 244 647 583
94 395 530 28 531 436 505
25 248 588 674 458 20 403
92 143 576 548 631 417 501
33 504 556 98 458 89 20
138 790 587 576 516 806 471
92 933 775 770 529 378 195
72 844 868 552 492 401 517
140 398 271 146 194 9 5
48 28 499 272 4 404 505
121 499 595 594 436 500 510
15 510 371 505 490 343 420
72 742 695 365 364 482 439
94 501 783 628 493 393 453
51 571 317 94 514 338 174
66 299 167 518 43 33 90
15 136 90 78 772 773 477
42 745 703 401 517 503 371
59 721 953 488 324 715 157
148 647 782 629 552 372 502
140 790 652 563 372 499 485
59 99 480 530 436 458 531
120 751 168 256 14 633 362
134 694 500 517 631 554 493
44 20 594 490 401 513 303
70 386 430 94 47 111 127
58 609 470 611 787 580 248
148 403 88 476 517 437 25
140 676 171 189 633 15 106
97 15 402 268 260 261 23
154 409 839 346 224 79 237
155 3 118 8 32 42 60
151 178 161 129 293 44 190
123 287 411 671 380 390 523
59 681 556 646 675 175 635
44 715 721 30 74 35 158
151 595 582 19 476 437 89
140 943 41 126 145 268 23
70 768 631 615 470 588 417
123 43 305 426 266 299 90
78 683 557 231 318 340 370
44 264 675 576 588 562 516
155 654 483 616 421 304 603
27 972 371 652 782 526 431
123 145 44 14 197 190 178
67 499 623 140 599 246 470
75 143 507 862 555 660 453
25 996 306 617 128 226 464
50 666 335 583 492 464 356
151 774 414 602 622 483 659
155 217 392 230 149 269 23
154 454 527 38 39 142 67
123 538 12 60 2 37 85
97 676 44 636 189 227 112
155 12 60 42 37 11 62
58 740 849 526 471 850 517
43 394 628 140 247 246 471
25 821 855 660 623 490 372
122 495 551 247 246 371 577
68 206 182 352 358 183 57
122 270 200 310 56 182 183
59 734 459 662 554 470 503
120 479 87 138 90 16 427
66 959 248 25 110 303 531
125 217 197 44 112 120 103
123 961 659 593 716 643 363
140 632 614 775 529 377 378
154 24 582 19 459 476 444
5 533 615 936 319 752 565
76 499 644 776 734 373 498
117 786 75 650 174 173 191
123 663 80 132 170 77 204
155 60 62 11 2 46 36
51 265 562 20 670 682 517
155 145 103 402 261 76 276
123 178 40 149 58 120 145
31 813 610 618 404 407 417
66 837 265 508 437 459 458
50 606 821 674 459 404 635
58 796 113 648 785 114 649
155 34 80 6 81 169 204
44 92 338 127 285 111 75
55 723 983 979 639 640 364
151 457 182 183 73 57 311
125 63 552 662 596 1 72
155 339 321 325 326 250 746
15 911 660 733 662 401 492
76 838 404 508 595 471 394
66 423 793 236 146 4 271
127 799 10 84 135 186 63
96 279 623 600 417 492 507
122 343 141 463 246 660 490
120 681 563 596 555 498 635
140 751 17 138 90 43 27
43 645 911 828 552 490 391
62 247 528 710 629 631 471
78 265 531 662 453 500 517
151 484 292 302 150 151 186
123 70 118 42 11 49 67
24 918 449 515 887 496 777
48 869 185 1001 778 155 785
120 682 215 277 606 244 471
120 539 36 816 118 85 538
150 631 371 360 463 244 248
121 752 554 790 553 644 469
31 827 880 553 647 618 417
24 815 463 977 264 508 248
133 670 675 458 635 264 444
113 606 612 233 599 360 420
151 768 710 401 485 373 493
121 737 662 694 498 555 528
27 298 879 349 605 540 558
48 863 501 24 635 333 583
43 19 4 629 395 469 505
66 108 592 335 787 740 580
155 160 188 301 117 116 144
140 256 129 293 196 14 197
48 576 855 234 461 734 498
93 88 752 513 373 502 500
151 612 468 577 360 383 243
67 422 4 310 457 199 272
97 612 600 548 493 401 407
122 678 263 47 205 93 316
123 977 476 444 24 28 508
97 972 790 372 644 526 431
126 553 88 436 509 562 469
94 96 947 387 156 210 105
66 98 977 556 670 459 88
76 88 594 278 660 25 303
151 293 112 633 171 15 189
72 959 98 509 476 88 175
103 383 644 533 631 733 492
27 277 828 618 404 516 420
126 175 596 485 563 582 500
151 601 425 693 549 329 481
92 49 749 535 570 573 59
97 850 141 562 552 828 492
15 868 555 828 246 733 420
155 481 329 342 374 251 250
23 921 291 946 810 522 486
140 961 622 643 616 603 363
50 786 204 478 650 259 172
68 480 403 110 28 437 458
121 162 254 131 39 216 49
133 478 111 83 259 174 94
133 494 191 174 263 400 48
155 363 489 550 716 747 603
97 871 719 601 345 330 334
50 128 735 7 575 443 205
27 555 827 461 218 383 420
138 776 628 492 493 507 734
50 862 666 790 401 248 431
68 143 394 459 444 469 583
123 646 600 583 562 394 404
66 458 936 629 552 565 576
155 250 342 326 334 601 367
33 86 721 232 724 157 158
27 760 655 409 839 252 78
14 386 996 580 893 306 464
27 866 606 828 596 562 492
153 217 112 230 676 103 276
62 833 275 308 205 204 121
15 348 298 223 608 237 537
15 902 961 867 659 304 602
138 866 507 576 682 553 629
72 95 661 33 17 427 362
76 644 838 476 303 581 513
104 404 828 645 587 554 393
48 272 525 881 53 661 422
71 990 395 526 553 682 607
62 619 545 838 431 516 401
155 434 786 172 191 584 173
120 85 198 130 142 39 220
70 296 629 356 407 492 395
138 873 628 806 420 554 510
123 633 224 225 346 608 300
133 415 122 207 105 113 255
127 429 64 366 33 446 91
155 260 103 230 23 120 221
58 821 733 734 583 606 507
76 875 416 291 290 350 351
5 560 822 346 655 223 537
80 653 405 725 885 336 385
94 453 913 621 625 586 758
76 846 734 551 218 462 244
117 867 739 304 489 331 414
80 387 477 208 382 156 185
84 606 468 592 407 356 583
72 821 902 739 654 331 284
93 660 110 436 28 264 507
67 248 437 748 837 675 680
151 813 533 607 694 417 554
51 279 315 498 499 243 490
5 575 514 663 571 128 75
70 815 551 768 553 373 583
94 172 617 448 205 169 262
125 286 179 134 139 27 33
23 579 478 663 132 205 262
113 855 694 552 431 372 471
97 877 719 601 325 330 332
154 545 565 407 554 548 516
151 871 481 326 332 549 334
59 501 343 782 581 583 498
155 425 719 334 251 481 250
56 215 553 635 458 595 360
122 165 607 407 565 469 394
127 237 358 711 399 608 78
89 351 303 563 493 403 516
134 532 831 506 589 109 242
51 218 596 580 278 453 583
58 94 844 77 231 565 205
67 576 356 233 50 244 652
42 5 420 670 556 25 505
50 815 462 666 277 567 383
68 588 485 246 333 660 552
151 431 666 333 141 360 704
92 628 110 635 20 175 652
68 34 259 434 460 174 231
123 827 140 233 141 277 243
126 488 368 35 100 324 158
27 491 606 827 581 629 492
24 745 247 866 502 644 244
35 147 700 398 793 5 4
27 571 514 317 170 82 75
65 173 307 430 83 464 48
76 436 394 440 401 681 403
133 596 500 436 469 607 404
59 245 752 153 394 470 165
70 436 821 866 499 607 404
155 616 716 643 483 283 363
122 980 593 483 747 283 774
120 264 246 491 50 660 552
120 545 243 577 333 583 499
146 493 660 395 631 548 492
94 813 732 395 517 502 498
113 353 606 140 243 218 246
148 404 545 526 596 553 373
154 768 631 629 553 552 492
123 925 130 39 70 142 454
72 0 563 417 806 485 596
72 821 954 339 413 547 320
42 623 563 666 704 243 490
151 67 32 62 59 85 49
23 242 404 370 904 318 580
75 427 751 688 447 661 166
123 154 114 627 113 412 255
59 722 224 711 358 300 399
15 399 637 608 564 223 537
51 866 431 383 140 592 492
123 828 561 728 548 581 552
140 353 277 333 606 356 248
97 871 601 339 330 481 329
120 821 245 213 289 219 312
125 12 39 38 216 424 60
95 555 666 660 333 491 502
15 936 992 999 360 383 609
150 507 510 503 821 838 394
155 582 20 476 25 28 19
151 233 666 218 277 246 704
127 395 459 110 28 490 500
151 593 304 767 284 331 414
140 551 233 491 333 51 246
127 154 95 148 207 210 105
55 153 838 248 631 565 343
94 855 546 417 545 728 372
58 591 471 99 88 470 24
123 33 207 249 240 800 139
59 127 445 275 259 81 83
155 413 642 330 342 321 367
140 868 768 607 485 576 565
151 759 68 74 29 66 54
127 594 555 516 373 670 517
61 296 823 403 513 503 395
42 734 740 9 45 505 592
59 463 892 813 728 565 431
58 801 702 656 725 701 794
72 907 867 643 363 603 414
78 16 655 429 299 361 90
84 394 485 215 551 652 248
71 140 551 562 471 647 407
65 548 992 491 315 609 501
107 599 463 581 431 652 682
151 98 444 436 28 175 88
123 626 0 72 135 84 195
151 753 659 489 654 283 304
151 913 621 758 625 585 586
120 227 221 101 217 23 178
154 268 402 217 149 474 101
137 575 80 6 81 48 77
155 179 309 148 104 139 273
93 940 682 503 554 553 776
123 9 437 89 24 19 505
97 440 581 393 391 485 401
154 800 134 273 96 240 139
102 495 583 501 548 590 468
59 658 873 395 469 431 660
50 132 579 226 121 94 170
155 436 556 25 444 459 508
123 15 58 474 260 126 145
123 233 561 782 728 502 420
92 725 653 406 337 357 885
58 880 141 710 401 631 694
68 173 448 127 494 205 263
155 413 329 374 339 367 425
123 877 326 330 693 339 332
70 708 458 505 175 436 595
77 562 356 20 89 652 303
127 156 148 179 249 201 255
78 582 436 600 490 465 500
42 204 494 650 514 172 82
123 873 471 517 516 592 502
43 229 927 111 127 226 464
142 119 168 227 161 241 190
127 253 249 96 309 627 148
127 240 209 155 156 207 105
123 508 516 623 628 431 517
155 38 70 216 159 69 527
78 644 806 393 737 728 391
94 745 609 277 140 51 233
154 629 548 728 618 453 545
120 62 142 69 130 216 49
27 782 618 143 567 383 420
140 538 61 11 46 85 162
154 588 372 503 391 407 502
5 822 300 540 852 298 537
51 828 51 565 588 606 420
155 2 36 12 162 816 85
155 29 74 35 54 368 68
66 360 444 548 513 517 533
113 827 470 768 485 498 417
84 644 873 278 600 401 502
50 458 763 510 592 660 517
94 753 961 747 603 602 284
150 453 404 588 403 493 394
55 249 208 947 154 382 134
123 142 162 59 118 36 42
103 733 431 353 403 51 248
27 867 961 304 739 643 602
72 920 152 213 181 245 219
70 888 694 583 517 629 710
137 468 694 485 407 660 503
122 207 381 201 209 156 105
48 319 876 54 158 6 231
15 490 635 712 782 545 517
72 135 463 768 561 373 431
67 497 842 280 281 455 450
123 870 190 119 197 129 184
66 25 468 469 565 561 470
43 588 533 339 320 325 821
148 50 510 470 660 548 492
150 728 592 583 526 587 533
135 742 566 365 364 641 723
24 275 808 445 575 77 93
155 220 60 12 258 32 59
55 442 852 397 396 730 307
62 463 768 728 471 393 431
93 141 862 493 555 373 407
33 202 382 387 477 210 105
127 218 510 526 471 463 552
151 528 629 618 471 502 470
103 838 277 548 50 372 492
59 609 485 606 218 631 244
72 373 500 606 733 635 248
42 464 278 141 218 303 580
151 750 806 417 662 548 710
68 734 563 728 644 510 583
14 734 911 783 395 844 417
153 576 503 555 407 662 562
155 178 227 106 189 197 241
148 660 526 682 404 492 502
148 168 119 293 178 197 14
150 599 277 51 666 244 356
93 837 453 404 492 507 646
50 122 756 627 412 155 255
103 600 670 531 25 680 264
44 612 850 553 587 469 492
51 827 565 606 315 403 492
133 81 191 172 173 231 47
26 782 776 631 682 599 548
154 633 197 178 112 15 184
42 964 756 139 95 255 155
154 221 474 375 392 120 217
151 595 19 674 89 20 175
123 538 424 11 2 61 8
94 790 343 533 490 393 401
24 226 611 960 229 228 464
50 872 627 210 947 114 155
120 274 552 588 507 470 165
15 838 896 948 393 828 493
66 735 6 263 121 93 400
146 782 644 647 485 629 391
48 218 461 279 533 567 248
27 783 734 782 623 562 393
97 444 782 596 485 562 516
72 827 600 631 618 401 526
151 767 739 659 283 489 622
120 454 162 3 220 42 216
84 599 503 143 606 492 360
15 590 969 685 781 780 525
126 198 37 59 85 159 67
123 475 0 18 10 257 384
23 562 321 347 245 274 821
153 629 407 394 587 493 662
66 233 940 526 596 517 492
129 234 734 492 248 577 501
68 477 399 578 352 295 79
66 210 751 207 139 95 104
155 11 36 3 424 60 816
151 784 196 161 15 44 119
103 426 366 286 64 299 91
43 962 386 92 205 169 400
27 386 338 170 460 93 48
76 297 689 427 537 690 298
72 609 563 545 645 498 492
27 234 551 666 140 141 371
126 595 644 503 662 476 517
154 220 424 36 49 11 37
90 246 838 728 628 499 502
35 808 786 338 259 172 173
140 821 498 652 471 587 552
68 742 365 640 639 364 641
86 784 905 14 106 119 44
14 796 672 225 352 295 79
126 122 381 155 185 148 105
68 694 783 490 588 552 510
155 562 607 401 587 513 471
97 173 448 121 83 205 170
97 892 417 563 562 517 576
59 886 343 618 492 490 471
50 677 735 579 448 400 262
154 548 629 631 510 513 373
93 191 386 205 285 121 263
154 746 481 367 321 250 329
125 470 263 47 231 403 740
122 174 127 205 115 308 169
78 141 490 740 787 383 660
120 535 42 435 46 61 765
59 99 561 680 600 652 500
154 506 580 109 108 242 589
151 182 521 457 310 73 200
127 490 554 545 694 315 471
155 11 49 42 60 2 46
123 961 593 550 283 414 363
129 469 98 19 20 516 444
24 752 563 950 646 748 517
66 599 861 503 618 565 498
27 734 246 562 806 548 492
120 623 239 13 31 72 596
24 134 798 451 785 856 155
122 59 749 573 630 684 535
97 822 718 760 466 399 79
113 571 786 48 191 172 173
121 393 13 84 0 72 596
76 868 662 99 505 600 420
44 892 675 728 533 485 516
151 734 533 391 492 628 553
140 751 286 26 107 43 27
44 815 234 141 666 315 383
66 395 587 628 555 510 565
140 821 332 339 425 342 321
94 776 490 644 493 471 503
127 454 11 59 46 130 67
140 751 107 138 90 125 27
154 526 490 592 401 373 471
123 141 493 576 563 499 407
15 936 615 868 490 513 565
44 612 588 606 356 551 420
123 633 161 293 196 197 15
138 234 218 215 247 501 244
133 23 196 293 129 112 15
138 458 110 505 88 436 531
23 493 844 347 219 152 821
51 387 415 240 249 202 104
48 532 554 892 787 600 580
58 813 599 782 562 682 694
51 896 383 628 565 356 660
107 774 753 602 414 747 283
44 827 790 596 563 662 498
15 752 737 873 485 728 431
113 154 912 273 114 255 105
33 752 587 526 404 554 373
93 460 386 169 226 83 94
123 877 642 250 481 330 342
59 670 644 458 404 471 517
15 618 561 600 674 175 470
97 178 268 402 474 101 145
113 694 528 768 563 513 492
94 863 333 590 233 468 461
59 694 315 783 828 490 372
113 205 191 275 174 263 48
140 39 32 59 118 220 49
123 426 518 107 64 286 90
154 368 158 68 66 74 100
107 316 232 204 80 93 205
70 551 315 470 485 453 652
154 239 257 13 31 21 10
44 394 444 728 485 498 516
86 828 734 561 577 583 420
76 463 356 694 513 660 583
59 880 501 629 623 548 493
42 594 353 502 583 470 436
123 436 485 710 652 372 404
123 232 100 66 86 54 158
24 215 618 680 505 459 420
123 443 102 132 77 445 170
66 827 303 662 545 562 728
129 353 628 768 516 395 407
24 396 822 764 560 568 537
84 430 386 259 205 127 82
123 954 251 329 719 481 325
122 619 647 470 431 510 469
58 833 132 275 93 81 443
15 712 787 647 505 89 517
58 646 277 394 502 244 404
76 644 485 257 0 553 596
113 98 674 264 470 20 175
58 562 733 461 501 315 548
59 102 735 94 47 494 75
155 337 406 405 357 385 336
123 178 101 269 22 221 23
23 50 623 24 469 500 248
62 677 443 579 448 205 259
122 318 694 607 728 554 565
94 735 713 121 285 128 494
62 246 469 582 437 635 303
107 507 360 485 533 682 431
122 436 623 471 652 498 403
155 816 60 42 49 424 11
70 776 505 556 670 459 517
97 786 650 75 514 48 173
66 886 458 513 628 404 553
42 806 750 660 404 403 662
93 571 132 48 81 170 173
155 367 332 549 250 413 334
127 223 268 145 276 270 676
123 114 139 800 179 95 105
154 774 550 421 616 483 284
14 553 783 612 567 846 492
67 930 830 45 236 5 757
48 661 346 518 26 537 427
155 323 456 534 438 322 61
78 768 631 806 645 647 485
123 156 139 96 240 273 104
120 372 500 509 459 303 343
92 752 682 545 587 652 782
72 157 898 769 673 124 203
42 785 192 122 240 105 114
23 842 648 359 461 745 869
94 776 600 710 420 565 548
78 533 218 509 465 248 635
97 862 623 499 592 393 662
151 612 606 356 333 277 143
42 844 330 631 554 533 821
94 50 806 404 554 493 583
72 591 674 754 582 508 19
127 148 156 382 154 113 134
123 575 173 191 172 434 94
123 244 391 581 652 728 471
120 905 189 168 256 106 161
86 173 575 443 121 170 75
155 251 339 367 325 413 425
48 609 234 658 612 577 491
151 518 427 361 43 125 33
123 821 747 622 489 414 284
133 106 269 101 145 112 676
151 653 405 406 337 357 385
50 680 728 670 175 652 500
120 8 130 69 198 39 220
66 518 479 362 167 427 27
138 353 674 20 508 303 509
142 226 478 172 204 75 48
94 300 457 182 311 199 183
48 108 652 386 464 404 580
107 681 940 401 776 404 470
138 502 277 371 383 599 246
62 815 233 407 356 704 140
57 355 291 327 449 763 354
92 525 107 427 125 17 661
151 782 682 600 526 372 516
62 650 338 786 434 316 191
92 477 427 91 26 64 305
140 886 618 510 493 471 401
55 460 7 579 259 169 173
120 171 392 101 474 145 15
148 424 39 67 60 49 42
151 753 489 363 284 483 304
154 392 402 230 261 126 149
123 721 68 100 74 214 158
42 596 548 215 666 315 552
5 875 416 861 86 290 351
107 734 862 552 662 393 628
72 141 594 556 175 437 303
151 387 381 382 185 137 201
120 802 492 516 391 404 708
126 600 591 19 25 395 403
24 1003 745 1001 656 778 872
44 731 814 170 75 81 231
140 156 139 122 95 255 104
155 260 101 120 217 40 269
58 828 495 401 561 577 652
66 776 827 431 587 420 548
120 469 205 34 170 231 787
66 650 677 400 83 262 48
151 490 581 710 563 548 401
151 767 659 593 622 284 654
120 786 169 115 400 47 460
97 346 679 711 358 399 78
72 986 695 566 364 439 723
151 783 555 554 493 510 647
58 538 198 60 42 142 85
127 477 122 96 148 136 104
127 461 682 553 407 360 420
72 333 548 600 403 563 490
66 476 72 391 562 596 517
66 740 850 372 431 838 507
42 784 125 249 148 95 362
155 421 550 659 593 414 489
122 318 662 552 588 498 565
94 335 340 840 369 370 318
44 865 796 608 224 537 79
72 173 6 443 226 82 169
140 170 460 191 478 173 434
122 963 601 332 334 250 746
125 437 704 141 356 444 264
126 183 197 189 15 223 633
50 873 595 356 503 403 373
43 445 787 94 262 263 231
68 761 11 142 454 67 49
66 220 985 70 527 159 39
44 232 715 68 74 86 158
15 832 660 279 453 644 420
151 850 587 517 583 420 373
104 526 752 838 565 562 403
66 164 96 209 154 105 382
68 232 7 128 400 170 77
80 838 453 866 782 485 431
120 629 215 703 383 246 393
94 821 752 631 576 498 407
97 514 430 386 308 128 48
76 53 791 839 78 71 422
93 431 595 88 476 459 507
14 782 768 783 243 490 493
154 326 963 367 325 642 342
25 231 316 464 115 308 169
132 28 594 680 595 110 436
72 821 746 642 481 329 330
126 409 91 267 90 225 477
121 153 213 192 289 245 165
127 592 246 577 383 652 583
100 500 694 587 471 768 404
126 502 754 88 508 469 507
66 982 114 240 309 105 95
155 17 26 16 43 64 518
107 112 943 101 268 103 22
65 218 868 492 734 417 244
76 949 121 571 174 204 170
59 830 919 194 45 793 5
44 471 611 491 612 277 248
31 1000 95 17 166 362 427
154 394 561 469 576 395 403
155 47 48 75 82 803 115
138 618 395 404 507 493 393
25 969 809 751 638 524 525
123 39 816 59 3 2 42
50 338 372 89 110 600 264
154 269 375 22 40 221 126
97 886 645 596 728 806 662
122 501 629 552 581 592 548
142 293 256 168 129 184 197
50 868 476 526 694 500 510
125 362 730 637 537 33 655
127 247 628 618 401 143 583
155 684 630 836 570 432 573
97 871 746 719 547 425 549
70 650 808 448 263 75 172
44 391 351 25 465 444 470
31 77 833 127 262 83 205
134 34 172 82 47 624 169
50 857 554 175 670 485 264
72 821 140 485 682 420 407
66 463 850 562 499 471 600
43 694 20 248 631 552 516
133 308 34 6 204 121 170
140 467 607 562 510 453 600
154 826 301 116 160 144 117
155 30 86 66 68 133 74
48 790 468 606 315 393 431
121 279 666 371 333 315 490
14 612 704 461 623 490 383
70 595 502 468 215 583 303
122 198 816 59 12 8 67
44 510 844 635 248 660 517
55 243 338 553 600 303 248
151 362 518 64 27 33 17
142 96 155 156 179 105 134
151 902 643 659 747 331 284
66 635 916 502 563 596 562
148 768 395 652 513 563 407
113 679 578 633 270 295 300
76 375 676 636 178 103 145
31 615 977 25 458 89 500
148 902 304 421 593 284 414
154 182 206 310 311 56 73
120 615 193 213 192 289 165
72 338 861 513 471 516 517
72 732 528 561 581 391 431
103 587 866 596 644 485 553
93 567 587 666 218 141 577
140 977 28 25 582 89 508
123 323 424 49 12 162 61
94 734 790 652 471 401 628
121 264 581 548 407 493 600
111 734 555 587 545 592 417
123 422 87 16 33 366 125
155 346 224 237 252 409 78
50 508 710 279 787 562 507
123 816 322 438 456 534 61
127 1 597 598 238 84 239
125 20 628 372 583 582 303
154 616 867 414 483 489 603
60 948 218 393 468 243 407
59 333 756 463 407 513 631
59 632 195 775 529 770 378
123 774 767 414 602 304 603
138 857 680 531 459 582 444
148 592 768 682 471 417 391
93 476 623 404 682 507 500
93 813 647 545 644 453 694
140 902 622 643 716 489 483
155 221 126 41 269 145 23
123 267 518 27 26 33 91
14 733 927 404 545 453 248
59 422 841 722 466 358 78
155 100 133 214 74 35 29
66 715 759 133 74 30 158
25 612 662 356 734 507 453
123 72 150 151 302 186 63
138 398 187 146 236 45 9
50 942 211 673 769 157 203
76 265 508 768 485 582 264
138 530 582 89 20 436 531
15 815 490 359 612 703 244
138 170 338 191 316 434 172
120 509 485 471 431 548 776
44 89 646 647 652 393 517
25 318 752 862 499 372 565
14 215 234 395 880 694 420
126 131 37 36 118 216 67
67 357 885 778 656 725 336
107 546 644 813 401 694 728
15 25 278 351 940 588 470
48 45 234 582 28 420 505
14 644 528 500 351 734 553
72 675 917 403 556 680 509
127 42 527 55 69 49 39
86 790 596 647 470 581 554
76 584 231 226 121 478 93
44 458 708 694 485 499 404
67 900 782 806 628 548 752
155 260 402 40 474 217 149
72 713 386 204 170 115 226
155 333 704 215 246 243 218
125 510 141 383 247 596 471
123 925 130 70 254 159 454
57 808 430 102 624 83 93
25 590 463 646 868 401 420
78 526 587 838 394 607 513
107 464 551 607 303 469 507
72 827 545 552 596 453 629
154 746 719 425 334 374 330
121 590 612 218 277 246 468
23 6 259 840 557 370 231
27 951 797 957 450 449 727
67 196 112 392 41 145 161
94 551 501 499 492 453 373
70 715 862 873 618 502 516
151 947 387 137 209 185 156
25 420 768 480 595 458 500
140 674 110 99 556 459 25
123 754 635 458 436 303 20
94 866 868 596 576 517 607
58 889 714 391 629 715 401
67 89 480 453 485 576 675
59 167 154 358 537 477 78
76 733 577 24 264 371 356
150 403 503 618 526 628 431
123 646 502 583 682 407 401
68 782 623 461 468 503 562
5 868 554 395 892 911 516
123 539 2 258 220 60 62
151 601 746 693 367 321 329
59 618 596 645 782 561 710
123 538 220 37 3 12 162
123 166 16 26 17 366 27
58 905 41 171 112 230 15
155 684 574 570 836 630 749
56 635 554 567 832 503 248
72 143 790 682 563 401 453
133 448 478 434 173 275 48
155 432 433 836 749 684 570
155 345 321 693 367 332 547
155 747 363 304 602 331 659
122 943 402 120 269 58 268
27 827 606 576 545 516 492
66 343 1 493 553 485 628
151 719 746 326 342 325 367
96 296 563 737 401 588 821
121 476 404 660 516 485 264
72 646 645 393 561 498 470
148 631 600 652 618 562 499
97 813 581 528 493 470 498
107 838 607 563 470 592 420
50 712 647 296 153 470 165
92 696 236 272 147 271 422
56 372 674 353 680 459 533
43 595 97 353 465 505 476
78 507 694 461 371 403 420
55 7 174 308 443 262 204
5 610 140 658 828 782 407
59 619 581 861 403 553 469
72 475 485 13 31 1 135
123 871 320 425 250 547 332
59 581 844 551 631 588 502
72 901 460 317 82 172 75
154 618 576 552 554 533 499
67 815 660 526 562 470 215
123 23 256 184 633 168 178
151 528 628 533 562 493 453
94 896 50 372 453 407 623
59 995 806 588 469 710 618
44 361 305 87 366 518 90
123 178 221 261 101 230 23
67 872 114 249 96 148 155
148 675 595 531 19 509 89
15 827 462 143 517 782 420
25 827 782 940 596 552 417
43 734 545 745 461 50 503
55 88 618 896 394 629 507
68 771 426 107 43 91 266
48 318 28 667 668 303 611
50 768 670 728 813 303 510
50 993 792 21 31 626 195
14 917 674 24 165 395 509
31 226 584 7 259 93 170
123 565 437 508 20 670 303
133 627 156 210 105 148 104
58 675 533 24 303 607 476
140 95 412 415 202 273 104
122 835 719 345 250 413 326
27 803 34 172 448 263 75
25 579 460 285 443 400 93
140 42 38 130 70 39 142
121 712 373 561 652 565 343
120 592 468 577 277 371 533
122 244 554 555 470 576 490
113 538 765 37 2 59 85
155 643 767 304 603 414 283
43 562 660 595 459 436 469
151 870 633 112 14 241 184
129 618 635 646 403 502 588
127 145 184 256 241 76 15
123 488 100 35 214 65 158
69 712 153 407 303 403 152
62 309 253 477 210 255 105
122 980 602 421 747 603 774
155 767 284 483 283 331 489
25 461 815 821 682 393 583
113 954 601 642 549 325 367
94 879 760 222 295 300 537
123 935 376 294 212 410 211
107 353 675 459 437 465 635
155 250 481 413 334 425 693
58 738 647 727 763 660 354
127 305 16 138 27 267 91
123 469 556 508 531 25 459
66 756 998 185 387 154 155
155 29 65 35 368 54 86
97 669 528 565 596 499 600
113 244 607 623 417 583 492
48 623 360 509 395 141 631
94 145 129 636 190 189 178
66 835 821 413 345 325 339
72 860 317 132 77 169 231
151 268 375 402 221 126 76
51 624 443 316 338 400 47
50 704 351 461 234 734 243
138 963 601 332 329 746 342
120 636 217 402 120 23 178
123 991 27 138 125 33 43
146 503 790 782 629 806 401
44 580 458 629 401 644 469
58 530 889 505 507 607 436
50 606 533 88 476 469 509
117 666 140 606 277 215 704
123 210 122 148 95 179 134
68 125 638 271 146 272 422
15 873 790 838 417 682 401
125 9 525 524 638 194 272
66 427 429 138 518 91 33
58 420 213 153 165 219 343
48 566 641 987 986 695 723
31 394 577 526 752 561 510
132 617 803 75 443 735 48
151 867 550 659 593 283 421
72 394 609 143 218 51 420
123 167 125 26 107 518 27
151 178 129 161 293 197 14
140 39 258 162 435 49 42
66 185 789 163 208 164 382
66 319 635 493 555 600 565
50 680 308 577 243 464 248
123 322 8 46 118 258 61
25 666 563 885 790 644 502
48 545 394 491 244 682 498
59 991 696 107 125 422 43
14 782 394 528 577 243 471
123 49 38 69 142 159 216
44 873 528 806 728 662 554
127 201 208 163 164 104 382
15 916 682 577 606 520 246
48 537 464 897 634 306 637
123 615 485 554 581 510 607
58 530 577 500 303 356 465
14 393 635 710 19 476 517
15 930 830 970 177 176 757
68 735 263 445 80 205 400
44 799 484 18 72 10 63
132 652 140 141 631 662 599
123 72 629 576 502 391 485
31 733 303 596 783 493 533
76 333 815 528 493 468 248
50 734 315 401 596 660 628
123 963 250 321 345 332 342
78 139 412 201 209 273 255
113 877 601 547 413 332 251
134 128 786 434 174 48 75
51 828 733 618 513 218 420
59 306 541 878 879 348 637
25 218 940 838 533 503 552
123 475 10 257 195 84 135
123 76 129 190 189 106 15
151 91 361 362 125 33 16
78 872 785 381 185 756 155
155 366 17 16 87 43 91
127 387 95 240 122 155 105
123 627 154 201 210 136 255
113 821 746 481 345 320 325
67 689 637 864 540 348 298
151 409 608 839 300 79 237
25 934 604 560 764 568 569
77 680 635 553 592 611 404
78 710 533 25 88 516 470
122 892 644 401 391 554 576
42 732 631 233 501 215 490
51 122 253 136 137 114 134
154 636 44 241 197 14 112
123 935 410 212 294 376 211
84 98 674 458 465 19 89
97 639 641 566 365 482 364
24 451 755 158 649 715 756
154 693 601 334 367 345 342
