418603596 7
2775078005 22
1559070896 23
2487791547 43
4405923168 44
3942689844 45
54323355 46
1607708714 47
1171220826 61
5444872291 62
5886766515 63
1057951417 64
3144070262 65
51592859 66
1224991128 67
207357285 74
2239064895 75
0 76
1903738479 77
0 78
511938740 79
0 82
162249357 83
0 84
71961303 85
0 86
0 87
1588759575 102
1311263324 103
1530475903 104
9794273826 120
10336684125 122
1555156606 123
14015985445 146
2327849857 147
5180223893 148
1142133133 149
9907981315 150
8073642275 151
43783669 152
494699168 153
1334069940 154
6149080681 178
3324638216 179
3929175985 180
1991951824 181
7196882551 182
2931935942 183
2781033170 184
561381359 185
2384397455 186
323829653 187
3434550276 188
17521410112 210
8795050315 212
18212066008 215
18808279519 216
7833990744 217
11932484608 218
1418909208 221
10025535663 222
437771799 223
3336656095 224
4005116329 245
3156821055 246
1735693725 247
245574459 248
9687335938 249
4961889985 250
12293728518 251
16226289417 252
1876829329 253
9801203931 254
936323304 255
350028416 256
1471489538 257
5027991684 258
1462390044 259
3487160608 260
12109997 261
3510696102 262
0 263
36277233 264
9745 265
2070531296 266
592956420 277
2901313443 278
4677487735 279
7320318288 280
1006437564 281
4089440007 282
6664669 283
5495486844 284
281365016 285
807402112 286
364878 287
988484323 288
0 289
1481899217 290
1855300015 299
8270944993 300
620009846 301
4594814278 302
15133834 305
2107507077 306
152506720 307
1032320455 308
342908159 315
2899501426 316
0 317
325395606 318
72841705 319
1367522193 320
0 321
1958135584 322
0 323
1325511027 324
0 325
0 326
0 327
277348642 328
0 331
691186552 332
0 333
304517276 334
0 335
301014356 336
0 337
253594740 338
0 341
118935066 342
0 343
86718451 344
0 345
39596538 346
0 347
68092951 348
0 349
55199777 350
0 351
70385466 352
149018291 364
27904107 365
215820904 366
101517025 367
149041237 368
1547182591 386
514214123 387
1766984712 388
2703651077 389
2018158061 390
0 391
604918279 392
2583203177 393
19693852992 418
187628850 419
6736687623 420
9787853838 421
2315693853 422
4205727932 423
1687344109 424
9861797027 425
1090051608 426
2892912145 427
755476932 428
6019140925 429
5032748525 430
0 431
297814685 432
46656576 433
56055542 434
476907833 435
1265598866 436
12893977048 455
3530568482 456
5762528886 457
7948317420 458
12171832869 459
9845468064 460
821439938 461
9248262522 462
3005162536 463
705485137 464
844720006 465
2156860985 466
8150174187 467
0 468
156666080 469
833635821 470
0 471
366192886 472
1622257557 473
304960840 495
646095633 496
84659417 497
1213383094 498
559831734 499
69965513 500
239417312 501
0 502
189121788 503
74822110 504
274124726 505
430878866 506
722465455 507
0 508
0 509
0 510
366323906 511
0 512
195042092 513
0 514
163760256 515
89536052 516
457659644 517
5166070752 535
3844575828 536
1602828831 537
8803404358 538
3371987411 539
4283912388 540
8820533439 541
116108392 542
551908163 543
407363502 544
7588368848 545
1939559418 546
1637275202 547
1644032 548
764439316 549
320849163 550
1777752111 551
172753549 552
2181264486 553
130001359 554
113730329 555
0 556
3053308355 557
10567729819 561
21053408824 562
8305669305 563
518429301 564
1255141904 565
9630966309 566
8680515466 567
39748262 568
245655312 569
1062604121 570
915541627 574
1471830185 575
3277683907 576
13248536 577
6995 578
40359444 579
1924064760 580
0 581
33094435 582
464687035 583
1288701101 596
5526853758 597
395543552 598
5572242059 599
656488211 600
115255545 601
1294616170 602
774968380 603
0 604
802220548 605
395188374 606
2413962273 607
289700227 608
6172575988 609
0 610
362886175 611
55489459 612
4708894288 613
34698789 614
1166434374 615
0 616
274628 617
0 618
88688943 619
0 620
281850235 621
38203531 622
1009462586 623
327551528 632
5737256298 633
312996306 634
862759857 635
103260697 636
89938684 637
158374307 638
5272078683 639
205004085 640
1857379468 641
0 642
1088873506 643
36351319 644
185169018 645
0 646
3680276101 647
0 648
39347164 649
10859758 650
194616029 651
17754545 652
36124827 653
4048686 654
940579372 655
0 660
0 661
0 662
610388541 663
97780050 664
279759518 665
0 666
0 667
0 668
119077197 669
0 670
59489169 671
0 672
0 673
0 674
235679466 675
30349444 678
2390259381 679
381737028 680
1669172248 681
73911913 682
348734 683
0 684
288123810 685
0 686
729414284 687
0 688
133809642 689
0 690
714494478 691
0 694
774912783 695
211961245 696
670636555 697
0 698
991221482 699
0 700
77770202 701
0 702
376688925 703
0 704
507818233 705
0 706
78083812 707
0 708
134133118 709
0 710
0 711
0 712
117667141 713
0 714
197242671 715
37362353 716
456649068 717
0 718
0 719
0 720
0 721
0 722
118638957 723
0 724
268172991 725
0 726
145560642 727
0 728
26543407 729
0 730
0 731
0 732
216055536 733
0 734
0 735
0 736
15169737 737
0 738
45153401 739
0 749
84374234 750
0 751
0 752
0 753
95184985 754
0 755
0 756
0 757
602429671 765
502477361 766
725131728 767
0 768
87344641 769
1323357968 770
0 771
0 772
276197227 773
56178758 780
0 781
597134910 782
0 783
0 784
410225669 785
14681649 786
0 787
243562090 788
181966016 789
223767107 790
0 791
0 792
0 793
0 794
0 795
98612916 796
0 797
0 798
97189550 799
1305464207 804
548657618 805
1204150384 806
0 807
8856057 808
28260323 809
2193097432 810
0 811
93353161 812
84851380 813
0 814
27413535 815
517877570 816
0 817
20198058 818
329835899 819
0 824
0 825
69310224 826
21543688 827
0 828
0 829
0 830
0 831
0 832
0 833
0 834
90642982 835
0 836
0 837
0 838
11797882 839
0 842
412426738 843
96791996 844
288857349 845
89146699 846
560857687 847
0 848
0 849
0 850
984253112 851
0 852
0 853
0 854
331872067 855
0 856
0 857
0 858
0 859
0 860
22184862 861
0 862
0 863
61413151 864
0 865
0 866
25905408 867
0 868
96839394 869
0 870
59078452 871
0 872
0 873
14545475 874
0 875
0 876
0 877
0 878
0 879
0 880
247456046 881
0 882
54256911 883
0 884
0 885
0 886
122530888 887
0 888
0 889
0 890
8940488 891
0 892
55094340 893
0 897
0 898
0 899
0 900
0 901
0 902
0 904
0 905
30423159 906
0 907
0 908
87171431 909
0 910
0 911
0 912
0 913
0 914
0 915
1218990 916
0 917
0 918
16364721 919
0 920
0 921
0 922
0 923
0 924
66382582 925
0 926
0 927
0 928
0 929
2803955274 942
1443681847 943
1709734967 944
2953346981 945
14186945098 965
9558550525 967
8167344639 969
6563347468 971
3303174560 972
3722265588 973
11505780439 1003
10016814532 1004
3836304578 1005
10150189561 1006
778627756 1007
8385245104 1008
3848831917 1009
5077158887 1010
209689271 1011
10150473087 1012
5958839447 1013
5227976718 1014
7378821602 1015
517267150 1016
2638660403 1017
0 1018
270472367 1019
544667746 1020
1756482996 1021
279543406 1022
43575288 1023
790701655 1024
2962416762 1025
5395399893 1050
3703943074 1051
2277557660 1052
1218863679 1053
3638060781 1054
1095642178 1055
528100675 1056
3137010578 1057
1300521493 1058
3100652875 1059
6426585923 1060
3758904962 1061
2328787921 1062
91299480 1063
1566228412 1064
164162223 1065
1974861195 1066
267283506 1067
680934 1068
19487442 1069
411942947 1070
210319422 1071
3382809043 1072
6508757558 1086
10718458561 1087
4054195867 1088
2209625122 1089
5941728602 1090
1934265608 1091
14032297023 1092
1437958786 1093
3195077398 1094
445451287 1095
1435826908 1096
200086700 1097
1233150285 1098
101708409 1099
3743647190 1100
10113375678 1111
13975633603 1112
5932466997 1113
6033471442 1114
5962496436 1115
6129684125 1116
247993393 1119
5588696532 1120
493094323 1121
1938736977 1122
496304348 1123
2430907019 1124
3844914 1135
1954160552 1136
316199681 1137
365107788 1138
1074050926 1139
1471407970 1140
0 1141
128682198 1142
1499428415 1143
2140730135 1144
109592767 1145
1299910121 1146
0 1147
1257747603 1148
489460 1149
343014377 1150
0 1151
889582661 1152
0 1153
19594082 1154
15686 1155
884272277 1156
51618675 1163
912261385 1164
49479982 1165
321380928 1166
128251476 1167
3273953248 1168
609352136 1169
1505363466 1170
0 1171
878011757 1172
0 1173
505837936 1174
0 1175
0 1176
0 1177
307347875 1178
0 1179
534947262 1180
9111401 1183
1854248063 1184
156922463 1185
898944202 1186
44557774 1187
999938697 1188
0 1189
388116987 1190
0 1191
1141592981 1192
85415184 1195
926894468 1196
26842082 1197
155369389 1198
0 1199
270883523 1200
0 1201
194288828 1202
0 1203
62486694 1204
0 1205
183774564 1206
0 1207
9356 1208
0 1209
32026028 1210
0 1211
713480 1212
0 1213
0 1214
0 1215
47275405 1216
0 1217
193875780 1218
2087135921 1234
6248341154 1235
3528776531 1236
234417861 1237
413528454 1238
2374385172 1239
3466568873 1240
0 1241
1979427313 1242
606920 1243
1064288413 1244
6570094433 1249
9368492503 1252
5582758019 1254
555649994 1255
9558136236 1267
10983767874 1268
16356248427 1270
5466832959 1271
13721612918 1276
2543157455 1277
24415985213 1278
16089117398 1279
8998898066 1280
1545036302 1281
9425114820 1282
7323518552 1283
71012815 1287
674640185 1288
5106431601 1289
188242614 1290
604565801 1291
1554223783 1292
0 1305
2161667649 1306
946602287 1307
149728266 1308
17022019269 1309
20169551265 1310
330167902 1311
6229277684 1312
63220611 1313
0 1314
902889437 1315
393127047 1316
56373719 1317
2088415291 1318
7625448213 1319
12745870465 1320
4142399691 1321
11717384344 1322
166960803 1323
3119548706 1324
6028592 1325
1205251973 1326
254404314 1327
411965613 1328
814196115 1329
3633609455 1330
38776362 1331
2786691234 1332
0 1333
0 1334
0 1335
276282096 1336
56775792 1337
1156613946 1338
5762045407 1351
28164010457 1352
5687000460 1354
13011344344 1355
8666366726 1356
2188835734 1357
9783271023 1358
21648347331 1361
7917131987 1362
2642765196 1365
9011015896 1366
664514505 1369
9508120205 1370
11460667991 1371
4471552529 1372
563035571 1373
2161441735 1374
2697087 1375
3933444760 1376
42488549 1385
1599098825 1386
414044618 1387
1274385029 1388
0 1389
241346320 1390
17854821 1391
2426701731 1392
15980381816 1393
7813926681 1394
564310739 1395
4958067044 1396
1754560400 1397
4459392696 1398
5711680 1399
2088878666 1400
88827578 1401
4125781527 1402
0 1403
1304787765 1404
673098690 1405
241559973 1406
560020548 1407
2322448927 1408
18647988 1409
173054970 1410
0 1411
786182231 1412
0 1413
300017446 1414
0 1415
1204232975 1416
0 1419
291388720 1420
682379352 1421
937494206 1422
862870455 1423
1975076279 1424
0 1425
246415238 1426
69 1427
1822431770 1428
0 1429
659746703 1430
0 1431
314492411 1432
231470173 1437
4153928699 1438
203750617 1441
3283167930 1442
914242 1443
507907685 1444
144721329 1447
1270987810 1448
17 1449
1817546514 1450
1240223447 1451
3700013626 1452
0 1453
803672420 1454
218259239 1459
50643902 1460
0 1461
733839367 1462
0 1463
56245962 1464
58087094 1465
221848889 1466
0 1467
381726432 1468
0 1469
243745764 1470
9969690 1471
801802797 1472
79562141 1473
571097152 1474
0 1475
0 1476
0 1477
48286678 1478
0 1479
106917639 1480
0 1483
1366788141 1484
51010743 1485
466959878 1486
182992938 1487
315298918 1488
0 1489
424898863 1490
0 1491
88725141 1492
0 1493
26066611 1494
0 1495
54592130 1496
0 1497
461511023 1498
0 1499
125302176 1500
2381491 1508
0 1509
214189 1510
0 1511
428539719 1512
2925635 1513
15 1514
352090490 1534
79156500 1535
485055209 1536
0 1537
29894135 1538
184442628 1539
0 1540
340460606 1541
314313425 1542
103222932 1543
153521752 1544
624624357 1545
0 1546
0 1547
0 1548
252189618 1549
52378267 1550
0 1551
138876556 1552
1471483430 1572
1496723398 1573
2045895927 1574
334090190 1575
1323062390 1576
1729939248 1577
1422857500 1578
105000261 1579
554305084 1580
1389607613 1581
1980335156 1582
511065191 1583
3338086566 1584
343947197 1585
53582920 1586
117693517 1587
529408876 1588
0 1589
1545460392 1590
145139516 1595
9208962415 1596
257959115 1597
340397097 1598
5849486714 1599
4043535142 1600
5052138424 1601
0 1602
1598482 1603
177606405 1604
214816954 1605
257540353 1606
981226357 1607
0 1608
0 1609
44833265 1610
107093100 1611
14346732729 1622
10391105443 1623
1359463655 1624
1671825878 1625
4900410 1626
9468728866 1627
580868846 1628
3375041096 1629
178888728 1630
11512654469 1631
210148052 1632
31918 1633
164157148 1634
1186833786 1635
90221232 1636
213374208 1637
881409887 1638
4454135614 1639
2000835019 1640
0 1641
583542924 1642
9529417 1643
0 1644
0 1645
345151392 1646
425225349 1647
0 1648
708470839 1649
547567211 1650
211558286 1659
909721641 1660
508568736 1661
1088815924 1662
684386340 1663
0 1664
0 1665
158552085 1666
517513297 1667
20732791 1668
236959639 1669
0 1670
33564496 1671
45534211 1672
119994488 1673
241721565 1674
757150438 1675
0 1676
247173692 1677
44950229 1678
0 1679
11589916 1680
0 1681
17740740 1682
0 1683
0 1684
244517141 1685
4802809403 1702
19940722317 1703
3209744432 1704
8960704577 1705
7690526576 1706
237053848 1707
6564766312 1708
1932729253 1709
444143283 1710
4722433 1711
343321503 1712
202730956 1713
534827280 1714
1905464285 1715
3175892355 1716
3776422812 1717
9179794849 1718
8641865647 1719
131228153 1720
479830390 1721
465902161 1722
3160434050 1723
1073331255 1724
641981451 1725
451778592 1726
4055205338 1727
0 1728
221622845 1729
895888841 1730
12055286032 1731
41499111 1732
3490688659 1733
77150802 1734
140193241 1735
184043885 1736
3150926 1737
0 1738
308260006 1739
447526297 1740
450566877 1741
0 1742
0 1743
301761745 1744
114339375 1745
0 1746
508520699 1747
0 1748
1776763620 1749
582231739 1762
5896473240 1763
826098678 1764
3270549813 1765
0 1766
150575645 1767
211181154 1768
735499380 1769
126062373 1770
220436148 1771
236370394 1772
4299967064 1773
5377243093 1774
5176551476 1775
954090280 1776
1232016871 1777
290540889 1778
3326080302 1779
157292046 1780
3133383608 1781
286351018 1782
1445975751 1783
88458233 1784
1066233922 1785
34419527 1786
2430449148 1787
126062733 1788
4980980574 1789
0 1790
124822611 1791
302815047 1792
586621124 1793
0 1794
390280448 1795
224729165 1796
455862636 1797
0 1798
15302509 1799
0 1800
48928452 1801
30277067 1802
275698855 1803
0 1804
1413293397 1805
0 1812
303007 1813
0 1814
109569610 1815
0 1816
54824911 1817
0 1818
0 1819
0 1820
62895714 1821
0 1822
0 1823
0 1824
0 1825
0 1826
0 1827
987906 1828
124899919 1829
0 1830
88981731 1831
10134284 1832
0 1833
0 1834
97653095 1835
0 1836
272771093 1837
0 1844
168364456 1845
0 1846
0 1847
125423895 1848
465020439 1849
574192839 1850
421961579 1851
74977375 1852
218511355 1853
0 1854
59091615 1855
0 1856
49915488 1857
0 1858
210499553 1859
0 1860
121971189 1861
0 1862
0 1863
0 1864
50624297 1865
0 1866
207812627 1867
0 1868
429996118 1869
0 1870
0 1871
14277693 1872
51532973 1873
0 1874
65702934 1875
0 1876
179094195 1877
0 1878
0 1879
0 1880
404736300 1881
28549692 1884
1186995880 1885
3831965615 1886
961667289 1887
306720377 1888
561597173 1889
0 1890
260828604 1891
699123091 1892
175752760 1893
0 1894
411536876 1895
33567563 1896
728431567 1897
0 1898
780400944 1899
0 1900
0 1901
124048116 1902
273243023 1903
0 1904
617256164 1905
189645502 1908
6804335219 1909
0 1910
1431792577 1911
1400232191 1912
1784635502 1913
0 1914
303024638 1915
308675536 1916
651398450 1917
369095815 1918
2067339749 1919
110005835 1920
293872935 1921
0 1922
75728277 1923
26951731 1924
372968767 1925
184247992 1926
2525871358 1927
190969128 1928
37079933 1929
0 1930
254627436 1931
0 1932
275165172 1933
0 1934
172201267 1935
0 1936
19254774 1937
0 1938
152301276 1939
0 1940
79642543 1941
105692058 1942
1026172836 1943
0 1944
0 1945
0 1946
75710811 1947
0 1948
0 1949
0 1950
36595568 1951
0 1952
0 1953
0 1954
357438830 1955
0 1956
248332073 1957
0 1958
54534370 1959
0 1960
0 1961
0 1962
538291755 1963
0 1964
904822814 1965
0 1966
0 1967
0 1968
21748518 1969
0 1970
29765000 1971
0 1972
653171417 1973
0 1974
63835284 1975
0 1976
759520368 1977
0 1978
503297327 1979
0 1980
0 1981
0 1982
0 1983
0 1984
0 1985
0 1986
207893618 1987
0 1988
0 1989
0 1990
41826996 1991
0 1992
0 1993
26195539 1994
0 1995
0 1996
0 1997
0 1998
0 1999
0 2000
73875877 2001
0 2002
0 2003
0 2004
0 2005
0 2006
0 2007
0 2008
0 2009
0 2010
1553247 2011
0 2012
0 2013
0 2014
58390520 2015
0 2016
1464626324 2017
49423826 2018
482896406 2019
0 2020
0 2021
0 2022
109836361 2023
0 2024
0 2025
0 2026
0 2027
0 2028
8554272 2029
0 2030
301245169 2031
64826413 2032
463867402 2033
0 2034
30593267 2035
0 2036
0 2037
0 2038
0 2039
0 2040
1733431 2041
0 2042
136633165 2043
0 2044
0 2045
0 2046
54775126 2047
0 2048
0 2049
0 2050
67267510 2051
0 2052
0 2053
0 2054
45154589 2055
0 2056
124691207 2057
197414993 2073
21077166 2074
1111659504 2075
47188707 2076
14543090 2077
24701544 2078
75923508 2079
162304499 2080
59642512 2081
0 2082
5867136 2083
0 2084
115940976 2085
406096 2086
0 2087
63347037 2088
135686854 2089
3262049527 2104
1200854411 2105
4843214531 2106
2421002824 2107
2664489802 2108
528634420 2109
1200795007 2110
3718124263 2111
1561191846 2112
1360958470 2113
522630542 2114
93818907 2115
506029316 2116
1501091998 2117
119417751 2118
305769010 2119
3648750278 2120
167162714 2130
1358059107 2131
3806028028 2132
3210003279 2133
0 2134
2195846278 2135
0 2136
236291113 2137
156679170 2138
1387089609 2139
875860516 2140
238115812 2141
71073688 2142
995561218 2143
1715419888 2144
8107857 2145
0 2146
0 2147
0 2148
20521962 2149
45497855 2150
0 2151
23736550 2152
170120358 2153
6184304096 2163
11326303526 2164
1011028797 2165
7107128409 2166
2575274078 2167
918132273 2168
610888721 2169
2512602481 2170
2942838491 2171
64014350 2172
399075647 2173
742911397 2174
10216504778 2175
0 2176
451874404 2177
313375226 2178
0 2179
80513014 2180
589870912 2181
80852596 2182
62745601 2183
1669557013 2184
7359517448 2196
3181845590 2197
6832842287 2198
6621758484 2199
835542664 2200
880260427 2201
4455863395 2202
2366886659 2203
920736979 2204
0 2205
7521429890 2206
2937066614 2207
10755147822 2208
5673878286 2209
97175298 2210
94772091 2211
992117150 2212
389890986 2213
490379783 2214
268202443 2215
0 2216
130539953 2217
198737994 2218
291936783 2219
678177669 2220
6797740938 2221
402238947 2222
2539106959 2223
0 2224
725478648 2225
62485289 2226
1107892996 2227
40609805 2228
82792298 2229
68639054 2230
1253391844 2231
923157673 2242
5046790524 2243
138622825 2244
317269408 2245
1971985767 2246
2470307878 2247
98664777 2248
114588026 2249
2532739375 2250
1842914401 2251
3149486042 2252
3751485315 2253
217581171 2254
840257454 2255
2393175 2256
722798838 2257
110275450 2258
687432771 2259
42401736 2260
0 2261
123468183 2262
296244237 2263
443614498 2264
1155604535 2265
271112039 2266
3273928956 2267
0 2268
153128953 2269
44874196 2270
924823046 2271
0 2272
0 2273
200428344 2274
1078362724 2275
86218699 2288
77201958 2289
314815778 2290
601311442 2291
0 2292
0 2293
123958656 2294
0 2295
212889622 2296
45508941 2297
67115874 2298
929364528 2299
94 2300
743272122 2301
0 2302
109304186 2303
0 2304
374862068 2305
0 2306
77326088 2307
0 2308
0 2309
0 2310
0 2311
4048197 2312
30954346 2313
93941847 2314
205819856 2315
84390985 2316
323699514 2317
0 2318
13893478 2319
0 2320
104506454 2321
0 2322
260067621 2323
0 2324
0 2325
0 2326
0 2327
251469 2328
0 2329
19805777 2330
277575830 2331
154823967 2340
1762229692 2341
0 2342
330800754 2343
336486193 2344
10662129 2345
401909636 2346
3400506534 2347
4626288492 2348
3277382760 2349
79609124 2350
1156780963 2351
141627463 2352
481175865 2353
129241033 2354
595869832 2355
0 2356
0 2357
27184781 2358
164378545 2359
95651430 2360
22743 2361
148361210 2362
892388478 2363
230937527 2364
798295408 2365
98302125 2366
1430329724 2367
111853715 2368
125345281 2369
12410737 2370
1305904819 2371
14051929 2372
0 2373
10641488 2374
192858873 2375
0 2376
30495757 2377
93514087 2378
976503102 2379
0 2384
10875015 2385
59340241 2386
390214830 2387
447901040 2388
78904608 2389
0 2390
0 2391
0 2392
151802667 2393
0 2394
0 2395
0 2396
61945891 2397
0 2398
67618564 2399
0 2400
0 2401
0 2402
0 2403
0 2404
31241396 2405
0 2406
74595426 2407
0 2408
134591043 2409
0 2410
43751056 2411
397728074 2414
4037065054 2415
6335961706 2416
5460661545 2417
304456985 2418
1113236120 2419
910915728 2420
800770229 2421
0 2422
1220751438 2423
189346551 2424
709731531 2425
69863468 2426
2326971438 2427
403952030 2428
569931179 2429
0 2430
638429062 2431
0 2432
468142881 2433
129995953 2434
629801364 2435
0 2436
118773081 2437
1294959 2438
2260266388 2439
547357601 2442
4595692741 2443
5110084902 2444
5976037279 2445
612435845 2446
3301484623 2447
105920447 2448
779237896 2449
125846552 2450
2831817042 2451
362065663 2452
5369222792 2453
240221728 2454
896667851 2455
80811813 2456
235547308 2457
109117294 2458
1065136690 2459
0 2460
160349585 2461
33433530 2462
1305217550 2463
0 2464
1630789456 2465
0 2466
361759711 2467
90905033 2468
1144058773 2469
0 2470
67872619 2471
4510422 2472
385098949 2473
0 2474
109286582 2475
0 2476
168356361 2477
0 2478
0 2479
39237903 2480
273226841 2481
0 2482
0 2483
0 2484
255202772 2485
22 2486
1283085448 2487
0 2488
477391595 2489
0 2490
26357085 2491
0 2492
2444873 2493
0 2494
433096311 2495
0 2496
928274385 2497
0 2498
71929843 2499
17114625 2500
31133761 2501
0 2502
8466613 2503
0 2504
7266105 2505
0 2506
0 2507
54097896 2508
0 2509
0 2510
0 2511
0 2512
309207441 2513
0 2514
860754775 2515
3 2516
85910281 2517
131644996 2518
17858040 2519
0 2520
372793386 2521
0 2522
161811213 2523
0 2524
29941640 2525
0 2526
0 2527
0 2528
19738006 2529
0 2530
0 2531
0 2532
69412007 2533
0 2534
0 2535
0 2536
246068603 2537
0 2538
57070993 2539
7917850 2540
366983787 2541
0 2542
0 2543
0 2544
0 2545
0 2546
0 2547
0 2548
0 2549
0 2550
14416710 2551
0 2552
596401 2553
0 2554
910573891 2555
38330232 2556
107115207 2557
0 2558
0 2559
0 2560
0 2561
0 2562
23067431 2563
0 2564
88560120 2565
0 2566
400822430 2567
0 2568
512186110 2569
39254177 2570
665962623 2571
0 2572
32252218 2573
0 2574
432492172 2575
0 2576
1498549 2577
0 2578
114229612 2579
0 2580
244238462 2581
0 2582
0 2583
0 2584
217446381 2585
0 2586
0 2587
0 2588
162871939 2589
0 2590
147558 2591
0 2592
101609493 2593
0 2594
16937452 2595
0 2596
0 2597
0 2598
8768178 2599
0 2600
30480500 2601
0 2602
23034769 2603
0 2604
22960673 2605
0 2606
0 2607
0 2608
77982503 2609
0 2610
7796068 2611
0 2612
5909968 2613
0 2614
170097465 2615
95259714 2621
128911199 2622
781047170 2623
167897544 2624
408772764 2626
0 2627
7942605206 2637
9233562467 2638
7763724437 2639
5697188436 2640
1869212995 2641
2291543890 2642
55970968 2646
1166953994 2647
6702553004 2648
168898880 2649
842637435 2650
3166457689 2651
2196870989 2659
828535859 2660
162264777 2661
1166212381 2662
0 2663
1466468 2664
0 2665
323940830 2666
0 2667
0 2668
0 2669
0 2670
318115631 2671
169775096 2672
9165172 2673
276998058 2674
72400464 2675
157780592 2676
190500216 2677
461347296 2678
0 2679
46321337 2680
0 2681
258283205 2682
0 2683
57600577 2684
0 2685
72595393 2686
17371560 2687
141553305 2688
0 2689
0 2690
7463254683 2699
2551497125 2700
4389429711 2701
9381372643 2702
1174417084 2703
1119476897 2704
181935412 2705
3889977593 2706
872913679 2707
227167785 2708
292436 2709
804435018 2710
633479823 2711
615602827 2712
96163616 2713
1503736659 2714
0 2715
983781728 2716
1224336696 2717
9016463964 2718
0 2719
331640891 2720
71440743 2721
2359045303 2722
0 2723
18374683 2724
0 2725
245406708 2726
119400208 2727
189240273 2728
42035760 2729
1333808837 2730
721671321 2735
916331827 2736
406639131 2737
86273829 2738
288299007 2739
183821728 2740
37077397 2741
0 2742
0 2743
64803968 2744
17430014 2745
32989194 2746
0 2747
43284480 2748
460496241 2749
0 2750
0 2751
0 2752
6088004 2753
276906904 2754
0 2755
7152159 2756
0 2757
42687201 2758
3164434269 2761
1652225838 2762
1071194476 2763
4242283490 2764
693154765 2765
285483080 2766
0 2767
642556860 2768
0 2769
492706603 2770
5715775 2771
684085420 2772
244346981 2773
537267457 2774
714049995 2775
1966600282 2776
0 2777
42971921 2778
0 2779
371871090 2780
0 2781
511503 2782
0 2783
882450812 2784
14811642 2788
276619211 2789
157810334 2790
69155935 2791
0 2792
0 2793
0 2797
130684279 2798
533774808 2799
1962278 2800
116682685 2801
447401289 2802
54222957 2804
56804789 2805
947640479 2806
11709941 2807
147564091 2808
267685021 2809
64931697 2813
134410945 2814
1500007213 2815
10376934 2816
0 2817
512602690 2818
1486807970 2819
27734262 2820
1758371757 2821
0 2822
328086745 2823
237508909 2824
113043975 2825
81985243 2826
1723641482 2827
0 2828
462189866 2829
0 2830
68830325 2831
0 2832
412815297 2833
0 2834
114319 2835
0 2836
0 2837
0 2838
69779464 2839
0 2840
303324221 2841
0 2842
276662946 2843
422660107 2844
1196351195 2845
0 2846
495080976 2847
14850195 2848
255568785 2849
0 2850
0 2851
0 2852
944250 2853
0 2854
24057168 2855
0 2856
25790960 2857
94269018 2858
2476379083 2859
579 2860
104539430 2861
72829169 2862
1049394229 2863
655815 2864
1502229277 2865
0 2866
524387902 2867
23749445 2868
0 2869
0 2870
0 2871
0 2872
108302066 2873
0 2874
190695709 2875
3 2876
2865410471 2877
0 2878
226558280 2879
1106247 2880
1195354086 2881
0 2882
0 2883
113937531 2884
67480868 2885
0 2886
0 2887
0 2888
260919774 2889
0 2890
1708404638 2891
0 2892
633066738 2893
0 2894
92013617 2895
0 2896
17009140 2897
247177158 2898
1965720 2899
398517519 2900
569515018 2901
0 2902
74591029 2903
0 2904
343173092 2905
0 2906
7660883 2907
0 2908
120140182 2909
0 2910
500504754 2911
0 2912
37817073 2913
0 2914
262731103 2915
179083506 2916
1150259083 2917
0 2918
9014174 2919
0 2920
248527382 2921
0 2922
55848816 2923
0 2924
184895870 2925
0 2930
2962578 2931
0 2932
407686633 2933
38165817 2934
0 2935
17801497 2936
72575487 2937
3331965 2940
633149374 2941
120971241 2942
2610365235 2943
0 2944
41340015 2945
0 2946
2663605097 2947
0 2948
0 2949
0 2950
28593600 2951
0 2952
0 2953
0 2954
31386687 2955
0 2956
0 2957
0 2958
0 2959
0 2960
188749005 2961
0 2962
11418670 2963
0 2964
0 2965
0 2966
266439462 2967
0 2968
0 2969
0 2970
0 2971
0 2972
11685812 2973
0 2981
0 2982
0 2983
0 2984
0 2985
0 2986
35831116 2987
42182109 2988
0 2989
0 2990
0 2991
0 2992
0 2993
0 2994
0 2995
0 2996
0 2997
0 2998
0 2999
0 3000
0 3008
305766639 3009
2643195451 3010
5126118 3011
0 3012
186020817 3013
24776126 3014
262656023 3015
808879254 3016
0 3017
152345100 3018
1393885911 3019
130483077 3020
12278845 3021
1198297461 3022
0 3023
0 3024
17774368 3025
0 3026
39687733 3027
222613292 3028
0 3032
0 3033
0 3034
0 3035
0 3036
0 3037
0 3038
0 3039
0 3040
0 3041
0 3042
0 3043
0 3044
0 3045
0 3046
0 3047
0 3048
98918001 3052
0 3053
109177219 3054
57079535 3055
0 3056
0 3057
32291830 3058
0 3059
0 3060
126405856 3061
0 3062
0 3063
0 3064
48782727 3065
0 3066
0 3067
103399894 3068
0 3073
0 3074
53808267 3075
0 3076
0 3077
0 3078
0 3079
15156653 3080
0 3081
0 3082
0 3083
32480778 3084
0 3085
0 3086
0 3087
0 3088
0 3089
0 3090
0 3091
0 3092
0 3093
0 3094
0 3095
0 3096
0 3097
0 3098
0 3099
21852673 3100
99253866 3103
90273116 3104
105736061 3105
1036078370 3106
48307520 3107
2381956 3108
3862306 3109
582314282 3110
0 3111
138810572 3112
0 3113
736615906 3114
54390625 3115
69931999 3116
0 3117
597745373 3118
0 3119
0 3120
35065758 3121
350065694 3122
0 3123
0 3124
0 3125
41831306 3126
0 3127
0 3128
5139141 3129
426340702 3130
0 3131
0 3132
0 3133
0 3134
0 3135
0 3136
0 3137
0 3138
0 3139
0 3140
0 3141
51638428 3142
0 3143
0 3144
73202183 3145
0 3146
0 3147
0 3148
0 3149
0 3150
0 3151
109088871 3152
0 3153
0 3154
23314180 3155
0 3156
0 3157
0 3158
55840670 3159
0 3160
50771559 3161
0 3162
0 3163
652212857 3164
0 3165
0 3166
0 3167
0 3168
0 3169
18677085 3170
0 3171
0 3172
0 3173
0 3174
0 3175
0 3176
0 3177
0 3178
0 3179
668676 3180
0 3181
75542902 3182
18915954 3183
0 3184
0 3185
0 3186
0 3187
0 3188
37234151 3189
0 3190
0 3191
0 3192
52233562 3193
0 3194
0 3195
66316138 3196
0 3197
29144009 3198
0 3199
231984459 3200
0 3201
0 3202
0 3203
51963696 3204
0 3205
23448499 3206
0 3207
34321601 3208
0 3209
0 3210
1268569 3211
39828870 3212
0 3213
0 3214
0 3215
0 3216
0 3217
0 3218
0 3219
152510254 3220
0 3221
532758343 3222
0 3223
76326915 3224
0 3225
0 3226
94221111 3227
158409768 3228
0 3229
0 3230
0 3231
272754933 3232
0 3233
0 3234
0 3235
11879902 3236
0 3237
0 3238
0 3239
129395696 3240
0 3241
0 3242
0 3243
0 3244
0 3245
0 3246
0 3247
53678197 3248
0 3249
0 3250
0 3251
0 3252
0 3253
0 3254
0 3255
0 3256
0 3257
1075344616 3258
0 3259
0 3260
0 3261
572959654 3262
0 3263
0 3264
0 3265
102378206 3266
0 3267
0 3268
0 3269
354123337 3270
0 3271
0 3272
0 3273
34593659 3274
0 3275
0 3276
0 3277
5603709 3278
0 3279
0 3280
0 3281
0 3282
0 3283
304208540 3284
0 3285
39970359 3286
0 3287
50339782 3288
0 3289
0 3290
9744802 3291
237716574 3292
0 3293
0 3294
0 3295
0 3296
0 3297
0 3298
0 3299
41480977 3300
0 3301
3442043 3302
0 3303
0 3304
0 3305
70688746 3306
0 3307
0 3308
0 3309
894656 3310
0 3311
183514169 3312
0 3316
0 3317
51236062 3318
0 3319
0 3320
0 3321
0 3322
7137935 3323
0 3324
0 3325
0 3326
19877176 3327
0 3329
184509204 3330
905137791 3331
0 3332
104071046 3333
180225424 3334
0 3335
0 3336
202190955 3337
0 3338
18979827 3339
499524993 3340
0 3341
0 3342
0 3343
0 3344
0 3345
0 3346
0 3347
0 3348
0 3349
0 3350
0 3351
0 3352
124705439 3353
0 3354
0 3355
8040783 3356
0 3357
0 3358
70796139 3359
0 3360
0 3361
168132830 3362
0 3363
39517080 3364
0 3365
338471710 3366
0 3367
0 3368
0 3369
176538623 3370
0 3371
0 3372
0 3373
0 3374
0 3375
441196332 3376
0 3377
0 3378
6409172 3379
305612895 3380
0 3381
0 3382
0 3383
71037790 3384
0 3385
0 3386
0 3387
13633968 3388
0 3389
0 3390
0 3391
0 3392
0 3393
0 3394
0 3395
0 3396
0 3397
115070240 3398
0 3399
9225226 3400
0 3401
0 3402
0 3403
62753089 3404
0 3405
0 3406
0 3407
25598760 3408
0 3409
92876454 3410
0 3414
0 3415
0 3416
0 3417
0 3418
0 3419
0 3421
0 3422
715256427 3423
0 3424
0 3425
679495044 3426
0 3427
0 3428
0 3429
0 3430
0 3431
0 3432
0 3433
0 3434
0 3435
0 3436
0 3437
0 3438
0 3439
215507632 3440
0 3441
25758201 3442
0 3443
0 3444
46679161 3445
152290718 3446
0 3447
0 3448
0 3449
0 3450
0 3451
31433830 3452
0 3453
0 3454
0 3455
0 3456
0 3457
0 3458
0 3459
0 3460
0 3461
86552761 3462
0 3463
0 3464
0 3465
0 3466
0 3467
333344 3468
0 3469
0 3470
0 3471
0 3472
0 3473
71963 3474
0 3475
0 3476
0 3477
0 3478
0 3479
48774374 3480
0 3481
0 3482
0 3483
185470 3484
27061026 3494
224313610 3495
0 3496
0 3497
0 3498
50205023 3499
1160173 3500
103974715 3501
213161220 3502
0 3503
321101090 3504
160246559 3516
167693180 3517
395176174 3518
0 3519
380304074 3520
51687345 3521
0 3522
0 3523
144003106 3524
93519564 3525
281433743 3526
301937699 3527
30095478 3528
121964620 3529
25477032 3530
443331748 3531
0 3532
0 3533
0 3534
0 3535
0 3536
223223689 3537
130264474 3538
0 3539
0 3540
74141332 3541
0 3542
0 3543
0 3544
0 3545
0 3546
9546154 3547
10352776 3556
186779274 3557
0 3558
0 3559
0 3560
0 3561
1742904 3562
254387128 3563
3006588 3564
105366820 3565
0 3566
0 3567
0 3568
0 3569
0 3570
145179725 3571
0 3572
0 3573
37760454 3574
70718009 3575
0 3576
0 3577
0 3578
0 3579
0 3580
0 3581
0 3582
145569905 3583
0 3584
0 3585
0 3586
0 3587
0 3590
580775127 3591
216894744 3592
79995502 3593
46747345 3594
0 3595
0 3596
0 3597
0 3598
56188604 3599
0 3600
108913997 3601
0 3602
139372218 3603
0 3606
188662257 3607
0 3608
0 3609
0 3610
131630566 3611
20295121 3612
48825950 3613
0 3614
12042516 3615
66855988 3616
0 3617
0 3618
0 3619
0 3620
0 3621
0 3622
0 3623
43469366 3624
0 3625
65630287 3626
0 3627
0 3628
0 3629
0 3630
0 3631
0 3632
0 3633
0 3634
0 3635
0 3636
0 3637
0 3638
0 3639
0 3640
0 3641
0 3642
0 3643
0 3644
0 3645
0 3646
0 3647
0 3648
0 3649
99 3650
0 3651
0 3652
0 3653
0 3654
0 3655
0 3656
0 3657
0 3658
0 3659
0 3660
0 3661
0 3662
0 3663
0 3664
0 3665
16605992 3666
0 3667
4620304 3668
0 3669
49943039 3670
1655201860 3681
1544072313 3682
355467275 3683
2865706486 3684
1965497810 3685
1476360541 3686
1721790308 3687
17328035 3688
201390634 3689
961966238 3690
4022558213 3691
5809195959 3705
1949352295 3706
5162351211 3707
3415499686 3708
6549454614 3709
1435228332 3710
1885374667 3711
144764874 3712
3492471538 3713
165083559 3714
4446260169 3715
240409881 3716
382651748 3717
188588072 3718
582562318 3719
398290081 3720
6880877497 3721
2529181141 3722
3851824584 3723
4391198117 3724
1186241 3725
353046532 3726
0 3727
60448591 3728
925115655 3729
3445081371 3730
129452528 3731
910920669 3732
179724147 3733
948095556 3734
0 3735
0 3736
26364834 3737
13213224 3738
173553972 3739
0 3740
0 3741
91507265 3742
132201721 3743
47508257 3744
486509902 3745
861187001 3746
626821995 3763
1982988740 3764
98825961 3765
114349752 3766
1836773061 3767
3077341537 3768
167785466 3769
173760422 3770
378355519 3771
44724966 3772
1905261347 3773
633416257 3774
0 3775
530976293 3776
575345770 3777
633681897 3778
0 3779
120167861 3780
2959338031 3781
4001790806 3782
5067459361 3783
2679316033 3784
183367426 3785
844280384 3786
0 3787
0 3788
21039 3789
111388850 3790
227516763 3791
831225392 3792
213029737 3793
1255780983 3794
0 3795
345941 3796
308903525 3797
1393615282 3798
0 3799
22655650 3800
24209654 3801
119337997 3802
163012220 3803
0 3804
61416630 3805
199705670 3806
0 3807
175758599 3808
1431347 3809
279850839 3810
0 3811
72646234 3812
124226633 3813
936955313 3814
1070455603 3824
3996310211 3825
194495766 3826
361669900 3827
124712583 3828
58231145 3829
853364699 3830
549265130 3831
1277362284 3832
9046205442 3833
3294244891 3834
4151190142 3835
763656950 3836
987311270 3837
102407649 3838
279208311 3839
0 3840
772433478 3841
58531579 3842
894797162 3843
28805509 3844
2529074514 3845
16369570 3846
24060156 3847
22626182 3848
118263346 3849
0 3850
569341102 3851
0 3852
0 3853
25913580 3854
75744009 3855
124000328 3856
2594978586 3857
0 3863
0 3864
122827429 3865
0 3866
146007504 3867
105709784 3868
464056673 3869
0 3870
0 3871
82721452 3872
0 3873
0 3874
0 3875
48344232 3876
0 3877
0 3878
0 3879
0 3880
0 3881
110558842 3882
0 3883
0 3884
15620687 3885
98141498 3886
0 3893
20040197 3894
0 3895
0 3896
771201414 3897
1295989478 3898
895247349 3899
99831308 3900
0 3901
19495239 3902
0 3903
56602397 3904
6342639 3905
81669566 3906
0 3907
80172097 3908
68930687 3909
45242344 3910
0 3911
90142842 3912
23544102 3913
204414897 3914
0 3915
58649718 3916
0 3917
429297 3918
19421339 3919
0 3920
0 3921
558185658 3922
119846852 3925
5195915427 3926
5711796388 3927
2374958134 3928
910867435 3929
986520495 3930
0 3931
247866065 3932
840682735 3933
913621021 3934
67510172 3935
499120854 3936
97355220 3937
1522608151 3938
64633712 3939
159436723 3940
29781902 3941
272418468 3942
25995889 3943
3549403689 3944
1725355921 3946
507269110 3947
92604539 3948
2624777991 3949
63949908 3950
654630701 3951
11665392 3952
928981032 3953
0 3954
42915314 3955
0 3956
319662624 3957
182477164 3958
465535546 3959
0 3960
19933257 3961
0 3962
73504863 3963
0 3964
150173912 3965
0 3966
0 3967
0 3968
228855654 3969
0 3970
0 3971
0 3972
4776280 3973
0 3974
0 3975
19738411 3976
125843333 3977
0 3978
0 3979
13913166 3980
0 3981
62578032 3982
0 3983
164757255 3984
0 3985
0 3986
0 3987
0 3988
0 3989
88537672 3990
0 3991
1208322531 3992
0 3993
91912205 3994
0 3995
47789951 3996
0 3997
0 3998
0 3999
0 4000
0 4001
0 4002
0 4003
0 4004
30225483 4005
119328218 4006
33411299 4007
208013080 4008
0 4009
320678527 4010
0 4011
38143295 4012
22948203 4013
104823188 4014
0 4015
0 4016
0 4017
0 4018
0 4019
0 4020
0 4021
55038467 4022
0 4023
11047127 4024
0 4025
17331712 4026
0 4027
240823412 4028
0 4029
243539467 4030
0 4031
162413 4032
0 4033
0 4034
0 4035
0 4036
8307810 4037
233272930 4038
0 4039
0 4040
0 4041
50043159 4042
0 4043
56154818 4044
0 4045
0 4046
0 4047
13611323 4048
0 4049
171374114 4050
0 4051
137404636 4052
0 4054
0 4055
0 4056
700205963 4057
0 4058
0 4059
0 4060
0 4061
0 4062
617034874 4067
43149172 4068
66531935 4069
463584010 4070
1027448785 4071
291103586 4072
35441131 4073
138471241 4074
0 4075
4834868 4076
0 4077
19212303 4078
94376780 4079
13837683 4080
302660772 4081
0 4082
168814162 4083
0 4084
0 4085
0 4086
21429 4087
0 4088
128136679 4089
41691350 4090
0 4091
0 4092
101781704 4093
11336844 4094
0 4095
0 4096
0 4097
0 4098
0 4099
0 4100
286169063 4107
0 4108
21220999 4109
91943081 4110
0 4111
89294803 4112
0 4113
0 4114
0 4115
15307840 4116
48623190 4117
450808835 4118
114708626 4119
279672965 4120
1725577 4121
37047504 4122
0 4123
0 4124
4403 4125
69136282 4126
0 4127
7875129 4128
0 4129
0 4130
0 4131
9236842 4132
0 4133
217653034 4134
0 4135
0 4136
0 4137
170049155 4138
0 4139
107492211 4140
0 4142
0 4143
0 4144
0 4145
0 4146
0 4147
0 4148
0 4149
124278780 4150
0 4151
0 4152
0 4153
0 4154
0 4155
6575476 4156
0 4157
0 4158
0 4159
451 4165
28818706 4166
91596688 4167
292210556 4168
346108341 4169
75504956 4170
109979124 4171
53543221 4172
543110914 4173
61353641 4174
0 4175
237037545 4176
104520946 4177
81804517 4178
84688371 4179
16317359 4180
0 4181
20584616 4182
0 4183
13661710 4184
487102299 4185
207244786 4186
0 4187
97208564 4188
533027478 4189
0 4190
76283845 4191
368625509 4192
0 4193
164961670 4194
73154404 4195
618785 4196
0 4197
0 4198
47059912 4199
407581592 4200
0 4201
0 4202
316520 4203
151465327 4204
0 4205
0 4206
0 4207
48234958 4208
31571003 4209
0 4210
0 4211
0 4212
0 4213
0 4214
0 4215
82215208 4216
0 4217
4273159 4218
0 4219
235009685 4220
544995283 4223
642714308 4224
773940802 4225
699202947 4226
115804171 4227
241287910 4228
779278340 4229
412356707 4230
0 4231
30287310 4232
253471019 4233
780443550 4234
18154810 4235
240429687 4236
314006600 4237
0 4238
0 4239
112703424 4240
136039260 4241
1037412941 4242
0 4243
515721842 4244
0 4245
0 4246
0 4247
99602578 4248
0 4249
90453703 4250
0 4251
11972471 4252
0 4253
297218997 4254
0 4255
351207159 4256
0 4257
0 4258
0 4259
0 4260
0 4261
0 4262
0 4263
0 4264
179096784 4265
63151348 4266
0 4267
346254686 4268
1021900605 4269
0 4270
43575514 4271
809245889 4272
0 4273
0 4274
0 4275
0 4276
0 4277
0 4278
0 4279
0 4280
128371483 4281
0 4282
7022539 4283
46419488 4284
145768352 4285
46557931 4286
0 4287
26360317 4288
0 4289
33893643 4290
256879858 4291
183185487 4292
75827692 4293
834042573 4294
716952 4295
0 4296
0 4297
0 4298
0 4299
0 4300
0 4301
0 4302
0 4303
62797310 4304
0 4305
210149213 4306
0 4307
0 4308
58627994 4309
0 4310
0 4311
0 4312
4609444 4313
0 4314
18458099 4315
0 4316
0 4317
0 4318
4787932 4319
0 4320
0 4321
0 4322
0 4323
0 4324
67841874 4325
0 4326
6996381 4327
0 4328
0 4329
0 4330
0 4331
0 4332
0 4333
0 4334
0 4335
0 4336
0 4337
0 4338
0 4339
0 4340
0 4341
0 4342
0 4343
1803396 4344
0 4345
191061019 4346
0 4347
12379318 4348
52327865 4349
1704263749 4350
205421825 4351
642586299 4352
0 4353
10161050 4354
0 4355
152858710 4356
0 4357
0 4358
20438722 4359
25224400 4360
0 4361
0 4362
67120927 4363
13238395 4364
0 4365
0 4366
0 4367
0 4368
211893 4369
286086699 4370
0 4371
328834676 4372
0 4373
0 4374
0 4375
0 4376
0 4377
72422272 4378
160658253 4379
231886592 4380
0 4381
0 4382
0 4383
0 4384
0 4385
2 4386
12486837 4387
139465400 4388
0 4389
30494064 4390
0 4391
0 4392
0 4393
107604626 4394
0 4395
0 4396
0 4397
0 4398
0 4399
0 4400
0 4401
0 4402
0 4403
20295224 4404
0 4405
59504918 4406
0 4407
0 4408
0 4409
0 4410
0 4411
0 4412
16480179 4413
32333829 4414
43128471 4415
0 4416
64522994 4417
1426393 4418
401993681 4419
0 4420
33477782 4421
0 4422
0 4423
46320123 4424
0 4425
35711429 4426
0 4427
117382402 4428
0 4429
0 4430
0 4431
0 4432
0 4433
0 4434
0 4435
0 4436
0 4437
0 4438
0 4439
1905237 4440
0 4441
0 4442
40469332 4443
144917769 4444
0 4445
230836323 4446
0 4447
102438205 4448
0 4449
132061813 4450
0 4451
14591479 4452
0 4453
0 4454
0 4455
136071130 4456
0 4457
0 4458
0 4459
16083035 4460
0 4461
0 4462
0 4463
13476559 4464
0 4465
0 4466
0 4467
175604 4468
0 4469
30249074 4470
0 4471
20083740 4472
187396396 4473
4180541583 4474
0 4475
580848528 4476
0 4477
94847210 4478
40454951 4479
250707720 4480
0 4481
0 4482
0 4483
0 4484
0 4485
34884610 4486
0 4487
0 4488
16547490 4489
0 4490
0 4491
57098214 4492
0 4493
457528018 4494
0 4495
356606215 4496
0 4497
555320148 4498
0 4499
28063724 4500
0 4501
0 4502
0 4503
0 4504
0 4505
0 4506
0 4507
24119587 4508
0 4509
0 4510
0 4511
44907 4512
0 4513
32953168 4514
0 4515
183678072 4516
0 4517
99899083 4518
0 4519
44979898 4520
0 4521
0 4522
0 4523
0 4524
0 4525
0 4526
0 4527
0 4528
0 4529
149715469 4530
0 4531
0 4532
0 4533
10579512 4534
0 4535
0 4536
0 4537
42861099 4538
0 4539
10190039 4540
0 4541
1720082 4542
0 4543
4926934 4544
0 4545
0 4546
0 4547
0 4548
0 4549
5777406 4550
0 4551
0 4552
0 4553
22167125 4554
0 4555
0 4556
11478082 4557
42206128 4558
0 4559
7514499 4560
0 4561
92126766 4562
0 4563
64927945 4564
88631859 4569
215214383 4570
0 4571
0 4572
0 4573
202680593 4574
110979026 4575
385890694 4576
0 4577
0 4578
12777695 4579
30595570 4580
0 4586
0 4587
0 4588
0 4589
0 4590
0 4591
0 4592
0 4593
0 4594
0 4595
0 4596
0 4597
0 4598
11367304 4599
0 4600
0 4601
0 4602
0 4603
0 4604
0 4605
0 4606
0 4607
0 4608
0 4609
0 4610
0 4611
404022312 4618
355246628 4619
230915025 4620
0 4621
0 4622
80297552 4623
0 4624
0 4625
0 4626
12854183 4627
22889926 4628
25054440 4629
0 4630
293286330 4631
0 4632
102671374 4633
0 4634
3 4635
0 4636
35858456 4637
0 4638
45670305 4639
0 4640
0 4641
0 4642
173984131 4643
0 4644
0 4645
0 4646
0 4647
0 4648
0 4649
0 4650
0 4651
9223483 4652
5776267 4653
0 4654
21403895 4655
0 4656
0 4657
0 4658
325873326 4659
275007783 4662
2262884891 4663
1106036615 4664
674600851 4665
188989786 4666
719959458 4667
132830451 4668
224057220 4669
25021630 4670
54042514 4671
17724153 4672
633297458 4673
159364691 4674
2714228780 4675
0 4676
31773159 4677
0 4678
193890481 4679
9812829 4680
161312235 4681
0 4682
0 4683
0 4684
141996398 4685
0 4686
1082707798 4687
0 4688
0 4689
32184038 4690
112194861 4691
0 4692
0 4693
0 4694
98774279 4695
0 4696
0 4697
0 4698
0 4699
0 4700
0 4701
0 4702
0 4703
52784211 4704
223724793 4705
0 4706
0 4707
0 4708
0 4709
0 4710
97297584 4711
36626422 4712
0 4713
0 4714
0 4715
6809446 4716
0 4717
68899881 4718
96186934 4719
46275010 4720
0 4721
0 4722
0 4723
0 4724
0 4725
196945670 4726
0 4727
86275310 4728
0 4729
17542349 4730
0 4731
57456216 4732
0 4733
1864773 4734
0 4735
0 4736
0 4737
16982528 4738
0 4739
0 4740
0 4741
188251575 4742
0 4743
0 4744
0 4745
0 4746
0 4747
0 4748
0 4749
0 4750
0 4751
0 4752
0 4753
45094898 4754
0 4755
0 4756
5358766 4757
0 4758
0 4759
6964755 4760
3270740 4761
53363719 4762
57341936 4763
35348093 4764
0 4765
0 4766
0 4767
0 4768
0 4769
0 4770
0 4771
0 4772
0 4773
29179259 4774
0 4775
0 4776
0 4777
0 4778
0 4779
0 4780
0 4781
0 4782
0 4783
0 4784
0 4785
0 4786
0 4787
309626743 4788
0 4789
562053252 4790
56905928 4791
17486882 4792
0 4793
521337318 4794
0 4795
0 4796
0 4797
0 4798
0 4799
0 4800
0 4801
0 4802
0 4803
0 4804
0 4805
0 4806
0 4807
35159884 4808
0 4809
94497862 4810
74468709 4811
1713455642 4812
0 4813
251782494 4814
0 4815
27188371 4816
0 4817
0 4818
0 4819
0 4820
0 4821
118176115 4822
0 4823
0 4824
10460625 4825
38475114 4826
0 4827
15806007 4828
0 4829
605371224 4830
0 4831
0 4832
0 4833
20607368 4834
0 4835
0 4836
0 4837
0 4838
0 4839
0 4840
0 4841
54858115 4842
0 4843
164631718 4844
0 4845
0 4846
0 4847
0 4848
0 4849
0 4850
0 4851
0 4852
0 4853
0 4854
0 4855
0 4856
0 4857
13975726 4858
0 4859
0 4860
0 4861
0 4862
0 4863
32176893 4864
0 4865
0 4866
0 4867
0 4868
0 4869
0 4870
0 4871
0 4872
0 4873
0 4874
0 4875
29153624 4876
0 4877
86198245 4878
0 4880
0 4881
0 4882
0 4883
0 4884
0 4885
0 4886
0 4887
0 4888
0 4889
0 4894
35358030 4895
136562790 4896
0 4897
0 4898
82033988 4899
35942375 4900
0 4901
3183428 4902
0 4903
0 4904
0 4905
0 4906
0 4907
45925499 4908
0 4909
0 4910
0 4911
0 4912
27621670 4913
40396810 4914
0 4915
0 4916
110862669 4917
0 4922
0 4923
0 4924
0 4925
0 4926
40415838 4927
2104063 4928
18048437 4929
52834867 4930
0 4931
27992585 4932
0 4933
0 4934
0 4935
0 4936
14877814 4937
0 4938
0 4939
0 4940
0 4941
0 4942
0 4943
0 4944
0 4945
0 4946
0 4947
0 4948
0 4949
0 4950
0 4951
0 4952
5619472 4953
357498 4956
0 4957
0 4958
124447077 4959
0 4960
31280967 4961
47339884 4962
281868918 4963
162137136 4964
571041 4965
0 4966
168740892 4967
15229287 4968
0 4969
0 4970
20 4971
0 4972
0 4973
0 4974
92373749 4975
0 4976
38072653 4977
0 4978
36625894 4979
0 4980
0 4981
0 4982
49730278 4983
0 4984
4531536 4985
0 4986
196941739 4987
23321570 4988
0 4989
0 4990
0 4991
0 4992
0 4993
0 4994
0 4995
0 4996
0 4997
0 4998
0 4999
0 5000
0 5001
0 5002
0 5003
0 5004
0 5005
0 5006
0 5007
0 5008
0 5009
0 5010
0 5011
0 5012
0 5013
0 5014
0 5015
0 5016
0 5017
0 5018
0 5019
0 5020
0 5021
0 5022
0 5023
31237774 5024
0 5025
0 5026
0 5027
0 5028
0 5029
0 5030
0 5031
0 5032
0 5033
0 5034
0 5035
58535536 5036
0 5037
19069721 5038
0 5039
0 5040
0 5041
0 5042
0 5043
0 5044
0 5045
0 5046
0 5047
64263568 5048
0 5049
199952637 5050
0 5051
0 5052
0 5053
0 5054
0 5055
0 5056
0 5057
0 5058
0 5059
0 5060
0 5061
17492737 5062
0 5063
0 5064
0 5065
0 5066
0 5067
0 5068
0 5069
175241135 5070
0 5071
0 5072
0 5073
242482783 5074
0 5075
3281296 5076
0 5077
0 5078
0 5079
0 5080
0 5081
0 5082
0 5083
0 5084
0 5085
0 5086
0 5087
0 5088
0 5089
61324 5090
0 5091
66941304 5092
0 5093
0 5094
0 5095
81131258 5096
0 5097
0 5098
0 5099
0 5100
0 5101
0 5102
0 5103
97167718 5104
0 5105
0 5106
0 5107
0 5108
0 5109
0 5110
0 5111
0 5112
0 5113
0 5114
0 5115
0 5116
0 5117
0 5118
0 5119
0 5120
0 5121
0 5122
0 5123
0 5124
0 5125
0 5126
0 5127
0 5128
0 5129
0 5130
0 5131
0 5132
0 5133
16338489 5134
0 5135
0 5136
0 5137
0 5138
0 5139
0 5140
0 5141
0 5142
0 5143
0 5144
0 5145
0 5146
0 5147
0 5148
0 5149
0 5150
53423133 5151
0 5152
21635291 5153
0 5154
0 5155
0 5156
18475819 5157
0 5158
142364568 5159
0 5160
0 5161
0 5162
20530834 5163
0 5164
0 5165
0 5166
0 5167
0 5168
0 5169
0 5170
0 5171
0 5172
60390094 5173
0 5174
0 5175
0 5176
52952688 5177
0 5178
0 5179
0 5180
0 5181
0 5182
0 5183
0 5184
0 5185
0 5186
0 5187
0 5188
0 5189
0 5190
0 5191
0 5192
54818905 5193
0 5194
17113065 5195
0 5196
0 5197
0 5198
0 5199
0 5200
0 5201
0 5202
0 5203
0 5204
674618 5205
0 5206
0 5207
0 5208
0 5209
0 5210
0 5211
0 5212
0 5213
0 5214
0 5215
0 5216
0 5217
0 5218
12918520 5219
0 5220
0 5221
0 5222
0 5223
0 5224
14916361 5225
14331970 5229
0 5230
0 5231
0 5232
0 5233
0 5234
0 5235
0 5236
0 5237
0 5238
0 5239
0 5240
0 5241
0 5242
0 5243
0 5244
0 5245
0 5246
0 5247
0 5248
102496577 5249
95019884 5251
380007528 5252
1854385606 5253
984718175 5254
576878665 5255
188775673 5256
136021636 5257
156738528 5258
337162720 5259
17409082 5260
162949603 5261
205118094 5262
0 5263
25444392 5264
591558569 5265
0 5266
45993635 5267
48395869 5268
0 5269
57501882 5270
1447374322 5271
0 5272
0 5273
0 5274
0 5275
0 5276
0 5277
0 5278
0 5279
0 5280
0 5281
10207329 5282
0 5283
0 5284
0 5285
21501035 5286
0 5287
0 5288
12805985 5289
0 5290
145041807 5291
327575 5292
0 5293
37583444 5294
71683832 5295
0 5296
42369930 5297
49947179 5298
0 5299
0 5300
306396173 5301
0 5302
0 5303
14550583 5304
0 5305
0 5306
327433419 5307
44161695 5308
129827689 5309
1148099 5310
377753431 5311
0 5312
36533726 5313
0 5314
56929245 5315
0 5316
0 5317
78940537 5318
343840904 5319
18048661 5320
173287696 5321
0 5322
0 5323
0 5324
127679103 5325
0 5326
0 5327
34094182 5328
276274372 5329
0 5330
0 5331
249687551 5332
261682 5333
0 5334
0 5335
0 5336
0 5337
0 5338
0 5339
0 5340
15596632 5341
0 5342
93738565 5343
0 5344
0 5345
0 5346
0 5347
0 5348
0 5349
9731339 5350
143609273 5351
0 5352
65583503 5353
7018925 5354
0 5355
0 5356
0 5357
0 5358
263824 5359
0 5360
0 5361
0 5362
0 5363
0 5364
0 5365
42395157 5366
0 5367
0 5368
0 5369
0 5370
3175997 5371
0 5372
0 5373
0 5374
0 5375
0 5376
76547802 5377
0 5378
0 5379
59049060 5380
28471669 5381
0 5382
0 5383
0 5384
0 5385
0 5386
36070586 5387
0 5388
27001717 5389
0 5390
38718354 5391
0 5392
0 5393
211945 5394
203705111 5395
0 5396
0 5397
0 5398
31113910 5399
0 5400
0 5401
0 5402
0 5403
0 5404
0 5405
0 5406
0 5407
0 5408
0 5409
0 5410
20369 5411
3011838 5412
377509616 5413
26557251 5414
14994175 5415
0 5416
0 5417
0 5418
3662731 5419
0 5420
29095000 5421
0 5422
517501922 5423
0 5424
0 5425
0 5426
0 5427
0 5428
0 5429
0 5430
0 5431
0 5432
0 5433
0 5434
0 5435
0 5436
147673605 5437
0 5438
0 5439
0 5440
0 5441
7967783 5442
389346888 5443
0 5444
0 5445
0 5446
0 5447
0 5448
0 5449
0 5450
0 5451
0 5452
0 5453
0 5454
51445930 5455
0 5456
126661472 5457
0 5458
0 5459
0 5460
0 5461
0 5462
0 5463
0 5464
0 5465
0 5466
0 5467
0 5468
0 5469
0 5470
0 5471
0 5472
0 5473
0 5474
0 5475
76596420 5476
0 5477
0 5478
0 5479
0 5480
0 5481
0 5482
0 5483
0 5484
0 5485
0 5486
0 5487
0 5488
863250506 5489
0 5490
0 5491
327343206 5492
0 5493
0 5494
176766532 5495
4262634 5496
0 5497
21833297 5498
0 5499
0 5500
195213353 5501
0 5502
21798474 5503
41937986 5504
0 5505
0 5506
0 5507
0 5508
0 5509
0 5510
0 5511
0 5512
0 5513
0 5514
0 5515
0 5516
0 5517
0 5518
0 5519
0 5520
0 5521
0 5522
0 5523
0 5524
0 5525
121922709 5526
0 5527
0 5528
0 5529
0 5530
0 5531
0 5532
9916535 5533
0 5534
0 5535
0 5536
0 5537
0 5538
0 5539
19069492 5540
0 5541
162625104 5542
0 5543
0 5544
0 5545
0 5546
0 5547
0 5548
0 5549
0 5550
0 5551
0 5552
0 5553
0 5554
0 5555
0 5556
0 5557
0 5558
0 5559
0 5560
0 5561
0 5562
0 5563
0 5564
0 5565
23098086 5566
0 5567
0 5568
0 5569
0 5570
0 5571
0 5572
0 5573
0 5574
9667824 5575
0 5576
0 5577
0 5578
0 5579
0 5580
0 5581
0 5582
0 5583
0 5584
0 5585
206041 5586
0 5587
0 5588
0 5589
3278594 5590
0 5591
0 5592
0 5593
0 5594
0 5595
8990443 5596
0 5597
0 5598
55359543 5599
0 5600
0 5601
0 5602
0 5603
0 5604
0 5605
0 5606
0 5607
0 5608
323605024 5609
0 5610
0 5611
0 5612
0 5613
0 5614
0 5615
0 5616
0 5617
93676408 5618
0 5619
0 5620
0 5621
0 5622
0 5623
0 5624
0 5625
0 5626
50657 5627
0 5628
0 5629
12228684 5630
0 5631
0 5632
0 5633
0 5634
0 5635
0 5636
0 5637
0 5638
0 5639
0 5640
0 5641
0 5642
0 5643
9323886 5644
0 5645
0 5646
0 5647
0 5648
0 5649
96290120 5650
0 5651
0 5652
0 5653
0 5654
0 5655
0 5656
0 5657
0 5658
0 5659
24146 5660
0 5661
0 5662
0 5663
0 5664
0 5665
6705062 5666
0 5667
0 5668
0 5669
92981441 5670
0 5672
0 5673
0 5674
0 5679
9920783 5680
0 5681
0 5682
0 5683
0 5684
0 5685
0 5686
0 5687
0 5688
0 5689
0 5690
0 5693
0 5694
0 5695
8041644 5696
0 5697
87287 5698
0 5699
0 5700
0 5701
0 5702
0 5703
9505216 5704
0 5705
0 5706
0 5707
0 5708
0 5709
0 5710
0 5711
0 5712
0 5713
0 5714
0 5715
0 5716
0 5717
0 5718
0 5719
0 5720
0 5721
0 5722
0 5723
0 5724
0 5725
0 5726
0 5727
0 5728
0 5729
0 5730
0 5731
0 5732
0 5733
0 5734
0 5735
0 5736
0 5737
0 5738
0 5739
0 5740
0 5741
0 5742
0 5743
0 5744
0 5745
0 5746
0 5747
0 5748
0 5749
0 5750
0 5751
0 5752
0 5753
0 5754
0 5755
0 5756
0 5757
0 5758
0 5759
0 5760
57045666 5761
92538687 5763
86128819 5764
84308463 5765
404596069 5766
0 5767
0 5768
17849535 5769
474750769 5770
45062 5771
0 5772
0 5773
0 5774
33480724 5775
0 5776
0 5777
0 5778
0 5779
0 5780
0 5781
0 5782
1352845 5783
0 5784
37939427 5785
0 5786
578763 5787
0 5788
0 5789
0 5790
0 5791
0 5792
10955499 5793
0 5794
0 5795
0 5796
0 5797
0 5798
0 5799
3491531 5800
24286037 5801
186512815 5802
0 5803
30411606 5804
0 5805
0 5806
0 5807
0 5808
0 5809
123483711 5810
0 5811
0 5812
0 5813
0 5814
0 5815
0 5816
0 5817
0 5818
0 5819
0 5820
0 5821
18882041 5822
0 5823
77662456 5824
0 5825
0 5826
0 5827
0 5828
0 5829
0 5830
0 5831
0 5832
0 5833
0 5834
0 5835
0 5836
0 5837
0 5838
0 5839
0 5840
0 5841
0 5842
0 5843
0 5844
0 5845
0 5846
0 5847
0 5848
0 5849
22646192 5850
0 5851
0 5852
0 5853
0 5854
0 5855
0 5856
0 5857
0 5858
0 5859
0 5860
0 5861
0 5862
0 5863
0 5864
0 5865
0 5866
0 5867
13755479 5868
11153899 5869
0 5870
0 5871
0 5872
0 5873
0 5874
0 5875
0 5876
0 5877
0 5878
0 5879
0 5880
2960901 5881
0 5882
110375178 5883
0 5884
0 5885
0 5886
0 5887
0 5888
0 5889
0 5890
0 5891
0 5892
0 5893
0 5894
0 5895
0 5896
0 5897
0 5898
0 5899
0 5900
0 5901
24364137 5902
31099107 5903
0 5904
0 5905
0 5906
0 5907
0 5908
0 5909
0 5910
0 5911
0 5912
0 5913
241 5914
6054303967 5923
1264039030 5924
1509244832 5925
1502534557 5926
3150879844 5927
10745249137 5936
5707922848 5938
4510842512 5940
7520022549 5942
5360280946 5944
2158953204 5945
1675944498 5946
3346013968 5947
5329697356 5957
3123783001 5958
7205933925 5959
920574546 5960
5575895333 5961
1645330086 5962
2953042409 5963
291505403 5964
9052246249 5965
1999028517 5966
2589929133 5967
396230282 5968
17387445741 5969
4932873820 5970
5042623336 5971
10326186658 5972
1166014359 5973
3200091654 5974
749741744 5975
398864232 5976
239972624 5977
2015608360 5978
117190158 5979
158504124 5980
175120397 5981
744579700 5982
0 5983
64691815 5984
463553553 5985
2133771532 5986
59931125 5996
524862436 5997
1178463891 5998
297581076 5999
1619439815 6000
1352246345 6001
89216567 6002
12901166 6003
594089559 6004
376926469 6005
5734105488 6006
4711980381 6007
988154634 6008
1956324972 6009
309503277 6010
1087491426 6011
13029559 6012
580402310 6013
127011234 6014
169035126 6015
85218720 6016
207717920 6017
119280551 6018
692199929 6019
0 6020
0 6021
0 6022
111411255 6023
214456348 6024
1211116265 6025
139374283 6031
1306410277 6032
620124276 6033
273702772 6034
1655766837 6035
7090098044 6036
4073092773 6037
2462861782 6038
504669173 6039
740878701 6040
72353662 6041
856944418 6042
12189030 6043
705789392 6044
0 6045
9508422 6046
143213180 6047
35421563 6048
0 6049
200964405 6050
29078 6051
1875830940 6052
908925242 6055
7671439882 6056
3191218978 6057
2259813714 6058
872431350 6059
1092833827 6060
463387842 6061
1229998856 6062
45385395 6063
1092839729 6064
23078202 6065
2806017096 6066
165870279 6069
2686056143 6070
59946181 6071
1236340434 6072
187945833 6073
830416036 6074
249496099 6075
1066085431 6076
0 6077
618963158 6078
0 6079
168334802 6080
0 6081
388109948 6082
0 6083
98187081 6084
0 6085
91872389 6086
0 6087
40979709 6088
0 6089
415805899 6090
0 6091
37039386 6092
0 6093
38052859 6094
0 6095
165227329 6096
0 6097
0 6098
0 6099
6322255 6100
16393638 6101
391966382 6102
0 6103
88798296 6104
0 6105
16304364 6106
9632036 6107
236748401 6108
0 6109
78724993 6110
3524324247 6115
6068917681 6116
1370759558 6117
5711940794 6119
3822563860 6120
2267807957 6121
10430634754 6126
14146758229 6127
7816509511 6128
3992433538 6129
430721470 6130
1859770089 6131
0 6132
765836602 6133
379876555 6134
628074204 6135
458988246 6136
468292 6137
30922115 6138
11313284186 6139
2871159807 6140
322907061 6141
1139005123 6142
0 6143
55357476 6144
961575812 6145
3523822934 6151
3440153363 6152
1560768348 6153
6281875995 6154
1296772940 6155
244030001 6156
406247545 6157
490130126 6158
1092857728 6159
0 6160
656036735 6161
414693791 6162
129424787 6163
0 6164
86774461 6165
1400336020 6166
414056321 6167
78690062 6168
41191292 6169
1959486545 6170
3327349544 6171
172920395 6172
723138537 6173
444044791 6174
4376865348 6175
3035430 6176
482141739 6177
0 6178
778399421 6179
0 6180
0 6181
0 6182
18387811 6183
24114039 6184
864113428 6185
3768587185 6189
3684672539 6190
3009572107 6191
5990027473 6192
1877997025 6193
601114938 6194
967829599 6195
1012698749 6196
2271051403 6197
130377729 6198
319638886 6199
534821666 6200
5048669398 6201
38042116 6202
919295512 6203
909570612 6204
2692316301 6205
100507354 6206
680398874 6207
0 6208
263801939 6209
0 6210
682250224 6211
1864746642 6213
397289288 6214
82438581 6215
0 6219
535223237 6220
1629357250 6221
35677460 6222
269936991 6223
477406216 6224
13729 6225
280987334 6226
273044055 6227
322445327 6229
2701573437 6231
722620 6234
108183007 6235
797510313 6238
2459744080 6239
5494762431 6240
1746689303 6241
50434899 6242
1079186426 6243
74756665 6244
105438882 6245
420291434 6246
557035137 6247
0 6248
9016922 6249
660308454 6250
685472398 6251
253270704 6252
1833321264 6253
415334923 6254
257694632 6255
266245424 6256
0 6257
78740414 6258
2471321455 6259
1192385216 6260
6220551 6261
392113170 6262
243850844 6263
4288223886 6264
0 6265
598240467 6266
17169541 6267
713612571 6268
0 6269
0 6270
0 6271
256390285 6272
0 6273
78051116 6274
0 6275
291722271 6276
0 6277
0 6278
0 6279
139435166 6280
35278576 6281
55022486 6282
0 6283
123555526 6284
1571843817 6286
218392830 6289
123975779 6290
455746810 6293
2300507622 6294
704531791 6295
2436165169 6296
657138295 6297
381755280 6298
0 6299
471384867 6300
103620240 6301
0 6302
3525356 6303
184543405 6304
13844916 6305
798203262 6306
286701717 6307
0 6308
104527734 6309
0 6310
1663185248 6311
68692443 6312
1364703230 6313
173746637 6314
2125968777 6315
0 6316
199581491 6317
0 6318
1712370 6319
0 6320
524307063 6321
0 6322
58534286 6323
168110496 6324
0 6325
0 6326
25269166 6327
3877 6328
45202420 6329
0 6330
246378413 6331
351385900 6334
4496202430 6335
4238317329 6336
2971242794 6337
307734556 6338
607743189 6339
197706777 6340
1108661824 6341
13557093 6342
1794076061 6343
0 6344
337272434 6345
722200425 6346
910555645 6347
0 6348
367166781 6349
0 6350
169647411 6351
0 6352
47364848 6353
10757818 6354
487597694 6355
2698 6358
3800790926 6359
199827034 6360
1654866993 6361
29704 6362
1481901308 6363
0 6364
1214093185 6365
0 6366
123537380 6367
0 6368
568561473 6369
0 6370
16720495 6371
65457762 6372
128209820 6373
0 6374
251384410 6375
0 6376
43242004 6377
0 6378
396150336 6379
0 6380
35143695 6381
0 6386
25343008 6387
3658277 6388
205707847 6389
230547024 6390
0 6391
0 6392
90519631 6393
1663946 6394
0 6395
134589784 6396
748604314 6397
632682881 6398
267718470 6399
0 6400
0 6401
0 6402
0 6403
0 6404
0 6405
148696318 6406
281112783 6412
427630860 6413
1361165234 6414
1546698 6415
303011363 6416
326277798 6417
1571867034 6418
0 6419
0 6420
0 6421
109806234 6422
288343154 6423
52415047 6424
0 6425
406966034 6426
65132386 6427
0 6428
0 6429
2612456875 6430
1700681117 6431
86171147 6432
1429004969 6433
0 6434
0 6435
0 6436
1232825 6437
156272443 6438
0 6439
36300178 6440
0 6441
384815 6442
586582684 6443
0 6446
6916844 6447
0 6448
0 6449
17060253 6450
1809608 6451
1852585 6452
0 6453
0 6454
0 6455
0 6456
0 6457
0 6458
0 6459
0 6460
0 6461
0 6462
0 6463
0 6464
0 6465
0 6466
0 6467
0 6468
10900012 6469
0 6470
0 6471
0 6477
0 6478
0 6479
15512014 6480
610946576 6481
0 6482
0 6483
0 6484
43946588 6485
45735573 6486
0 6487
0 6488
56856697 6489
216037436 6490
0 6491
0 6492
205078803 6493
145597956 6494
41470540 6495
58601929 6496
0 6497
0 6498
147240323 6499
367659779 6500
0 6501
0 6502
0 6503
86481014 6504
0 6505
0 6506
0 6507
0 6508
0 6509
26536149 6510
0 6511
5192450 6512
0 6513
0 6514
0 6515
0 6516
0 6517
0 6518
0 6519
81882300 6520
35548643 6522
28277947 6523
25387518 6524
2769984 6525
412892186 6526
9607263 6527
0 6528
175260772 6529
0 6530
94197232 6531
3291028 6532
107022088 6533
0 6534
124805268 6535
599239217 6536
7990726 6537
621466776 6538
401511695 6539
243270115 6540
209040497 6541
200660 6542
275223136 6543
148183486 6544
0 6545
77367966 6546
401470886 6547
1177005338 6550
313221607 6551
238505155 6552
994309700 6553
2506927988 6554
1079543446 6555
8098866 6556
18677498 6557
203421982 6558
1661177184 6559
107675782 6560
477426938 6561
309518816 6562
196763699 6563
0 6564
89210473 6565
367200706 6566
3041457215 6567
30319338 6568
1488580061 6569
2634626943 6570
393360558 6571
455835987 6572
1659014801 6573
5412 6574
433104617 6575
115355 6576
565600694 6577
175984261 6578
1230141 6579
15291379 6580
491097957 6581
0 6582
7360015 6583
99520503 6584
760786945 6585
42885775 6586
37589471 6587
54343689 6588
28537511 6589
43424685 6590
317394045 6591
0 6592
1112856068 6593
23559951 6594
351230829 6595
0 6596
0 6597
0 6598
69195950 6599
0 6600
0 6601
0 6602
0 6603
97840978 6604
179697518 6605
0 6606
0 6607
594738852 6608
0 6609
8680096 6610
171819351 6611
0 6612
0 6613
152075443 6614
0 6615
24995101 6616
105584940 6617
0 6618
0 6619
0 6620
0 6621
0 6622
84965073 6623
236606001 6624
21548447 6625
0 6626
42804036 6627
48539288 6628
82340238 6629
246563084 6630
0 6631
0 6632
0 6633
0 6634
0 6635
1053859 6636
0 6637
0 6638
0 6639
0 6640
0 6641
0 6642
195908 6643
0 6644
0 6645
0 6646
147883066 6647
0 6648
0 6649
0 6650
0 6651
0 6652
0 6653
0 6654
0 6655
0 6656
0 6657
0 6658
0 6659
6600938 6660
556923460 6661
258814671 6662
0 6663
32840486 6664
129371399 6665
219963642 6666
465073838 6667
0 6668
135797596 6669
828025837 6670
3683982180 6671
0 6672
769128155 6673
209359159 6674
76957105 6675
146697222 6676
0 6677
0 6678
98422336 6679
0 6680
36294909 6681
35078577 6682
106336282 6683
0 6684
0 6685
0 6686
0 6687
0 6688
164541628 6689
0 6690
60816853 6691
0 6692
0 6693
0 6694
0 6695
48747384 6696
116902793 6697
0 6698
194577732 6699
786929927 6700
0 6701
0 6702
0 6703
21256241 6704
0 6705
26015396 6706
8533669 6707
890321025 6708
0 6709
768337755 6710
56681149 6711
100284498 6712
84016436 6713
1026024877 6714
0 6715
0 6716
506714 6717
150214321 6718
0 6719
0 6720
151662826 6721
0 6722
0 6723
0 6724
0 6725
344688635 6726
0 6727
0 6728
0 6729
0 6730
0 6731
0 6732
0 6733
41097753 6734
0 6735
0 6736
0 6737
0 6738
0 6739
14090541 6740
0 6741
315897787 6742
512571085 6743
0 6744
797988 6745
1819953305 6746
149701039 6747
181140463 6748
0 6749
186489669 6750
692699 6751
0 6752
0 6753
94012975 6754
160224479 6755
31572524 6756
0 6757
0 6758
0 6759
0 6760
0 6761
0 6762
0 6763
15670253 6764
0 6765
156402191 6766
0 6767
96417285 6768
0 6769
4167427 6770
0 6771
111929869 6772
0 6773
0 6774
54050488 6775
16614469 6776
169611418 6777
0 6778
0 6779
58805765 6780
0 6781
0 6782
0 6783
0 6784
0 6785
0 6786
37613899 6787
0 6788
0 6789
0 6790
0 6791
8271318 6792
0 6793
0 6794
19102481 6795
0 6796
0 6797
0 6798
5703148 6799
0 6800
0 6801
69767140 6802
6218105113 6803
33626689 6804
2358372656 6805
22109048 6806
46031063 6807
142036710 6808
96912510 6809
0 6810
84644166 6811
93430181 6812
124870962 6813
0 6814
0 6815
0 6816
0 6817
36664716 6818
182092313 6819
4579733 6820
455595826 6821
0 6822
51501049 6823
66871076 6824
0 6825
0 6826
299065002 6827
21017491 6828
929177019 6829
39948594 6830
984344063 6831
10985427 6832
122819178 6833
108656563 6834
238671549 6835
0 6836
22043763 6837
37950738 6838
330058281 6839
0 6840
528403 6841
1732634 6842
217795319 6843
0 6844
2066543 6845
0 6846
92542749 6847
0 6848
0 6849
0 6850
37497031 6851
0 6852
0 6853
0 6854
605153832 6855
18188816 6856
1624405957 6857
0 6858
478459039 6859
0 6860
332486209 6861
0 6862
263859984 6863
0 6864
87818699 6865
45745401 6866
70070864 6867
98289845 6868
481319672 6869
0 6870
3945372642 6871
0 6872
49090400 6873
904259 6874
1665983765 6875
0 6876
158312651 6877
13284489 6878
579829262 6879
19020787 6880
0 6881
0 6882
198584208 6883
0 6884
55742722 6885
0 6886
177889333 6887
0 6888
126491258 6889
6103695 6890
960516011 6891
0 6892
321959199 6893
0 6894
28683062 6895
0 6896
65878 6897
0 6898
0 6899
0 6900
0 6901
0 6902
28844058 6903
0 6904
25682898 6905
0 6906
1448174044 6907
0 6908
0 6909
0 6910
87069550 6911
0 6912
186673177 6913
104422526 6914
327297049 6915
0 6916
0 6917
0 6918
0 6919
0 6920
142100 6921
25376201 6922
244238350 6923
0 6924
0 6925
0 6926
0 6927
0 6928
0 6929
0 6930
0 6931
0 6932
0 6933
0 6934
41994791 6935
0 6936
0 6937
0 6938
0 6939
0 6940
0 6941
0 6942
93198813 6943
0 6944
0 6945
0 6946
34760 6947
0 6948
5053999 6949
0 6950
214424559 6951
0 6952
0 6953
52573122 6954
0 6955
0 6956
0 6957
0 6958
0 6959
0 6960
7323639 6961
0 6962
42504868 6963
0 6964
56812063 6965
0 6966
0 6967
35440723 6968
0 6969
0 6970
0 6971
0 6972
0 6973
0 6974
0 6975
0 6976
0 6977
67954298 6978
0 6979
32642830 6980
0 6981
211054933 6982
0 6983
161691 6984
0 6985
0 6986
0 6987
0 6988
0 6989
0 6990
0 6991
283098036 6992
0 6993
0 6994
0 6995
0 6996
0 6997
15847410 6998
0 6999
2861255 7000
0 7001
0 7002
0 7003
36307921 7004
0 7005
93528268 7006
0 7007
12683591 7008
0 7009
110365694 7010
0 7011
165276950 7012
277582537 7016
588720906 7017
22457444 7018
101055266 7019
380706787 7020
383953403 7021
560909801 7022
0 7023
11135098 7024
32572683 7025
0 7026
150965696 7027
386656283 7028
46278905 7033
0 7034
3492082 7035
76372086 7036
0 7037
0 7038
7396574 7039
0 7040
48384938 7041
20658008 7042
10 7043
0 7044
4990662 7045
0 7046
0 7047
0 7048
0 7049
0 7050
0 7051
0 7052
0 7053
0 7054
173212694 7055
0 7056
0 7057
0 7058
0 7059
0 7060
5829477 7061
126103250 7062
86157334 7067
38030689 7068
59093954 7069
156523538 7070
0 7071
0 7072
0 7073
0 7074
118904465 7075
545157664 7076
47721197 7077
57510931 7078
60502251 7079
0 7080
8012488 7081
33982640 7082
0 7083
0 7084
42096929 7085
0 7086
0 7087
0 7088
0 7089
202303113 7090
0 7091
0 7092
0 7093
0 7094
21610589 7095
127037022 7096
130448014 7100
0 7101
50090828 7102
29269269 7103
0 7104
66324257 7105
39466109 7106
18803291 7107
35234 7108
274699602 7109
103926369 7110
165905897 7111
123697054 7112
108843223 7113
55292 7114
0 7115
27083054 7116
0 7117
97226027 7118
11173894 7119
13285847 7120
53469362 7121
59041546 7122
38498102 7123
0 7124
0 7125
0 7126
0 7127
5369 7128
0 7129
0 7130
0 7131
0 7132
89288 7133
14512523 7134
186090066 7135
724499783 7138
527051634 7139
476165687 7140
1087961216 7141
1001295547 7142
721877868 7143
186708975 7144
451880326 7145
411015557 7146
1030360180 7147
273241164 7148
2766946765 7149
1824775403 7150
523612990 7151
510811293 7152
830166564 7153
100321708 7154
92942395 7155
186031768 7156
543786644 7157
124120728 7158
168346177 7159
0 7160
668568085 7161
105055118 7162
193109936 7163
0 7164
64579048 7165
0 7166
188795139 7167
22260050 7168
477638787 7169
348836 7170
348958095 7171
0 7172
2186669314 7173
1500503 7174
0 7175
18397255 7176
0 7177
0 7178
0 7179
0 7180
0 7181
0 7182
0 7183
0 7184
76048246 7185
217060904 7186
330046 7187
45514869 7188
0 7189
0 7190
96023859 7191
0 7192
0 7193
199313712 7194
0 7195
0 7196
0 7197
0 7198
21426403 7199
0 7200
0 7201
0 7202
244895253 7203
0 7204
0 7205
0 7206
0 7207
45302516 7208
0 7209
0 7210
2249794 7211
0 7212
0 7213
0 7214
0 7215
27875640 7216
0 7217
0 7218
0 7219
0 7220
0 7221
11321239 7222
22811350 7223
0 7224
64644660 7225
0 7226
0 7227
0 7228
8752726 7229
0 7230
0 7231
0 7232
0 7233
0 7234
0 7235
0 7236
14519254 7237
0 7238
0 7239
0 7240
0 7241
1859436 7242
14969621 7243
22024920 7244
1735843502 7245
40234120 7246
1634704447 7247
0 7248
0 7249
10166651 7250
11465782 7251
0 7252
5357490 7253
0 7254
70947799 7255
0 7256
0 7257
76525 7258
119129102 7259
0 7260
7038378 7261
0 7262
6164236 7263
0 7264
0 7265
14623465 7266
0 7267
0 7268
89670131 7269
0 7270
19549378 7271
89299 7272
1238390296 7273
94145420 7274
194125090 7275
52472198 7276
140810413 7277
14086039 7278
94126926 7279
141447060 7280
210948045 7281
0 7282
0 7283
0 7284
272326419 7285
0 7286
0 7287
0 7288
0 7289
0 7290
16239860 7291
0 7292
67900077 7293
0 7294
63357350 7295
95630873 7296
725845672 7297
298646680 7298
0 7299
1191200489 7300
282017032 7301
208400 7302
307904962 7303
2346255 7304
69696167 7305
171863254 7306
0 7307
131687796 7308
0 7309
67133087 7310
2968910 7311
55397284 7312
0 7313
50692901 7314
0 7315
24074687 7316
208611822 7317
110202956 7318
55590148 7319
1639410534 7320
0 7321
98378712 7322
172892854 7323
759639474 7324
0 7325
0 7326
0 7327
413362683 7328
0 7329
0 7330
37972553 7331
0 7332
0 7333
0 7334
0 7335
2023610 7336
0 7337
0 7338
11015753 7339
298099402 7340
0 7341
57499529 7342
0 7343
0 7344
0 7345
0 7346
0 7347
116373528 7348
0 7349
0 7350
0 7351
0 7352
0 7353
0 7354
0 7355
34627822 7356
0 7357
0 7358
0 7359
4396548 7360
0 7361
0 7362
7799397 7363
55966268 7364
0 7365
292231942 7366
0 7367
37259638 7368
0 7369
0 7370
0 7371
185239128 7372
0 7373
0 7374
0 7375
12527710 7376
0 7377
0 7378
27446680 7379
39274249 7380
0 7381
0 7382
0 7383
0 7384
0 7385
0 7386
0 7387
155053393 7388
0 7389
0 7390
119803469 7391
0 7392
0 7393
0 7394
0 7395
0 7396
0 7397
0 7398
0 7399
0 7400
8303 7401
0 7402
24230755 7403
0 7404
178549212 7405
0 7406
0 7407
0 7408
0 7409
0 7410
0 7411
0 7412
25444112 7413
0 7414
0 7415
0 7416
301839434 7417
0 7418
0 7419
0 7420
0 7421
0 7422
0 7423
0 7424
0 7425
0 7426
0 7427
0 7428
0 7429
0 7430
0 7431
0 7432
0 7433
0 7434
0 7435
0 7436
0 7437
0 7438
43984647 7439
0 7440
0 7441
0 7442
0 7443
0 7444
0 7445
0 7446
0 7447
0 7448
0 7449
0 7450
0 7451
0 7452
35113557 7453
0 7454
0 7455
0 7456
0 7457
0 7458
88871709 7459
0 7460
38754783 7461
0 7462
21926518 7463
0 7464
234890622 7465
21144969 7468
0 7469
45650982 7470
3056189 7471
0 7472
0 7473
23962832 7474
7484332 7475
0 7476
0 7477
14755460 7478
15510998 7479
0 7480
0 7481
101960092 7482
137298653 7484
831010112 7485
5024782431 7486
1236201836 7487
1186208994 7488
797243244 7489
136285163 7490
471249837 7491
1066100265 7492
6056633 7493
198295832 7494
713741075 7495
0 7496
122804879 7497
3002240704 7498
0 7499
118663704 7500
0 7501
0 7502
22177770 7503
42759950 7504
36478385 7505
12944680 7506
3311807 7507
0 7508
0 7509
21048058 7510
181653060 7511
199560572 7512
129837793 7513
61854688 7514
97280470 7515
219727241 7516
33555339 7517
73647196 7518
362840606 7519
0 7520
25044232 7521
853210524 7522
2720371968 7523
105964 7524
2461484755 7525
0 7526
952375725 7527
11723059 7528
253685365 7529
147 7530
134828066 7531
0 7532
468530889 7533
0 7534
3989716 7535
256036461 7536
515171704 7537
96965749 7538
1374968581 7539
0 7540
42115261 7541
27700163 7542
503345508 7543
0 7544
0 7545
0 7546
249997143 7547
0 7548
0 7549
19279 7550
115840283 7551
0 7552
22130853 7553
0 7554
14418677 7555
0 7556
27320718 7557
89260620 7558
5748212 7559
0 7560
120134466 7561
0 7562
61765094 7563
0 7564
8033373 7565
0 7566
0 7567
0 7568
0 7569
53900717 7570
14593857 7571
0 7572
97485687 7573
0 7574
0 7575
0 7576
240261 7577
0 7578
222378234 7579
0 7580
0 7581
0 7582
17206013 7583
0 7584
2188447 7585
32267221 7586
287663805 7587
0 7588
29642579 7589
0 7590
0 7591
0 7592
25035247 7593
0 7594
0 7595
0 7596
0 7597
0 7598
85652662 7599
6318520 7600
95172897 7601
12960172 7602
9761339 7603
0 7604
0 7605
0 7606
382310502 7607
0 7608
0 7609
0 7610
54088995 7611
0 7612
627949287 7613
129027803 7615
10252950 7616
0 7617
48 7619
857647610 7620
3329698228 7621
0 7622
118922908 7623
915654581 7624
213135328 7625
115011272 7626
964072246 7627
59081454 7628
0 7629
48277411 7630
0 7631
0 7632
122003426 7633
0 7634
0 7635
66096113 7636
0 7637
0 7638
14692156 7639
0 7640
0 7641
116863322 7642
0 7643
743533281 7644
72877556 7645
227085572 7646
0 7647
57335156 7648
0 7649
294311050 7650
0 7651
0 7652
0 7653
61527413 7654
0 7655
98297898 7656
0 7657
695402385 7658
0 7659
0 7660
20854245 7661
0 7662
0 7663
0 7664
0 7665
0 7666
42881284 7667
0 7668
50003964 7669
0 7670
166056272 7671
0 7672
33835949 7673
0 7674
28765128 7675
0 7676
151317889 7677
0 7678
0 7679
0 7680
5193419 7681
0 7682
151158573 7683
0 7684
0 7685
0 7686
0 7687
0 7688
0 7689
0 7690
0 7691
0 7692
0 7693
0 7694
11108152 7695
292456130 7696
0 7697
0 7698
77537357 7699
0 7700
0 7701
52019913 7702
0 7703
0 7704
0 7705
0 7706
0 7707
88175242 7708
0 7709
0 7710
0 7711
0 7712
0 7713
0 7714
0 7715
0 7716
0 7717
0 7718
0 7719
0 7720
0 7721
0 7722
0 7723
0 7724
0 7725
0 7726
0 7727
0 7728
0 7729
0 7730
2902580 7731
0 7732
0 7733
56894925 7734
0 7735
0 7736
0 7737
0 7738
0 7739
0 7740
0 7741
0 7742
0 7743
0 7744
0 7745
0 7746
0 7747
194355583 7748
0 7749
7767802 7750
0 7751
0 7752
0 7753
0 7754
0 7755
0 7756
0 7757
107301900 7758
0 7759
0 7760
0 7761
0 7762
0 7763
0 7764
0 7765
0 7766
0 7767
0 7768
0 7769
0 7770
0 7771
19616353 7772
0 7773
0 7774
0 7775
10017862 7776
0 7777
80172414 7778
0 7779
0 7780
0 7781
0 7782
0 7783
0 7784
0 7785
0 7786
43353402 7787
0 7788
0 7789
0 7790
0 7791
0 7792
41889313 7793
0 7794
0 7795
0 7796
0 7797
0 7798
0 7799
0 7800
0 7801
0 7802
49693843 7803
0 7804
0 7805
0 7806
4399812 7807
0 7808
32576396 7809
0 7810
0 7811
2651690 7812
53152153 7813
86109570 7817
0 7818
0 7819
0 7820
0 7821
0 7822
0 7823
0 7824
0 7825
0 7826
0 7827
0 7828
0 7829
11221439 7830
0 7831
0 7832
0 7833
633742636 7836
387573137 7837
792766476 7838
140413125 7839
398981329 7840
0 7841
24318562 7842
142866422 7843
206603195 7844
282182491 7845
728620242 7846
0 7847
147299934 7848
560324245 7849
0 7850
0 7851
295188258 7852
255520044 7853
946317248 7854
91514049 7855
398322416 7856
0 7857
537191257 7858
0 7859
73660365 7860
0 7861
0 7862
0 7863
59319248 7864
0 7865
16043225 7866
815317 7867
35288545 7868
36400474 7869
0 7870
291982829 7871
248322700 7872
827550 7873
1328974339 7874
0 7875
0 7876
228045538 7877
0 7878
65881962 7879
0 7880
319234 7881
140757342 7882
0 7883
0 7884
19535741 7885
1733509 7886
0 7887
0 7888
16060 7889
97309613 7890
20925839 7891
52570997 7892
0 7893
20489475 7894
0 7895
235942801 7896
40731652 7897
1787653740 7898
0 7899
0 7900
18857641 7901
15906520 7902
0 7903
0 7904
0 7905
287542067 7906
0 7907
0 7908
0 7909
374661 7910
0 7911
0 7912
0 7913
381111851 7914
0 7915
0 7916
0 7917
0 7918
0 7919
0 7920
0 7921
0 7922
0 7923
0 7924
0 7925
0 7926
0 7927
0 7928
0 7929
0 7930
0 7931
0 7932
0 7933
0 7934
0 7935
0 7936
0 7937
0 7938
0 7939
0 7940
15054497 7941
145466057 7942
128795075 7943
49428403 7944
0 7945
0 7946
0 7947
296265139 7948
0 7949
0 7950
0 7951
0 7952
0 7953
0 7954
0 7955
0 7956
0 7957
43004905 7958
798420947 7959
0 7960
331339884 7961
0 7962
55787422 7963
0 7964
119589932 7965
0 7966
0 7967
457745 7968
0 7969
0 7970
0 7971
0 7972
29579522 7973
0 7974
0 7975
8523714 7976
6139160 7977
0 7978
1838816680 7979
0 7980
0 7981
0 7982
403505893 7983
59825711 7984
54489315 7985
0 7986
0 7987
0 7988
18774406 7989
0 7990
0 7991
23589278 7992
486185889 7993
0 7994
0 7995
0 7996
23997568 7997
0 7998
0 7999
0 8000
5845689 8001
0 8002
0 8003
0 8004
0 8005
0 8006
0 8007
0 8008
0 8009
0 8010
96512853 8011
9852171 8012
126681412 8013
0 8014
0 8015
0 8016
0 8017
0 8018
125219949 8019
0 8020
0 8021
0 8022
0 8023
0 8024
132977097 8025
0 8026
101544 8027
35469644 8029
0 8030
0 8034
0 8035
215613720 8036
0 8037
58927690 8038
233050930 8039
2096823 8042
0 8043
141027942 8044
15052594 8045
2037082122 8046
0 8047
0 8048
0 8049
352758413 8050
6454 8051
861905562 8052
1878623 8053
0 8054
0 8055
0 8056
0 8057
0 8058
0 8059
0 8060
0 8061
0 8062
0 8063
0 8064
7559503 8065
0 8066
0 8067
0 8068
291553102 8069
0 8070
0 8071
0 8072
0 8073
0 8074
0 8075
0 8076
0 8077
0 8078
279563 8079
0 8080
0 8081
0 8082
214966398 8083
0 8084
219487506 8085
0 8086
47664415 8087
0 8088
91286828 8089
0 8090
57640709 8091
0 8092
188643521 8093
0 8094
10180978 8095
0 8096
0 8097
0 8098
0 8099
0 8100
6150942 8101
0 8102
4798633 8103
0 8104
0 8105
0 8106
30153206 8107
80421649 8108
30209725 8109
0 8110
0 8111
11834194 8112
0 8113
0 8114
0 8115
0 8116
0 8117
0 8118
0 8119
0 8120
0 8121
0 8122
0 8123
0 8124
0 8125
0 8126
4498383 8127
39091182 8128
0 8129
0 8130
0 8131
0 8132
0 8133
28978732 8134
0 8135
0 8136
0 8137
0 8138
0 8139
0 8140
0 8141
0 8142
0 8143
0 8144
0 8145
0 8146
0 8147
1007905758 8148
0 8149
146134721 8150
0 8151
0 8152
124021994 8153
41886607 8154
0 8155
0 8156
23451088 8157
0 8158
0 8159
0 8160
0 8161
0 8162
0 8163
0 8164
0 8165
28572968 8166
0 8167
72152829 8168
0 8169
56039140 8170
0 8171
0 8172
0 8173
0 8174
10319480 8175
2081297187 8176
1203825 8177
4 8178
55119609 8179
794580218 8180
203033335 8181
252627375 8182
136443377 8183
0 8184
0 8185
351880495 8186
0 8187
66391937 8188
0 8189
0 8190
22608969 8191
3044411 8192
0 8193
0 8194
0 8195
55763327 8196
0 8197
0 8198
0 8199
216775558 8200
17482787 8201
68139938 8202
0 8203
0 8204
0 8205
67578289 8206
0 8207
0 8208
0 8209
0 8210
0 8211
0 8212
0 8213
1439272 8214
0 8215
0 8216
0 8217
0 8218
0 8219
0 8220
0 8221
0 8222
0 8223
344518398 8224
0 8225
165847852 8226
0 8227
0 8228
0 8229
0 8230
0 8231
0 8232
5068411 8233
73960456 8234
0 8235
0 8236
0 8237
10537253 8238
0 8239
0 8240
12622625 8241
148210461 8242
0 8243
0 8244
0 8245
0 8246
0 8247
0 8248
0 8249
0 8250
0 8251
0 8252
0 8253
0 8254
0 8255
0 8256
0 8257
0 8258
0 8259
0 8260
0 8261
71283 8262
0 8263
0 8264
0 8265
0 8266
0 8267
21949266 8268
0 8269
0 8270
0 8271
2010805 8272
0 8273
112144 8274
0 8277
719107371 8278
0 8279
0 8280
107269608 8281
41762256 8282
0 8283
82732708 8284
67792104 8286
45564920 8287
5281758413 8288
1208697813 8289
750384244 8290
303588463 8291
136731396 8292
287246039 8293
1283422928 8294
0 8295
177228229 8296
1825170621 8297
0 8298
0 8299
101008928 8300
0 8301
127 8302
0 8303
0 8304
0 8305
0 8306
0 8307
17761262 8308
0 8309
0 8310
0 8311
0 8312
4578817 8313
0 8314
0 8315
27167763 8316
0 8317
2174530012 8318
28952353 8319
597733564 8320
60989084 8321
182799099 8322
32848938 8323
46129733 8324
0 8325
237650997 8326
0 8327
33072789 8328
0 8329
1986931 8330
0 8331
710172410 8332
0 8333
65473404 8334
210587160 8335
0 8336
0 8337
107640067 8338
0 8339
42888384 8340
0 8341
118204024 8342
0 8343
0 8344
0 8345
509771 8346
0 8347
18124879 8348
0 8349
69178704 8350
0 8351
70185016 8352
0 8353
252335 8354
0 8355
0 8356
0 8357
164028945 8358
0 8359
0 8360
0 8361
15596400 8362
0 8363
249272650 8364
0 8365
17677532 8366
0 8367
0 8368
2774851 8369
0 8370
0 8371
0 8372
0 8373
0 8374
0 8375
332558708 8376
0 8377
0 8378
22805554 8379
0 8380
0 8381
63455145 8382
0 8383
0 8384
93810672 8385
0 8386
0 8387
0 8388
0 8389
0 8390
0 8391
23591616 8392
0 8393
263195 8394
0 8395
17331628 8396
32489114 8397
0 8398
0 8399
0 8400
0 8401
0 8402
8178943 8403
0 8404
0 8405
0 8406
0 8407
0 8408
82718110 8409
0 8410
0 8411
0 8412
31515762 8413
1007083 8416
0 8417
47338171 8418
9206281 8419
0 8420
407533 8421
0 8422
178127453 8423
0 8424
23393671 8425
0 8426
0 8427
0 8428
0 8429
0 8430
0 8431
0 8432
0 8433
0 8434
44825680 8435
0 8436
0 8437
0 8438
0 8439
0 8440
0 8441
0 8442
0 8443
0 8444
0 8445
0 8446
0 8447
0 8448
0 8449
0 8450
0 8451
0 8452
0 8453
0 8454
0 8455
0 8456
0 8457
0 8458
0 8459
0 8460
0 8461
0 8462
0 8463
0 8464
0 8465
0 8466
525705 8467
0 8468
0 8469
0 8470
7705428 8471
0 8472
0 8473
0 8474
0 8475
0 8476
0 8477
0 8478
37052598 8479
0 8480
0 8481
0 8482
0 8483
0 8484
0 8485
0 8486
793571 8487
0 8488
0 8489
0 8491
0 8492
0 8493
0 8494
0 8495
0 8496
0 8497
0 8498
0 8502
0 8503
0 8504
19871411 8505
28537724 8506
0 8507
59783042 8508
0 8509
3027647 8510
0 8511
12494108 8512
0 8513
0 8514
0 8515
63281030 8516
0 8517
0 8518
0 8519
0 8520
0 8521
0 8522
38758861 8523
0 8524
34458136 8525
49483512 8526
154026175 8529
515104013 8530
0 8531
35183101 8532
28153226 8533
119627181 8534
26379667 8535
46363634 8536
0 8537
238784583 8538
14620990 8539
0 8540
18551459 8541
119087278 8542
158832956 8543
255274129 8544
0 8545
25455600 8546
0 8547
4198455 8548
0 8549
35479171 8550
50457293 8551
416734924 8552
0 8553
374253 8554
0 8555
44054154 8556
0 8557
452518848 8558
0 8559
0 8560
0 8561
5539359 8562
0 8563
60110063 8564
0 8565
0 8566
0 8567
0 8568
0 8569
0 8570
0 8571
0 8572
0 8573
0 8574
0 8575
10289 8576
0 8577
27218 8578
0 8579
0 8580
0 8581
0 8582
0 8583
0 8584
0 8585
0 8586
0 8587
0 8588
0 8589
0 8590
0 8591
0 8592
0 8593
0 8594
11416658 8595
0 8596
5096521 8597
0 8598
0 8599
0 8600
13149049 8601
0 8602
0 8603
0 8604
0 8605
961628 8606
28106968 8607
0 8608
0 8609
0 8610
0 8611
0 8612
0 8613
0 8614
2685225 8615
0 8616
0 8617
0 8618
0 8619
0 8620
0 8621
0 8622
11581663 8623
146225 8624
0 8625
97086706 8626
0 8627
7659124 8628
0 8629
0 8630
0 8631
0 8632
0 8633
0 8634
0 8635
0 8636
0 8637
0 8638
0 8639
0 8640
0 8641
17746594 8642
0 8643
0 8644
0 8645
6221471 8646
5623748 8647
5089925 8648
0 8649
0 8650
0 8651
0 8652
0 8653
38871770 8654
0 8655
0 8656
0 8657
0 8658
0 8659
0 8660
0 8661
0 8662
0 8663
0 8664
0 8665
0 8666
0 8667
0 8668
0 8669
0 8670
0 8671
0 8672
0 8673
0 8674
0 8675
0 8676
0 8677
44829483 8678
0 8679
0 8680
0 8681
0 8682
0 8683
0 8684
0 8685
47534549 8686
2798223 8687
7087757 8688
0 8689
0 8690
0 8691
0 8692
0 8693
0 8694
0 8695
0 8696
0 8697
0 8698
0 8699
0 8700
0 8701
8730309 8702
0 8703
0 8704
0 8705
0 8706
0 8707
27103 8708
0 8709
18844125 8710
0 8711
0 8712
76256971 8713
34909449 8714
0 8715
0 8716
0 8717
0 8718
0 8719
0 8720
0 8721
66137474 8722
0 8723
0 8724
0 8725
0 8726
0 8727
0 8728
0 8729
14660946 8730
0 8731
0 8732
0 8733
20187330 8734
0 8735
0 8736
0 8737
0 8738
0 8739
0 8740
0 8741
0 8742
0 8743
67584440 8744
0 8745
0 8746
0 8747
19455682 8748
0 8749
0 8750
0 8751
112947632 8752
0 8753
0 8754
0 8755
14430721 8756
0 8757
47435250 8758
0 8759
8992322 8760
0 8761
0 8762
0 8763
0 8764
0 8765
0 8766
0 8767
0 8768
0 8769
0 8770
0 8771
0 8772
0 8773
0 8774
0 8775
77401 8776
0 8777
0 8778
0 8779
7823530 8780
0 8781
0 8782
0 8783
0 8784
0 8785
0 8786
0 8787
0 8788
0 8789
0 8790
0 8791
0 8792
0 8793
26485141 8794
0 8795
0 8796
0 8797
0 8798
0 8799
0 8800
0 8801
0 8802
0 8803
0 8804
0 8805
0 8806
0 8807
12990305 8808
0 8809
0 8810
0 8811
5952137 8812
0 8813
0 8814
0 8815
0 8816
0 8817
939878 8818
0 8819
0 8820
24515951 8821
102271293 8822
0 8823
6218740 8824
0 8825
0 8826
0 8827
12841568 8828
0 8829
0 8830
0 8831
0 8832
0 8833
0 8834
0 8835
33356371 8836
13387431 8839
0 8840
10096659 8841
0 8842
195133 8843
0 8844
0 8845
0 8846
0 8847
299834242 8848
54696282 8849
0 8850
0 8851
13256855 8852
0 8853
0 8854
0 8855
0 8856
0 8857
18226772 8858
20193502 8859
0 8860
26257165 8861
12313657 8862
169644682 8864
108020523 8865
560599755 8866
1767230750 8867
308301600 8868
205809258 8869
91208506 8870
344236485 8871
281567272 8872
920206295 8873
599602665 8874
1160271472 8875
87294 8876
265208256 8877
1523153432 8878
0 8879
152819829 8880
59594945 8881
0 8882
109336206 8883
271537694 8884
0 8885
73568606 8886
1732079054 8887
0 8888
0 8889
17656102 8890
127052036 8891
0 8892
0 8893
0 8894
2402710 8895
0 8896
13975806 8897
0 8898
0 8899
0 8900
0 8901
0 8902
55681938 8903
0 8904
138243700 8905
0 8906
0 8907
0 8908
0 8909
0 8910
0 8911
0 8912
0 8913
0 8914
0 8915
0 8916
202907231 8917
90156211 8918
673530208 8919
70137611 8920
142906371 8921
82474224 8922
0 8923
0 8924
0 8925
0 8926
0 8927
74620928 8928
0 8929
0 8930
0 8931
0 8932
0 8933
0 8934
51363139 8935
39308891 8936
80549400 8937
0 8938
52849206 8939
0 8940
0 8941
0 8942
22788866 8943
0 8944
0 8945
58474926 8946
426835 8947
0 8948
0 8949
0 8950
216699465 8951
0 8952
53427556 8953
0 8954
36711232 8955
0 8956
0 8957
194701062 8958
105533331 8959
0 8960
0 8961
0 8962
0 8963
0 8964
0 8965
21194767 8966
0 8967
0 8968
0 8969
12873130 8970
33049065 8971
0 8972
0 8973
19917865 8974
48791093 8975
0 8976
0 8977
0 8978
88825 8979
0 8980
0 8981
17468256 8982
122086139 8983
0 8984
0 8985
0 8986
13516382 8987
0 8988
22636374 8989
0 8990
0 8991
0 8992
0 8993
0 8994
0 8995
0 8996
0 8997
0 8998
9328270 8999
0 9000
0 9001
0 9002
0 9003
0 9004
0 9005
0 9006
0 9007
0 9008
0 9009
11786997 9010
0 9011
0 9012
0 9013
0 9014
0 9015
0 9016
53415757 9017
0 9018
0 9019
0 9020
101446 9021
0 9022
0 9023
50320679 9024
0 9025
0 9026
7916460 9027
7777072 9028
0 9029
0 9030
0 9031
0 9032
0 9033
0 9034
73160422 9035
0 9036
0 9037
0 9038
22534301 9039
0 9040
0 9041
4058279 9042
137229969 9043
390073890 9044
73211787 9045
357437677 9046
0 9047
45728166 9048
77916842 9049
292269130 9050
8778745 9051
0 9052
0 9053
0 9054
0 9055
0 9056
8307 9057
164182491 9058
0 9059
0 9060
0 9061
0 9062
0 9063
0 9064
0 9065
0 9066
0 9067
0 9068
0 9069
14053307 9070
0 9071
291472 9072
0 9073
136392632 9074
20126394 9075
926865432 9076
0 9077
0 9078
114611854 9079
442389699 9080
11389697 9081
307683 9082
0 9083
29114561 9084
0 9085
1218914 9086
0 9087
52803478 9088
0 9089
75673756 9090
0 9091
0 9092
4950165 9093
5489598 9094
0 9095
0 9096
0 9097
214204639 9098
0 9099
0 9100
101730361 9101
357573812 9102
0 9103
20773632 9104
0 9105
101870917 9106
0 9107
0 9108
0 9109
0 9110
0 9111
0 9112
0 9113
0 9114
0 9115
0 9116
0 9117
0 9118
0 9119
0 9120
0 9121
0 9122
0 9123
18974163 9124
65750405 9125
11298184 9126
30198208 9127
522700543 9128
0 9129
78561041 9130
0 9131
0 9132
0 9133
0 9134
0 9135
18202998 9136
0 9137
199574914 9138
0 9139
0 9140
0 9141
82615486 9142
0 9143
4038331 9144
5334745 9145
625592784 9146
0 9147
0 9148
0 9149
0 9150
0 9151
0 9152
0 9153
0 9154
0 9155
0 9156
16158090 9157
0 9158
0 9159
0 9160
0 9161
0 9162
96834 9163
0 9164
0 9165
0 9166
0 9167
0 9168
0 9169
0 9170
2806745 9171
0 9172
0 9173
0 9174
0 9175
0 9176
0 9177
0 9178
25549054 9179
0 9180
42946533 9181
0 9182
124039039 9183
0 9184
0 9185
0 9186
101066570 9187
0 9188
0 9189
0 9190
10999509 9191
0 9192
245775250 9193
0 9194
0 9195
0 9196
0 9197
0 9198
0 9199
5438258 9200
0 9201
0 9202
0 9203
0 9204
0 9205
0 9206
0 9207
0 9208
0 9209
0 9210
0 9211
0 9212
0 9213
0 9214
0 9215
0 9216
0 9217
4186032 9218
0 9219
0 9220
0 9221
73280764 9222
0 9223
0 9224
55596742 9225
0 9226
0 9227
0 9228
114761805 9229
0 9230
17816608 9231
0 9232
0 9233
0 9234
0 9235
0 9236
0 9237
0 9238
0 9239
0 9240
0 9241
0 9242
15857979 9243
0 9244
0 9245
0 9246
0 9247
0 9248
0 9249
0 9250
0 9251
0 9252
25076502 9253
0 9254
10245177 9255
0 9256
0 9257
0 9258
0 9259
0 9260
0 9261
0 9262
0 9263
38101746 9264
0 9265
0 9266
64725311 9267
0 9268
0 9269
0 9270
5223217 9271
0 9272
0 9273
0 9274
0 9275
0 9276
0 9277
0 9278
0 9279
0 9280
35088789 9281
0 9282
0 9283
0 9284
0 9285
7472786 9286
0 9287
4796065 9288
0 9289
0 9290
0 9291
74497274 9292
0 9293
12254715 9294
0 9295
69886967 9296
0 9297
0 9298
33210404 9299
0 9300
0 9301
0 9302
0 9303
0 9304
0 9305
0 9306
0 9307
0 9308
0 9309
0 9310
0 9311
0 9312
0 9313
0 9314
0 9315
0 9316
0 9317
0 9318
0 9319
0 9320
0 9321
0 9322
0 9323
0 9324
0 9325
0 9326
0 9327
0 9328
0 9329
0 9330
0 9331
0 9332
0 9333
0 9334
0 9335
0 9336
0 9337
0 9338
0 9339
0 9340
0 9341
52499660 9342
0 9343
0 9344
0 9345
0 9346
0 9347
0 9348
0 9349
0 9350
0 9351
6145907 9352
0 9353
0 9354
0 9355
0 9356
0 9357
0 9358
0 9359
0 9360
0 9361
0 9362
0 9363
0 9364
0 9365
8768420 9366
458804358 9367
46699761 9368
119933392 9369
0 9370
0 9371
0 9372
0 9373
0 9374
0 9375
0 9376
0 9377
0 9378
0 9379
0 9380
61067918 9381
3615753762 9382
0 9383
102878333 9384
1297224483 9385
52449996 9386
0 9387
0 9388
0 9389
25880445 9390
34431180 9391
0 9392
0 9393
26326156 9394
82658926 9395
36009093 9396
0 9397
0 9398
41020725 9399
455253965 9400
0 9401
35068461 9402
466299769 9403
0 9404
0 9405
105749908 9406
0 9407
0 9408
0 9409
0 9410
0 9411
0 9412
0 9413
0 9414
0 9415
0 9416
0 9417
0 9418
0 9419
0 9420
0 9421
0 9422
0 9423
0 9424
0 9425
0 9426
0 9427
0 9428
0 9429
8576460 9430
0 9431
827747581 9432
31096196 9433
0 9434
48196443 9435
21874569 9436
0 9437
75415663 9438
20620329 9439
45232713 9440
0 9441
0 9442
0 9443
25561676 9444
14033727 9445
11200017 9446
0 9447
9070713 9448
27274713 9449
0 9450
0 9451
33707466 9452
0 9453
0 9454
0 9455
478022089 9456
0 9457
0 9458
0 9459
0 9460
0 9461
0 9462
42350472 9463
0 9464
24316819 9465
19822776 9466
0 9467
0 9468
0 9469
0 9470
0 9471
0 9472
0 9473
0 9474
0 9475
18489371 9476
0 9477
23963753 9478
0 9479
115830 9480
0 9481
0 9482
0 9483
0 9484
0 9485
0 9486
0 9487
0 9488
0 9489
0 9490
0 9491
82649062 9492
0 9493
0 9494
0 9495
0 9496
0 9497
30553668 9498
0 9499
0 9500
0 9501
0 9502
0 9503
0 9504
0 9505
89052726 9506
0 9507
0 9508
0 9509
117996148 9510
0 9511
24853031 9512
0 9513
57025360 9514
53860010 9515
0 9516
0 9517
0 9518
0 9519
0 9520
0 9521
0 9522
0 9523
0 9524
0 9525
0 9526
0 9527
0 9528
0 9529
0 9530
0 9531
0 9532
0 9533
0 9534
0 9535
0 9536
0 9537
0 9538
75010100 9539
0 9540
0 9541
0 9542
0 9543
0 9544
0 9545
0 9546
0 9547
0 9548
0 9549
0 9550
0 9551
0 9552
0 9553
0 9554
0 9555
0 9556
0 9557
0 9558
0 9559
0 9560
0 9561
0 9562
15632298 9563
0 9564
0 9565
0 9566
0 9567
0 9568
0 9569
38046696 9570
0 9571
141245933 9572
0 9573
0 9574
0 9575
6548712 9576
0 9577
0 9578
0 9579
30319 9580
0 9581
156831495 9582
0 9583
50307990 9584
0 9585
0 9586
0 9587
0 9588
0 9589
0 9590
0 9591
0 9592
0 9593
0 9594
0 9595
0 9596
0 9597
0 9598
0 9599
732586629 9600
5965 9601
0 9602
112096891 9603
0 9604
0 9605
0 9606
8014770 9607
0 9608
28724753 9609
0 9610
0 9611
5884209 9612
0 9613
39875705 9614
357020577 9615
0 9616
0 9617
0 9618
0 9619
0 9620
0 9621
0 9622
0 9623
0 9624
59312241 9625
0 9626
0 9627
0 9628
0 9629
0 9630
0 9631
0 9632
0 9633
0 9634
63531956 9635
0 9636
0 9637
0 9638
0 9639
0 9640
0 9641
0 9642
0 9643
0 9644
0 9645
0 9646
0 9647
0 9648
0 9649
0 9650
0 9651
0 9652
0 9653
0 9654
0 9655
0 9656
0 9657
0 9658
0 9659
0 9660
0 9661
0 9662
0 9663
7052049 9664
0 9665
0 9666
0 9667
0 9668
0 9669
0 9670
0 9671
0 9672
0 9673
0 9674
0 9675
0 9676
0 9677
0 9678
0 9679
0 9680
0 9681
0 9682
0 9683
0 9684
0 9685
91509510 9686
0 9687
0 9688
0 9689
0 9690
0 9691
0 9692
0 9693
0 9694
0 9695
0 9696
0 9697
0 9698
0 9699
23173302 9700
0 9701
0 9702
0 9703
15412924 9704
0 9705
160180518 9706
0 9707
0 9708
0 9709
0 9710
0 9711
0 9712
0 9713
43268862 9714
0 9715
0 9716
12129112 9717
0 9718
0 9719
0 9720
0 9721
0 9722
0 9723
0 9724
0 9725
0 9726
0 9727
0 9728
0 9729
0 9730
0 9731
57667667 9732
0 9733
0 9734
0 9735
19828937 9736
0 9737
0 9738
0 9739
0 9740
0 9741
0 9742
0 9743
0 9744
0 9745
0 9746
0 9747
0 9748
0 9749
0 9750
5829 9751
0 9752
0 9753
0 9754
0 9755
6660380 9756
51021189 9757
0 9758
0 9759
0 9760
0 9761
0 9762
7804009 9763
0 9764
0 9765
0 9766
6909741 9767
0 9768
88981470 9769
0 9770
0 9771
0 9772
89287018 9773
28063478 9775
37854725 9776
0 9777
34564160 9778
0 9779
0 9780
0 9781
29969997 9782
0 9783
4135486 9784
67371045 9787
128718694 9788
3019 9789
10003126 9790
26834995 9791
293905930 9792
50470489 9793
93765811 9794
157537483 9795
0 9796
0 9797
69775471 9798
0 9799
0 9800
0 9801
3221642 9802
108013266 9803
19252470 9804
0 9805
23342360 9806
0 9807
158031268 9808
31064960 9809
470730450 9810
54298268 9811
0 9812
0 9813
0 9814
0 9815
0 9816
0 9817
0 9818
9535618 9819
0 9820
0 9821
0 9822
0 9823
0 9824
0 9825
0 9826
7232926 9827
0 9828
89222413 9829
0 9830
0 9831
0 9832
0 9833
0 9834
0 9835
0 9836
0 9837
0 9838
0 9839
0 9840
0 9841
0 9842
0 9843
24551621 9844
0 9845
0 9846
0 9847
45741217 9848
0 9849
1116 9850
97596055 9851
0 9852
0 9853
0 9854
0 9855
0 9856
0 9857
0 9858
0 9859
0 9860
0 9861
0 9862
12748449 9863
0 9864
5760636 9865
0 9866
0 9867
2787 9868
255291259 9869
0 9870
0 9871
49839928 9872
0 9873
0 9874
0 9875
0 9876
0 9877
25429181 9878
0 9879
0 9880
0 9881
0 9882
19997934 9883
0 9884
41361710 9885
0 9886
0 9887
0 9888
0 9889
0 9890
0 9891
25479261 9892
0 9893
0 9894
0 9895
103459834 9896
0 9897
0 9898
0 9899
0 9900
0 9901
11082883 9902
0 9903
0 9904
0 9905
0 9906
0 9907
0 9908
0 9909
0 9910
0 9911
0 9912
0 9913
0 9914
0 9915
0 9916
0 9917
0 9918
0 9919
0 9920
0 9921
0 9922
0 9923
0 9924
0 9925
0 9926
0 9927
0 9928
0 9929
0 9930
0 9931
0 9932
0 9933
0 9934
0 9935
0 9936
0 9937
25928369 9938
0 9939
0 9940
0 9941
0 9942
0 9943
0 9944
0 9945
57210789 9946
0 9947
3089790 9948
0 9949
0 9950
0 9951
0 9952
8506199 9953
0 9954
0 9955
0 9956
19649364 9957
0 9958
23964065 9959
166890274 9961
372775948 9962
659748156 9963
2345544786 9964
1365002252 9965
864721400 9966
543012951 9967
319819312 9968
33943913 9969
107742725 9970
369802874 9971
1365727647 9972
0 9973
92332593 9974
388239255 9975
4093665800 9976
26215805 9977
146633794 9978
330973849 9979
0 9980
29337591 9981
0 9982
0 9983
39972618 9984
738605 9985
0 9986
58267481 9987
0 9988
33749203 9989
84385537 9990
0 9991
0 9992
0 9993
0 9994
68754026 9995
0 9996
202902199 9997
0 9998
338140344 9999
69212563 10000
94186000 10001
0 10002
0 10003
0 10004
39854298 10005
0 10006
0 10007
0 10008
0 10009
0 10010
2227383 10011
68817192 10012
0 10013
6876853 10014
52783216 10015
0 10016
0 10017
0 10018
50092967 10019
0 10020
55632728 10021
1752731 10022
571409990 10023
557271159 10024
60054526 10025
8082681 10026
0 10027
65709569 10028
0 10029
26003018 10030
46476926 10031
19196448 10032
3439971 10033
38951952 10034
31612580 10035
114202313 10036
0 10037
61565760 10038
0 10039
4613951 10040
20711243 10041
835236502 10042
1288865358 10043
466641237 10044
0 10045
129093986 10046
76022979 10047
0 10048
16526865 10049
55078587 10050
10336576 10051
0 10052
0 10053
2923107 10054
1066523 10055
139071717 10056
336908212 10057
548539960 10058
0 10059
62759936 10060
36280167 10061
85596164 10062
0 10063
78591171 10064
0 10065
105871687 10066
0 10067
27439882 10068
152361564 10069
163557023 10070
0 10071
0 10072
0 10073
0 10074
0 10075
0 10076
15242312 10077
78328240 10078
22257061 10079
237048951 10080
0 10081
0 10082
0 10083
22316087 10084
5725985 10085
132343527 10086
0 10087
0 10088
0 10089
17278636 10090
0 10091
254521973 10092
0 10093
0 10094
36997006 10095
0 10096
7047032 10097
0 10098
0 10099
0 10100
0 10101
0 10102
0 10103
0 10104
104167213 10105
0 10106
0 10107
3112345 10108
17467197 10109
0 10110
147972 10111
0 10112
0 10113
119716311 10114
72403961 10115
0 10116
20474402 10117
0 10118
0 10119
0 10120
0 10121
0 10122
0 10123
0 10124
0 10125
0 10126
0 10127
7805240 10128
173055317 10129
10113940 10130
219012475 10131
0 10132
18671034 10133
0 10134
0 10135
28492692 10136
39398074 10137
558571 10138
463524689 10139
0 10140
0 10141
0 10142
0 10143
0 10144
59939415 10145
0 10146
1980374 10147
0 10148
0 10149
22178531 10150
168925311 10151
37954785 10152
804250362 10153
7687369 10154
0 10155
0 10156
0 10157
0 10158
0 10159
0 10160
0 10161
0 10162
0 10163
14563877 10164
0 10165
0 10166
0 10167
0 10168
0 10169
0 10170
0 10171
39036651 10172
0 10173
0 10174
0 10175
0 10176
0 10177
0 10178
0 10179
0 10180
0 10181
0 10182
0 10183
0 10184
0 10185
0 10186
0 10187
0 10188
0 10189
0 10190
0 10191
21174512 10192
0 10193
0 10194
0 10195
0 10196
0 10197
30529420 10198
0 10199
0 10200
0 10201
0 10202
0 10203
0 10204
0 10205
0 10206
0 10207
0 10208
0 10209
0 10210
0 10211
0 10212
0 10213
0 10214
0 10215
0 10216
0 10217
0 10218
0 10219
0 10220
0 10221
0 10222
0 10223
0 10224
0 10225
0 10226
0 10227
0 10228
9300318 10229
0 10230
0 10231
0 10232
0 10233
0 10234
0 10235
0 10236
0 10237
0 10238
0 10239
0 10240
42313986 10241
0 10242
0 10243
0 10244
0 10245
0 10246
0 10247
0 10248
0 10249
0 10250
0 10251
907205 10252
0 10253
39064946 10254
17699751 10255
28549897 10256
0 10257
0 10258
56076140 10259
0 10260
0 10261
0 10262
0 10263
0 10264
0 10265
60095584 10266
91014731 10267
0 10268
0 10269
0 10270
0 10271
0 10272
0 10273
0 10274
0 10275
0 10276
0 10277
0 10278
0 10279
0 10280
0 10281
0 10282
0 10283
13753509 10284
0 10285
8893053 10286
17627660 10287
0 10288
7422560 10289
0 10290
0 10291
0 10292
0 10293
0 10294
18594722 10295
0 10296
0 10297
0 10298
0 10299
0 10300
33660718 10301
0 10302
0 10303
0 10304
0 10305
7888913 10306
0 10307
0 10308
0 10309
0 10310
0 10311
0 10312
0 10313
0 10314
0 10315
0 10316
0 10317
0 10318
0 10319
0 10320
0 10321
0 10322
0 10323
10780819 10324
0 10325
0 10326
0 10327
0 10328
0 10329
0 10330
0 10331
0 10332
0 10333
0 10334
0 10335
0 10336
0 10337
11646772 10338
0 10339
77573900 10340
0 10341
0 10342
0 10343
0 10344
0 10345
0 10346
8489241 10347
129405484 10348
0 10349
0 10350
0 10351
0 10352
0 10353
0 10354
0 10355
0 10356
0 10357
0 10358
0 10359
53209091 10360
0 10361
208713181 10362
1795634546 10363
206007296 10364
1140247864 10365
20876485 10366
173621284 10367
15996897 10368
374082559 10369
0 10370
12725156 10371
138538366 10372
23968158 10373
179060270 10374
325062768 10375
119984359 10376
0 10377
0 10378
0 10379
0 10380
0 10381
898721764 10382
24481930 10383
107126637 10384
90514520 10385
54634747 10386
0 10387
260996974 10388
0 10389
0 10390
0 10391
0 10392
6326508 10393
208400 10394
0 10395
437063679 10396
0 10397
0 10398
0 10399
0 10400
0 10401
104587416 10402
0 10403
0 10404
49655701 10405
0 10406
0 10407
0 10408
0 10409
0 10410
7686214 10411
0 10412
0 10413
0 10414
36948261 10415
0 10416
6083493 10417
13440931 10418
219766354 10419
31703178 10420
0 10421
0 10422
0 10423
0 10424
0 10425
0 10426
557532 10427
21255599 10428
0 10429
0 10430
217300314 10431
0 10432
0 10433
0 10434
0 10435
0 10436
26679816 10437
0 10438
46497231 10439
0 10440
158319012 10441
0 10442
0 10443
0 10444
0 10445
29047 10446
0 10447
0 10448
0 10449
9263616 10450
0 10451
5314095 10452
0 10453
34284136 10454
0 10455
61373171 10456
0 10457
96127375 10458
221705128 10459
0 10460
0 10461
0 10462
0 10463
0 10464
0 10465
1274456634 10466
0 10467
1146401 10468
83143589 10469
686511037 10470
0 10471
0 10472
0 10473
1329020 10474
0 10475
453987243 10476
0 10477
0 10478
0 10479
0 10480
0 10481
0 10482
0 10483
119398 10484
0 10485
0 10486
0 10487
0 10488
0 10489
0 10490
0 10491
0 10492
0 10493
0 10494
26932190 10495
0 10496
0 10497
0 10498
0 10499
0 10500
0 10501
0 10502
0 10503
0 10504
0 10505
0 10506
13102621 10507
0 10508
49174958 10509
0 10510
0 10511
0 10512
0 10513
0 10514
0 10515
0 10516
0 10517
0 10518
0 10519
0 10520
11450309 10521
0 10522
78619199 10523
44650993 10524
196856509 10525
22929576 10526
0 10527
0 10528
150258 10529
0 10530
53777705 10531
0 10532
309854829 10533
0 10534
0 10535
0 10536
0 10537
0 10538
0 10539
0 10540
16217572 10541
0 10542
0 10543
0 10544
0 10545
0 10546
0 10547
0 10548
0 10549
0 10550
95554507 10551
0 10552
96871359 10553
0 10554
0 10555
0 10556
0 10557
0 10558
0 10559
0 10560
0 10561
10538295 10562
0 10563
0 10564
0 10565
0 10566
0 10567
0 10568
0 10569
0 10570
0 10571
144286 10572
0 10573
0 10574
0 10575
0 10576
0 10577
0 10578
0 10579
0 10580
0 10581
0 10582
0 10583
0 10584
0 10585
0 10586
11784162 10587
0 10588
24503126 10589
0 10590
0 10591
15867429 10592
0 10593
0 10594
0 10595
0 10596
0 10597
0 10598
0 10599
0 10600
0 10601
28711600 10602
0 10603
0 10604
16056208 10605
0 10606
0 10607
0 10608
0 10609
0 10610
0 10611
0 10612
0 10613
156776 10614
0 10615
0 10616
0 10617
0 10618
0 10619
0 10620
0 10621
0 10622
0 10623
3760415 10624
0 10625
0 10626
0 10627
0 10628
0 10629
0 10630
0 10631
18801749 10632
0 10633
0 10634
0 10635
48262246 10636
0 10637
0 10638
0 10639
0 10640
0 10641
0 10642
0 10643
0 10644
0 10645
0 10646
0 10647
242029 10648
0 10649
0 10650
0 10651
4469063 10652
0 10653
81486014 10654
0 10655
0 10656
0 10657
0 10658
0 10659
0 10660
0 10661
0 10662
0 10663
5569713 10664
75220217 10665
0 10666
0 10667
22088221 10668
0 10669
0 10670
0 10671
0 10672
33444397 10673
127837765 10674
0 10675
0 10676
0 10677
0 10678
0 10679
12867774 10680
0 10681
0 10682
0 10683
0 10684
0 10685
64283935 10686
0 10687
0 10688
0 10689
0 10690
0 10691
0 10692
0 10693
0 10694
0 10695
0 10696
0 10697
0 10698
0 10699
24588678 10700
0 10701
0 10702
0 10703
8460664 10704
0 10705
292827145 10706
0 10707
0 10708
0 10709
0 10710
0 10711
0 10712
0 10713
0 10714
3055549 10715
0 10716
0 10717
0 10718
0 10719
0 10720
47834804 10721
0 10722
0 10723
3041605 10724
240596702 10725
42102433 10728
814473564 10729
0 10730
102156696 10731
0 10732
0 10733
0 10734
0 10735
0 10736
27982957 10737
0 10738
4492269 10739
1259169648 10741
7101724667 10742
59030 10743
38268373 10744
615938187 10745
1312766055 10746
4293722 10747
526141137 10748
0 10749
0 10750
0 10751
0 10752
76031360 10753
0 10754
0 10755
0 10756
0 10757
14019395 10758
54256760 10759
16789093 10760
1161032147 10761
20264557 10762
128816950 10763
0 10764
16162498 10765
14418674 10766
110270318 10767
2092964 10768
696897642 10769
0 10770
0 10771
0 10772
12299436 10773
0 10774
31157127 10775
0 10776
69204877 10777
0 10778
0 10779
0 10780
93071283 10781
0 10782
218422090 10783
0 10784
81225972 10785
0 10786
0 10787
0 10788
0 10789
0 10790
41611922 10791
0 10792
5537447 10793
0 10794
0 10795
0 10796
28061883 10797
0 10798
0 10799
0 10800
0 10801
0 10802
0 10803
0 10804
0 10805
0 10806
0 10807
0 10808
0 10809
0 10810
4530587 10811
0 10812
47862968 10813
0 10814
0 10815
0 10816
0 10817
0 10818
17844632 10819
0 10820
0 10821
0 10822
0 10823
0 10824
0 10825
0 10826
0 10827
0 10828
0 10829
0 10830
6358256 10831
122123250 10832
0 10833
0 10834
21989219 10835
0 10836
0 10837
0 10838
0 10839
0 10840
0 10841
532449644 10842
0 10843
0 10844
60809981 10845
0 10846
0 10847
2915296 10848
0 10849
4174712 10850
240327956 10851
0 10852
0 10853
0 10854
0 10855
0 10856
0 10857
0 10858
0 10859
0 10860
0 10861
0 10862
22493010 10863
0 10864
0 10865
0 10866
0 10867
0 10868
0 10869
0 10870
0 10871
0 10872
736829 10873
0 10874
0 10875
0 10876
8095162 10877
0 10878
0 10879
0 10880
1941607 10881
0 10882
85512907 10883
0 10884
0 10885
0 10886
0 10887
0 10888
0 10889
0 10890
42001813 10891
0 10892
0 10893
0 10894
0 10895
0 10896
17464733 10897
0 10898
0 10899
0 10900
18704645 10901
0 10902
83179261 10903
0 10904
0 10905
0 10906
0 10907
0 10908
0 10909
0 10910
0 10911
0 10912
8268000 10913
0 10914
0 10915
0 10916
0 10917
0 10918
0 10919
0 10920
0 10921
0 10922
0 10923
0 10924
0 10925
0 10926
0 10927
0 10928
0 10929
0 10930
0 10931
0 10932
0 10933
0 10934
0 10935
0 10936
0 10937
0 10938
0 10939
0 10940
0 10941
5621158 10942
0 10943
5089008 10944
516275598 10945
0 10946
0 10947
0 10948
0 10949
0 10950
0 10951
0 10952
111333682 10953
0 10954
0 10955
0 10956
0 10957
0 10958
0 10959
0 10960
0 10961
0 10962
0 10963
0 10964
0 10965
0 10966
0 10967
0 10968
0 10969
0 10970
0 10971
0 10972
0 10973
0 10974
0 10975
0 10976
0 10977
15951465 10978
0 10979
0 10980
0 10981
0 10982
0 10983
0 10984
0 10985
0 10986
0 10987
0 10988
21717040 10989
0 10990
120384235 10991
0 10992
0 10993
0 10994
0 10995
0 10996
0 10997
0 10998
0 10999
0 11000
0 11001
0 11002
0 11003
0 11004
0 11005
0 11006
0 11007
0 11008
0 11009
0 11010
0 11011
0 11012
0 11013
0 11014
0 11015
51204190 11016
0 11017
0 11018
0 11019
0 11020
0 11021
0 11022
0 11023
14633680 11024
0 11025
0 11026
0 11027
0 11028
0 11029
0 11030
0 11031
0 11032
0 11033
84815638 11034
0 11035
0 11036
0 11037
0 11038
0 11039
0 11040
0 11041
0 11042
0 11043
134705301 11044
0 11046
10590983 11047
0 11048
0 11049
145637602 11051
80581608 11052
287882510 11053
75131075 11054
154279568 11055
152715314 11056
0 11057
105850009 11058
663106501 11059
0 11060
56828133 11061
0 11062
0 11063
0 11064
80896837 11065
0 11066
0 11067
0 11068
0 11069
0 11070
0 11071
0 11072
0 11073
0 11074
476758 11075
0 11076
0 11077
0 11078
0 11079
16851186 11080
0 11081
0 11082
0 11083
0 11084
0 11085
28881369 11086
0 11087
0 11088
0 11089
0 11090
0 11091
0 11092
0 11093
0 11094
0 11095
35448039 11096
0 11097
0 11098
15304782 11099
0 11100
0 11101
0 11102
0 11103
0 11104
0 11105
0 11106
0 11107
0 11108
0 11109
0 11110
40183304 11111
0 11112
1979018 11113
0 11114
0 11115
0 11116
22389951 11117
0 11118
17511088 11119
0 11120
12968811 11121
0 11122
0 11123
0 11124
0 11125
0 11126
97703663 11127
33739220 11128
0 11129
51926694 11130
0 11131
0 11132
0 11133
0 11134
0 11135
0 11136
0 11137
0 11138
11142575 11139
0 11140
0 11141
0 11142
0 11143
0 11144
0 11145
0 11146
0 11147
0 11148
0 11149
0 11150
0 11151
0 11152
0 11153
0 11154
0 11155
0 11156
0 11157
0 11158
0 11159
4907678 11160
0 11161
0 11162
0 11163
0 11164
0 11165
0 11166
0 11167
0 11168
0 11169
25912972 11170
0 11171
0 11172
0 11173
0 11174
0 11175
0 11176
0 11177
0 11178
0 11179
38310991 11180
0 11181
0 11182
0 11183
0 11184
0 11185
0 11186
0 11187
0 11188
0 11189
0 11190
0 11191
0 11192
0 11193
0 11194
0 11195
0 11196
0 11197
0 11198
0 11199
0 11200
0 11201
0 11202
0 11203
0 11204
0 11205
0 11206
0 11207
0 11208
0 11209
0 11210
0 11211
0 11212
7273855 11213
0 11214
0 11215
0 11216
0 11217
0 11218
13285787 11219
0 11220
0 11221
0 11222
0 11223
0 11224
0 11225
0 11226
0 11227
0 11228
0 11229
0 11230
0 11231
0 11232
21850361 11233
0 11234
0 11235
0 11236
0 11237
0 11238
0 11239
0 11240
0 11241
0 11242
0 11243
0 11244
0 11245
0 11246
0 11247
0 11248
0 11249
0 11250
594379 11251
0 11252
0 11253
0 11254
0 11255
0 11256
65223983 11257
0 11258
0 11259
0 11260
11834879 11261
2761455642 11263
1814981786 11264
1263961552 11265
1279625758 11266
1681260823 11267
18504480 11268
296232317 11269
167620083 11270
641838402 11271
3530665485 11272
1319243146 11273
520178514 11274
552910986 11275
283128384 11276
0 11277
6482461 11278
0 11279
13609984 11280
22109351 11281
24160727 11282
2425867 11283
12966327 11284
0 11285
277280046 11286
156145008 11287
444123202 11288
235969680 11289
1978060 11290
189697035 11291
0 11292
349093896 11293
0 11294
0 11295
0 11296
39071313 11297
0 11298
0 11299
0 11300
31223196 11301
110541478 11302
48411871 11303
54125634 11304
23204603 11305
17807799 11306
0 11307
197436932 11308
0 11309
0 11310
145380704 11311
322248742 11312
148047803 11313
17753602 11314
388673573 11315
0 11316
56914967 11317
0 11318
0 11319
0 11320
35669491 11321
0 11322
22231426 11323
0 11324
19652722 11325
3419452 11326
35734368 11327
10923048 11328
0 11329
0 11330
22957085 11331
29730582 11332
496367731 11333
401514076 11334
1517 11335
59576000 11336
0 11337
0 11338
0 11339
0 11340
11132818 11341
46874714 11342
7358988 11343
849554267 11344
0 11345
0 11346
0 11347
11113909 11348
0 11349
0 11350
0 11351
0 11352
0 11353
0 11354
10233976 11355
0 11356
0 11357
14077459 11358
140931682 11359
0 11360
34338 11361
0 11362
0 11363
75635577 11364
231101213 11365
0 11366
1005965776 11367
0 11368
0 11369
0 11370
0 11371
59530758 11372
0 11373
165008004 11374
105540929 11375
0 11376
0 11377
0 11378
0 11379
0 11380
0 11381
63370913 11382
0 11383
0 11384
41777605 11385
0 11386
0 11387
30376508 11388
0 11389
8742975 11390
126997495 11391
0 11392
0 11393
0 11394
0 11395
0 11396
0 11397
0 11398
0 11399
0 11400
233291 11401
0 11402
36777120 11403
0 11404
0 11405
13361073 11406
11122104 11407
0 11408
13140536 11409
0 11410
183411576 11411
0 11412
0 11413
0 11414
0 11415
47179056 11416
0 11417
0 11418
0 11419
0 11420
0 11421
0 11422
0 11423
0 11424
2918615 11425
0 11426
3288659 11427
0 11428
0 11429
0 11430
0 11431
1121933 11432
39607215 11433
0 11434
87770811 11435
0 11436
10053713 11437
2875861 11438
0 11439
0 11440
117364 11441
39911882 11442
0 11443
19386161 11444
96731 11445
0 11446
0 11447
0 11448
0 11449
2585613 11450
0 11451
0 11452
52535459 11453
0 11454
22160465 11455
11780877 11456
0 11457
15165134 11458
0 11459
0 11460
0 11461
2543898 11462
0 11463
0 11464
0 11465
24258 11466
0 11467
0 11468
0 11469
4896287 11470
0 11471
11194583 11472
61202661 11473
0 11474
92838386 11475
0 11476
169701872 11477
0 11478
0 11479
0 11480
0 11481
0 11482
0 11483
0 11484
0 11485
0 11486
45319607 11487
0 11488
14735561 11489
7597539 11490
0 11491
0 11492
7152748 11493
0 11494
0 11495
0 11496
0 11497
0 11498
0 11499
105719005 11500
0 11501
2291455 11502
76175778 11503
0 11504
0 11505
0 11506
0 11507
0 11508
0 11509
0 11510
0 11511
0 11512
3376794 11513
0 11514
0 11515
0 11516
0 11517
0 11518
0 11519
0 11520
0 11521
0 11522
0 11523
0 11524
0 11525
0 11526
0 11527
0 11528
0 11529
0 11530
0 11531
0 11532
0 11533
0 11534
0 11535
40205220 11536
0 11537
0 11538
0 11539
0 11540
0 11541
0 11542
0 11543
0 11544
0 11545
0 11546
15287390 11547
5186723 11548
0 11549
0 11550
53449324 11551
0 11552
0 11553
0 11554
0 11555
0 11556
0 11557
38318432 11558
0 11559
0 11560
0 11561
0 11562
0 11563
0 11564
0 11565
107396884 11566
0 11567
0 11568
0 11569
0 11570
0 11571
0 11572
0 11573
0 11574
0 11575
0 11576
0 11577
0 11578
0 11579
24377764 11580
0 11581
0 11582
0 11583
0 11584
0 11585
0 11586
3038265 11587
0 11588
30375011 11589
0 11590
0 11591
0 11592
0 11593
0 11594
0 11595
0 11596
22823171 11597
0 11598
0 11599
0 11600
0 11601
0 11602
0 11603
102263 11604
0 11605
0 11606
0 11607
0 11608
0 11609
3540713 11610
0 11611
5604223 11612
0 11613
106875337 11614
0 11615
339010529 11616
133874 11617
0 11618
0 11619
0 11620
0 11621
26116952 11622
335537894 11623
0 11624
0 11625
0 11626
0 11627
0 11628
0 11629
0 11630
0 11631
11998763 11632
0 11633
0 11634
0 11635
0 11636
0 11637
27240648 11638
0 11639
0 11640
117897117 11641
0 11642
0 11643
0 11644
0 11645
0 11646
0 11647
0 11648
0 11649
0 11650
0 11651
0 11652
5028415 11653
93438 11654
0 11655
0 11656
16116756 11657
20576470 11658
0 11659
0 11660
0 11661
0 11662
0 11663
0 11664
0 11665
0 11666
27170880 11667
0 11668
10495867 11669
0 11670
17075168 11671
0 11672
0 11673
0 11674
0 11675
0 11676
52218156 11677
0 11678
0 11679
20139827 11680
71681529 11681
13189306 11682
424553073 11683
0 11684
0 11685
0 11686
0 11687
0 11688
0 11689
0 11690
0 11691
0 11692
0 11693
0 11694
0 11695
0 11696
0 11697
0 11698
0 11699
6771487 11700
0 11701
0 11702
0 11703
548248 11704
0 11705
0 11706
0 11707
0 11708
0 11709
0 11710
0 11711
59888355 11712
0 11713
0 11714
0 11715
0 11716
0 11717
16878802 11718
0 11719
5270914 11720
0 11721
0 11722
0 11723
0 11724
0 11725
48456839 11726
0 11727
34127771 11728
2113124 11729
198722133 11730
0 11731
0 11732
0 11733
535920869 11734
0 11735
0 11736
84143179 11737
0 11738
0 11739
0 11740
0 11741
0 11742
3886521 11743
0 11744
0 11745
0 11746
24129530 11747
0 11748
0 11749
5929466 11750
0 11751
0 11752
0 11753
13790180 11754
0 11755
0 11756
0 11757
0 11758
0 11759
0 11760
0 11761
0 11762
0 11763
0 11764
0 11765
0 11766
0 11767
0 11768
0 11769
0 11770
0 11771
0 11772
0 11773
0 11774
0 11775
0 11776
47586785 11777
0 11778
1136658 11779
0 11780
0 11781
0 11782
45605708 11783
0 11784
6041613 11785
0 11786
0 11787
0 11788
0 11789
0 11790
0 11791
92038427 11792
0 11793
0 11794
0 11795
0 11796
0 11797
5621447 11798
0 11799
0 11800
0 11801
276857 11802
0 11803
144102518 11804
0 11805
0 11806
0 11807
142648205 11808
0 11809
0 11810
0 11811
0 11812
0 11813
0 11814
0 11815
0 11816
0 11817
0 11818
0 11819
0 11820
0 11821
0 11822
0 11823
0 11824
0 11825
0 11826
0 11827
11091785 11828
0 11829
33600892 11830
0 11831
0 11832
0 11833
0 11834
0 11835
0 11836
0 11837
3634362 11838
0 11839
0 11840
0 11841
0 11842
0 11843
4584454 11844
0 11845
0 11846
0 11847
0 11848
0 11849
0 11850
0 11851
0 11852
1534085 11853
30287551 11854
0 11855
0 11856
0 11857
0 11858
0 11859
18556054 11860
0 11861
0 11862
0 11863
0 11864
0 11865
30768641 11866
0 11867
0 11868
0 11869
0 11870
0 11871
82982422 11872
0 11873
0 11874
3589647 11875
213915003 11876
0 11877
0 11878
1040 11879
0 11880
0 11881
0 11882
1048 11883
0 11884
0 11885
0 11886
0 11887
0 11888
0 11889
0 11890
0 11891
0 11892
0 11893
0 11894
27400781 11895
0 11896
0 11897
0 11898
0 11899
7449277 11900
0 11901
0 11902
0 11903
0 11904
0 11905
0 11906
0 11907
0 11908
12239528 11909
190227154 11910
0 11911
0 11912
0 11913
0 11914
0 11915
30740832 11916
0 11917
5008490 11918
354697346 11919
0 11920
0 11921
0 11922
0 11923
0 11924
0 11925
6414323 11926
0 11927
0 11928
0 11929
0 11930
0 11931
0 11932
0 11933
15767201 11934
33477266 11935
4373723921 11938
1778108219 11939
1216478709 11940
633037233 11941
1152938596 11942
2999256253 11943
4685263011 11945
1561204531 11946
665069753 11947
830217348 11948
1619623498 11949
2537144248 11950
163173811 11951
1138576592 11952
185600754 11953
281809539 11954
26375334 11955
364678073 11956
19041771 11957
10077 11958
330143144 11959
756759132 11960
244477467 11961
96665126 11962
106386413 11963
0 11964
108884101 11965
331892095 11966
0 11967
25154220 11968
0 11969
84049815 11970
198010631 11971
642627011 11972
148053596 11973
23506945 11974
173181457 11975
0 11976
864 11977
18362401 11978
136430803 11979
106869146 11980
440909138 11981
250981832 11982
25603104 11983
115970345 11984
47031811 11985
846294477 11986
53201288 11987
1274818196 11988
2342523694 11990
1860885963 11991
856241096 11992
1298340950 11993
163500623 11994
562740704 11995
384153606 11996
821841537 11997
0 11998
46166 11999
69335133 12000
735746281 12001
72720582 12002
61457682 12003
200307852 12004
0 12005
88008 12006
0 12007
94622162 12008
31395525 12009
390654550 12010
145017003 12011
0 12012
15241610 12013
0 12014
299096485 12015
0 12016
345220134 12017
0 12018
55977509 12019
0 12020
0 12021
47393110 12022
175265079 12023
33804192 12024
20094626 12025
11726160 12026
0 12027
0 12028
32688210 12029
28938572 12030
41870892 12031
236287491 12032
41776382 12033
87949216 12034
0 12035
21617698 12036
0 12037
87634455 12038
0 12039
0 12040
0 12041
112591912 12042
33736575 12043
344513122 12044
0 12045
47970235 12046
0 12047
0 12048
37199 12049
0 12050
38738831 12051
0 12052
81078454 12053
0 12054
48719937 12055
36890366 12056
0 12057
3334601 12058
873407 12059
0 12060
0 12061
85163513 12062
57427465 12063
356363639 12064
0 12065
0 12066
0 12067
0 12068
0 12069
0 12070
47684842 12071
131118839 12072
7736114 12073
346907727 12074
0 12075
0 12076
0 12077
0 12078
0 12079
0 12080
16483336 12081
2126811 12082
113793157 12083
0 12084
11619794 12085
0 12086
0 12087
0 12088
10790577 12089
0 12090
0 12091
0 12092
0 12093
0 12094
23741455 12095
117946849 12096
2395749 12097
0 12098
23998081 12099
0 12100
17823 12101
0 12102
0 12103
0 12104
0 12105
0 12106
396 12107
0 12108
13119471 12109
13598490 12110
91377499 12111
2662433 12112
0 12113
44066262 12114
0 12115
0 12116
0 12117
0 12118
0 12119
0 12120
17194176 12121
3623812 12122
46390409 12123
0 12124
0 12125
0 12126
0 12127
20107531 12128
25414548 12129
69260123 12130
14083545 12131
0 12132
114847323 12133
0 12134
525173722 12135
1141109 12136
0 12137
22827495 12138
36972105 12139
0 12140
0 12141
182813687 12142
0 12143
0 12144
25679 12145
8986157 12146
0 12147
0 12148
1847108 12149
34365220 12150
514352 12151
9045244 12152
98590190 12153
0 12154
517804005 12155
0 12156
2399216 12157
441618285 12158
0 12159
124397797 12160
0 12161
0 12162
0 12163
0 12164
0 12165
81284 12166
0 12167
33811222 12168
0 12169
0 12170
0 12171
0 12172
3023264 12173
0 12174
0 12175
118450184 12176
0 12177
0 12178
32813396 12179
0 12180
109587336 12181
0 12182
0 12183
148391465 12184
0 12185
0 12186
0 12187
0 12188
0 12189
0 12190
0 12191
0 12192
0 12193
0 12194
0 12195
0 12196
0 12197
0 12198
0 12199
8678448 12200
0 12201
0 12202
0 12203
7031181 12204
0 12205
0 12206
0 12207
0 12208
0 12209
7048591 12210
0 12211
0 12212
0 12213
0 12214
0 12215
0 12216
13132071 12217
0 12218
0 12219
0 12220
0 12221
4271298 12222
0 12223
0 12224
0 12225
16651773 12226
6580892 12227
241908011 12228
0 12229
0 12230
0 12231
0 12232
0 12233
0 12234
0 12235
0 12236
0 12237
0 12238
0 12239
0 12240
0 12241
0 12242
0 12243
0 12244
43809007 12245
0 12246
0 12247
0 12248
0 12249
7066602 12250
0 12251
86974859 12252
0 12253
12687200 12254
178847172 12255
0 12256
0 12257
0 12258
0 12259
0 12260
0 12261
0 12262
13880143 12263
0 12264
0 12265
7704870 12266
0 12267
0 12268
7070540 12269
37613265 12270
7973970 12271
252093642 12272
0 12273
0 12274
0 12275
0 12276
9062835 12277
32990849 12278
0 12279
60836489 12280
0 12281
0 12282
0 12283
4598021 12284
0 12285
3236569 12286
0 12287
0 12288
0 12289
0 12290
0 12291
35501090 12292
0 12293
106659597 12294
561 12295
0 12296
0 12297
4035638 12298
1503514 12299
76130565 12300
0 12301
29941497 12302
605422876 12303
0 12304
0 12305
0 12306
3591187 12307
0 12308
136655894 12309
496702989 12310
0 12311
0 12312
2088 12313
0 12314
0 12315
22586086 12316
0 12317
0 12318
38884146 12319
0 12320
0 12321
0 12322
0 12323
0 12324
7118337 12325
10955981 12326
67942743 12327
0 12328
13088119 12329
126890567 12330
0 12331
1494269 12332
12789841 12333
101314241 12334
405079129 12335
0 12336
42690344 12337
0 12338
225807709 12339
732629655 12340
0 12341
585 12342
164976343 12343
467440197 12344
143387348 12345
