193 7
5830253613 22
1249432412 23
6181600265 43
725101790 44
5921869997 45
1530591 46
1408601777 47
96292336 61
332803665 62
3322393155 63
0 64
1585774779 65
0 66
2271272017 67
0 74
96050133 75
0 76
640502506 77
0 78
1238716813 79
0 82
2561090 83
0 84
1 85
0 86
0 87
6682399634 102
1767738819 103
2333828570 104
1122647584 120
9823219027 122
745894852 123
17958254982 146
3357309 147
54651888673 148
924988887 149
2864631912 150
8901617306 151
0 152
1180055861 153
694701921 154
9929983949 178
12803919474 179
5224220282 180
19663107 181
8245982734 182
4564122122 183
9307283281 184
18782583 185
1336920075 186
372393104 187
1778167940 188
52047101274 210
13907960928 212
6139326604 215
14266936511 216
968968569 217
11924469134 218
11125 221
11828886439 222
215 223
7880712425 224
7949294225 245
1536684448 246
2989135 247
20168288 248
7223401697 249
9707530116 250
25692145316 251
19054127055 252
0 253
11714481238 254
3441360792 255
1002005102 256
3018 257
3111150813 258
0 259
752342308 260
0 261
6922305305 262
0 263
0 264
0 265
3105354081 266
788030 277
10945309781 278
1923337814 279
12779598471 280
4301 281
2798365525 282
98222120 283
2845678751 284
4025553 285
1321989613 286
0 287
1392286255 288
0 289
816621677 290
398246703 299
5916610998 300
6266 301
4513991511 302
0 305
1614941560 306
0 307
1274687506 308
587402887 315
795349602 316
0 317
975504409 318
0 319
1750476738 320
0 321
856970414 322
0 323
1050471146 324
0 325
0 326
0 327
351051512 328
0 331
1382280944 332
0 333
399168706 334
0 335
732173230 336
0 337
287927964 338
0 341
12143348 342
0 343
0 344
0 345
17570592 346
0 347
0 348
0 349
102745538 350
0 351
88577686 352
0 364
0 365
283438128 366
155052101 367
0 368
4266722321 386
445322243 387
3046127271 388
1473230135 389
5293027102 390
0 391
666175851 392
2072104698 393
38356926947 418
45 419
1882348568 420
6118071122 421
460662204 422
669037262 423
0 424
31721163 425
1100507051 426
1107566120 427
70738848 428
450180949 429
3884855058 430
0 431
0 432
403422697 433
0 434
47586314 435
1068473255 436
6269188849 455
8907330345 456
633742391 457
8397406918 458
3755357968 459
267145562 460
5103445964 461
18018545026 462
6980663198 463
14 464
1522406918 465
2868869534 466
10457160264 467
0 468
300586833 469
0 470
0 471
484 472
2376985692 473
6540 495
0 496
0 497
4025068143 498
28646 499
3018906227 500
528790146 501
332179393 502
0 503
0 504
1028020354 505
5528816 506
47856266 507
0 508
341763389 509
0 510
0 511
490934 512
1340843 513
0 514
0 515
0 516
214338096 517
10143878976 535
3121055563 536
3439122055 537
12633680224 538
581261971 539
6867938197 540
11542499070 541
0 542
42333393 543
155880240 544
11387055290 545
872360721 546
3393079954 547
114853 548
358043865 549
283 550
360337567 551
26086 552
2195595945 553
44957758 554
162848679 555
26321417 556
3230353954 557
34411345507 561
5691585879 562
6420934653 563
4216 564
0 565
4845075541 566
3767253373 567
0 568
30076601 569
1631834255 570
1391963116 574
3335637962 575
1661463368 576
0 577
0 578
765785499 579
464748203 580
0 581
200448279 582
3067216 583
0 596
9967797477 597
0 598
4102455722 599
0 600
0 601
0 602
219651198 603
3691541312 604
1448866812 605
78457585 606
2118371125 607
0 608
20285094022 609
0 610
677572051 611
0 612
2571696840 613
0 614
1030799257 615
0 616
308949487 617
0 618
0 619
0 620
756010109 621
63222866 622
780553905 623
839214986 632
2596270968 633
169870551 634
1852551970 635
0 636
377360841 637
42945876 638
2222118135 639
13321419 640
818315383 641
0 642
790044374 643
0 644
368199470 645
0 646
3580983216 647
0 648
20884103 649
0 650
110671370 651
0 652
119974994 653
0 654
586796914 655
0 660
0 661
0 662
285891434 663
0 664
297968771 665
0 666
0 667
0 668
0 669
0 670
57825782 671
0 672
50959374 673
0 674
73475426 675
431692826 678
1043395369 679
371968351 680
2133730965 681
0 682
378500290 683
0 684
0 685
81701051 686
632000306 687
0 688
865161 689
0 690
948162611 691
0 694
766070491 695
0 696
7328793393 697
0 698
385006538 699
0 700
333933006 701
0 702
971841633 703
0 704
895553353 705
0 706
0 707
0 708
44266262 709
0 710
0 711
0 712
502245 713
0 714
97974113 715
0 716
342944858 717
0 718
0 719
0 720
33967364 721
0 722
0 723
0 724
35458092 725
0 726
267731008 727
0 728
0 729
0 730
0 731
0 732
74316507 733
0 734
0 735
0 736
0 737
0 738
20173652 739
0 749
0 750
0 751
0 752
0 753
0 754
0 755
0 756
14343994 757
1888952793 765
2224048790 766
1893285198 767
2963723 768
719338930 769
1270509466 770
0 771
0 772
648849298 773
0 780
26651339 781
0 782
0 783
101928310 784
2351415947 785
53358719 786
0 787
0 788
507960926 789
737407904 790
0 791
0 792
0 793
0 794
0 795
312137 796
0 797
0 798
245644589 799
1139556021 804
148767226 805
811682920 806
0 807
55279501 808
198597005 809
2862147518 810
0 811
67991106 812
0 813
0 814
74685330 815
443827010 816
0 817
0 818
356805364 819
0 824
14567076 825
0 826
0 827
0 828
0 829
0 830
0 831
0 832
0 833
0 834
0 835
0 836
0 837
0 838
86345054 839
160045620 842
402062990 843
1734031 844
903629767 845
0 846
294308833 847
0 848
0 849
120779153 850
531115102 851
0 852
59251519 853
0 854
830220045 855
0 856
0 857
31543732 858
0 859
0 860
0 861
0 862
10257169 863
0 864
0 865
0 866
2526250 867
0 868
0 869
0 870
273090022 871
0 872
0 873
0 874
0 875
0 876
0 877
0 878
0 879
0 880
568029511 881
0 882
0 883
0 884
0 885
0 886
164094928 887
0 888
0 889
0 890
0 891
0 892
261285 893
0 897
0 898
0 899
0 900
0 901
0 902
74515947 904
33611713 905
162728073 906
0 907
0 908
16542267 909
0 910
0 911
0 912
0 913
0 914
0 915
11922544 916
0 917
0 918
31751531 919
0 920
0 921
0 922
0 923
0 924
29021065 925
0 926
0 927
0 928
0 929
2918546820 942
2117908154 943
991257761 944
2487450108 945
8056166588 965
1921004236 967
12754496901 969
14387763768 971
3845387023 972
3698054299 973
4595456198 1003
3754012166 1004
11584212363 1005
6256967265 1006
2051773464 1007
2627161771 1008
2881568546 1009
1124889420 1010
151277017 1011
6756898871 1012
3320590103 1013
2970358849 1014
4093470316 1015
991805755 1016
3847295097 1017
476675049 1018
1495865782 1019
0 1020
2059687371 1021
0 1022
0 1023
797906541 1024
2075949130 1025
3976035077 1050
12318033473 1051
3693453629 1052
492829284 1053
4424468814 1054
634152268 1055
0 1056
653782884 1057
870770824 1058
5915571039 1059
3553207484 1060
14385558130 1061
2627448801 1062
749 1063
799915298 1064
375800334 1065
1081336896 1066
0 1067
0 1068
29827162 1069
1138722891 1070
289328273 1071
2098732732 1072
4402525722 1086
3135759378 1087
8306758068 1088
2377991666 1089
9391988308 1090
1938931936 1091
11371720299 1092
2659689854 1093
1756204367 1094
600501291 1095
686025748 1096
131062076 1097
1305460925 1098
73589327 1099
3544202163 1100
2405299185 1111
8543740826 1112
2849432960 1113
12249206691 1114
2636508330 1115
4595846441 1116
0 1119
2649467126 1120
0 1121
1452044251 1122
2383125 1123
3375281574 1124
28746733 1135
3105553630 1136
0 1137
195973376 1138
113804729 1139
1867195421 1140
0 1141
1094916420 1142
257163740 1143
1876145855 1144
0 1145
6452177790 1146
0 1147
952474644 1148
623524437 1149
36944790 1150
0 1151
849145328 1152
0 1153
0 1154
67183904 1155
647425045 1156
172321094 1163
1086549000 1164
0 1165
479772331 1166
955743760 1167
2703508281 1168
1817559251 1169
2761359846 1170
0 1171
1799273321 1172
0 1173
560917922 1174
0 1175
0 1176
0 1177
100404047 1178
45948646 1179
522000679 1180
0 1183
2915935429 1184
31775946 1185
999176135 1186
0 1187
855365566 1188
16146021 1189
157355998 1190
0 1191
709457472 1192
0 1195
862085870 1196
0 1197
508712475 1198
0 1199
627614503 1200
0 1201
11239277 1202
0 1203
0 1204
0 1205
56066540 1206
0 1207
0 1208
0 1209
37392708 1210
0 1211
20106864 1212
0 1213
0 1214
0 1215
78588542 1216
0 1217
56707126 1218
3856509106 1234
13571344864 1235
569218041 1236
697075522 1237
941583735 1238
120036246 1239
7725476546 1240
0 1241
1221956484 1242
0 1243
1201282805 1244
18506844450 1249
12721643504 1252
2804739812 1254
309465812 1255
24023411 1267
2652274369 1268
13355963943 1270
3409473464 1271
3645126314 1276
4090451822 1277
44048326933 1278
20502662684 1279
5217522210 1280
980368513 1281
10037474276 1282
4047078859 1283
26965 1287
871268814 1288
2253616512 1289
0 1290
396884965 1291
1652208580 1292
0 1305
1515498275 1306
47114003 1307
146089316 1308
16084166976 1309
7027714574 1310
265786074 1311
6934000307 1312
0 1313
0 1314
0 1315
573888522 1316
0 1317
255745154 1318
18151450972 1319
598866994 1320
225324461 1321
5267935816 1322
884221477 1323
1526220258 1324
1223794120 1325
0 1326
0 1327
132701651 1328
2757320722 1329
2712190068 1330
0 1331
563384746 1332
0 1333
160483575 1334
0 1335
0 1336
0 1337
1284064777 1338
4997115863 1351
26811542442 1352
6297027289 1354
15170922514 1355
5875180037 1356
1352715788 1357
6513426199 1358
187241167 1361
10690003425 1362
1361160960 1365
7476244046 1366
237244384 1369
8170484327 1370
2689728708 1371
4612100234 1372
1108043859 1373
4260941720 1374
12371585 1375
3595669425 1376
983173 1385
5013691294 1386
451 1387
1120531053 1388
0 1389
2582948513 1390
0 1391
2538412072 1392
12447197060 1393
8386367817 1394
360938206 1395
3820483501 1396
53691789 1397
6568981849 1398
14390432 1399
1248528583 1400
2964694344 1401
4070490156 1402
0 1403
2125803495 1404
0 1405
217943147 1406
178717390 1407
2935909487 1408
0 1409
21170242 1410
225089034 1411
585323096 1412
0 1413
455279905 1414
0 1415
849878215 1416
0 1419
681537816 1420
10148486 1421
1241097750 1422
482 1423
1193544756 1424
0 1425
218791623 1426
916804053 1427
2535716661 1428
0 1429
898776471 1430
0 1431
365692981 1432
0 1437
6899686495 1438
4910372 1441
2754836308 1442
1372850 1443
745898030 1444
2047 1447
4063768341 1448
0 1449
2933150635 1450
0 1451
73049647 1452
0 1453
1242144466 1454
0 1459
0 1460
0 1461
136363965 1462
0 1463
0 1464
0 1465
417783791 1466
0 1467
28101409 1468
0 1469
0 1470
0 1471
1354563018 1472
0 1473
429943305 1474
0 1475
0 1476
0 1477
0 1478
0 1479
270023058 1480
0 1483
2455624141 1484
0 1485
2372555 1486
398955675 1487
85304784 1488
0 1489
765375397 1490
0 1491
113479000 1492
0 1493
17006615 1494
0 1495
0 1496
0 1497
303509195 1498
0 1499
12097706 1500
0 1508
0 1509
52 1510
0 1511
124062382 1512
0 1513
997805 1514
390557903 1534
0 1535
589880 1536
0 1537
0 1538
0 1539
26495405 1540
0 1541
22471456 1542
1400104475 1543
0 1544
2311598481 1545
0 1546
0 1547
0 1548
721466310 1549
0 1550
0 1551
429496579 1552
1216573317 1572
5436884579 1573
484909620 1574
52518663 1575
874686029 1576
2772346207 1577
865127091 1578
52532389 1579
78991368 1580
4380116722 1581
3178937346 1582
51874834 1583
1481538474 1584
0 1585
26714370 1586
98808559 1587
273528099 1588
2526492 1589
1997173774 1590
118890 1595
10782378518 1596
344170 1597
0 1598
943332957 1599
4170996775 1600
4892063773 1601
0 1602
0 1603
0 1604
527649110 1605
114106026 1606
1211963401 1607
0 1608
518737849 1609
123764266 1610
17736579 1611
19472269 1622
1780432947 1623
1973873657 1624
205048 1625
55 1626
56682416500 1627
37 1628
0 1629
0 1630
13464423827 1631
305562213 1632
7144633851 1633
0 1634
4954017529 1635
1276235432 1636
562334397 1637
1004362445 1638
9417650020 1639
805693839 1640
0 1641
0 1642
0 1643
0 1644
0 1645
0 1646
95277071 1647
0 1648
345193286 1649
195796813 1650
218687809 1659
670440783 1660
144402358 1661
72845962 1662
565 1663
0 1664
0 1665
0 1666
0 1667
0 1668
0 1669
0 1670
1496057127 1671
0 1672
524530128 1673
0 1674
1642622804 1675
0 1676
0 1677
0 1678
0 1679
0 1680
0 1681
597968544 1682
0 1683
58094825 1684
45712728 1685
470666179 1702
30513076576 1703
2827614170 1704
4857885756 1705
13634609444 1706
7 1707
6086098913 1708
2787769619 1709
0 1710
50057775 1711
7747722 1712
9 1713
4636008938 1714
1573147855 1715
1591111143 1716
3035009191 1717
22832831014 1718
178862296 1719
300670128 1720
733792430 1721
479448186 1722
6346216230 1723
0 1724
1515649253 1725
208343733 1726
2522844663 1727
923429504 1728
114895781 1729
4730193543 1730
9375893372 1731
0 1732
756713395 1733
64809271 1734
46635 1735
105354900 1736
125444648 1737
0 1738
0 1739
353918740 1740
364527818 1741
0 1742
72 1743
0 1744
108917588 1745
0 1746
174991277 1747
0 1748
1472683710 1749
362961918 1762
6843789007 1763
198969491 1764
823034801 1765
0 1766
1493668906 1767
2 1768
631056015 1769
157815584 1770
34307017 1771
196052223 1772
3578477903 1773
18643354721 1774
4327328549 1775
1066129093 1776
2110301184 1777
894455309 1778
1452566697 1779
288094624 1780
3365480809 1781
0 1782
287980627 1783
0 1784
458103250 1785
0 1786
1702071581 1787
122142018 1788
5427636167 1789
166205725 1790
0 1791
354316877 1792
215246468 1793
226706350 1794
0 1795
0 1796
662515485 1797
0 1798
351831 1799
0 1800
61135474 1801
0 1802
258898987 1803
5541863 1804
1645536946 1805
0 1812
0 1813
0 1814
757234949 1815
26737441 1816
246941311 1817
0 1818
0 1819
0 1820
0 1821
0 1822
44497673 1823
0 1824
0 1825
0 1826
0 1827
0 1828
0 1829
0 1830
0 1831
0 1832
0 1833
0 1834
0 1835
0 1836
72157178 1837
73607210 1844
0 1845
0 1846
0 1847
1284306 1848
360012270 1849
2008184328 1850
644380893 1851
0 1852
128 1853
0 1854
0 1855
0 1856
0 1857
233473431 1858
7 1859
0 1860
38180807 1861
0 1862
0 1863
1985657 1864
415147471 1865
0 1866
6077423 1867
0 1868
263726677 1869
0 1870
0 1871
0 1872
58608786 1873
0 1874
3090840 1875
0 1876
447287467 1877
0 1878
241725716 1879
0 1880
339951666 1881
43122951 1884
1050298581 1885
241907203 1886
390060585 1887
54618171 1888
285613364 1889
0 1890
236346874 1891
0 1892
501540341 1893
0 1894
168455735 1895
9815476 1896
2377629740 1897
0 1898
1088423507 1899
0 1900
31043851 1901
0 1902
79892658 1903
0 1904
1544103059 1905
0 1908
14107547399 1909
0 1910
7600855630 1911
150267503 1912
1815404277 1913
0 1914
122508653 1915
940 1916
4385610135 1917
540891021 1918
1910321028 1919
0 1920
678745134 1921
0 1922
286532490 1923
121179 1924
329788975 1925
0 1926
1528819935 1927
0 1928
3346938155 1929
0 1930
3328328243 1931
0 1932
271799527 1933
0 1934
0 1935
0 1936
15615495 1937
0 1938
3378650 1939
0 1940
0 1941
0 1942
1270886720 1943
0 1944
0 1945
0 1946
155328909 1947
0 1948
0 1949
0 1950
1196253725 1951
0 1952
0 1953
0 1954
218913758 1955
0 1956
180 1957
0 1958
37060502 1959
0 1960
0 1961
0 1962
253663257 1963
0 1964
328380176 1965
0 1966
0 1967
0 1968
0 1969
0 1970
120368853 1971
0 1972
209574484 1973
0 1974
0 1975
0 1976
103748795 1977
8342744 1978
6254683 1979
0 1980
0 1981
0 1982
0 1983
0 1984
0 1985
0 1986
0 1987
0 1988
0 1989
0 1990
20072068 1991
0 1992
0 1993
0 1994
233296893 1995
0 1996
0 1997
0 1998
0 1999
0 2000
20418998 2001
0 2002
0 2003
0 2004
0 2005
0 2006
0 2007
0 2008
0 2009
0 2010
0 2011
0 2012
0 2013
0 2014
2843900 2015
0 2016
758160579 2017
0 2018
1121204356 2019
0 2020
3440122 2021
0 2022
35404113 2023
0 2024
0 2025
0 2026
27305881 2027
0 2028
23552342 2029
0 2030
96096060 2031
0 2032
397815416 2033
0 2034
53218467 2035
0 2036
440 2037
0 2038
128219769 2039
0 2040
12743385 2041
0 2042
78504879 2043
0 2044
0 2045
0 2046
0 2047
0 2048
0 2049
0 2050
24506 2051
0 2052
0 2053
0 2054
1076538 2055
0 2056
31088844 2057
589168400 2073
0 2074
256631006 2075
521821847 2076
0 2077
0 2078
368105330 2079
30752216 2080
347 2081
0 2082
0 2083
477197206 2084
0 2085
60967893 2086
0 2087
110185065 2088
90415231 2089
6173489298 2104
462503109 2105
6527157127 2106
2451113763 2107
610736081 2108
1049892972 2109
1600088024 2110
4125052090 2111
2429627894 2112
1666139989 2113
740125172 2114
145382101 2115
239853015 2116
1030834947 2117
0 2118
698020859 2119
3512463030 2120
0 2130
934953337 2131
1419369565 2132
5267599838 2133
0 2134
7044135436 2135
60573549 2136
0 2137
216056031 2138
1078417100 2139
1261551918 2140
0 2141
0 2142
722303102 2143
1334973631 2144
0 2145
19808397 2146
0 2147
0 2148
0 2149
235424998 2150
0 2151
216292845 2152
337760328 2153
8636004240 2163
10071567623 2164
1143764879 2165
10369465228 2166
607286779 2167
976586963 2168
448783067 2169
1930221889 2170
5490136875 2171
1231095211 2172
22921698 2173
3442584876 2174
7527305925 2175
0 2176
505155377 2177
124857209 2178
0 2179
50133023 2180
483578925 2181
0 2182
43815146 2183
1503493034 2184
4519483345 2196
8500803817 2197
4287824782 2198
5400315050 2199
2848832087 2200
180768541 2201
4872439852 2202
1110151724 2203
0 2204
0 2205
7663052530 2206
3158045482 2207
710405144 2208
18118514523 2209
0 2210
256082 2211
12361431 2212
147791631 2213
0 2214
435098531 2215
0 2216
0 2217
382178656 2218
0 2219
1589 2220
13558332752 2221
4058261 2222
3099426098 2223
24846217 2224
720942438 2225
154317167 2226
411648919 2227
144811975 2228
25401705 2229
172147962 2230
971252353 2231
1169931141 2242
6087479189 2243
0 2244
671666862 2245
1403073537 2246
2124743714 2247
202895583 2248
519 2249
2259906993 2250
1630068466 2251
76927181 2252
1847042875 2253
2187708091 2254
3012571773 2255
231406856 2256
144748224 2257
75010437 2258
468718620 2259
2629128 2260
0 2261
457488867 2262
1057176496 2263
107625091 2264
1539865466 2265
1653 2266
2087008779 2267
0 2268
88813869 2269
42610638 2270
933465860 2271
0 2272
110 2273
4613657 2274
1163592833 2275
0 2288
155109075 2289
1103 2290
1049658958 2291
0 2292
0 2293
0 2294
0 2295
0 2296
0 2297
419962363 2298
593254228 2299
42483 2300
4720759625 2301
0 2302
23459494 2303
0 2304
8605341 2305
0 2306
0 2307
0 2308
0 2309
0 2310
0 2311
0 2312
0 2313
0 2314
0 2315
4376 2316
282560127 2317
0 2318
0 2319
0 2320
488361415 2321
0 2322
43119447 2323
0 2324
0 2325
0 2326
10935429 2327
0 2328
100620704 2329
0 2330
97553111 2331
0 2340
489774313 2341
3450601 2342
435580245 2343
413479 2344
277059315 2345
177965070 2346
3313945078 2347
6737361097 2348
4944292931 2349
2144722 2350
269051395 2351
24990013 2352
51786171 2353
0 2354
1231366632 2355
360134536 2356
0 2357
0 2358
0 2359
0 2360
209909300 2361
451141554 2362
201590002 2363
0 2364
2242917 2365
0 2366
464772885 2367
0 2368
469271469 2369
0 2370
897460626 2371
0 2372
0 2373
3 2374
95625464 2375
0 2376
35278487 2377
2 2378
1398436698 2379
0 2384
0 2385
0 2386
255570141 2387
0 2388
428 2389
0 2390
0 2391
0 2392
0 2393
0 2394
0 2395
0 2396
8103738 2397
0 2398
166113713 2399
0 2400
5108170 2401
33294288 2402
8222952 2403
0 2404
0 2405
0 2406
62080477 2407
0 2408
2391569 2409
0 2410
265814213 2411
263440562 2414
3971702799 2415
5184089166 2416
2576664451 2417
0 2418
782634909 2419
1429361106 2420
1623425264 2421
13315232 2422
528460833 2423
166902707 2424
202621714 2425
0 2426
2320695613 2427
16094022 2428
803110689 2429
13968712 2430
478411804 2431
47116 2432
167841857 2433
85463182 2434
1270427713 2435
0 2436
144005483 2437
2369107 2438
2146417755 2439
2078 2442
3618179193 2443
347106422 2444
7595244653 2445
96810654 2446
3065277832 2447
687 2448
1841634152 2449
0 2450
2266227709 2451
52119 2452
1582635607 2453
0 2454
774901429 2455
199678453 2456
83382432 2457
44698113 2458
286364495 2459
0 2460
71220891 2461
42294856 2462
1608132456 2463
358137016 2464
1311140037 2465
0 2466
1326240 2467
0 2468
419558270 2469
0 2470
0 2471
0 2472
367482142 2473
0 2474
0 2475
0 2476
1422196481 2477
0 2478
0 2479
0 2480
172307819 2481
0 2482
0 2483
0 2484
50471824 2485
0 2486
1373205962 2487
2234800 2488
223474689 2489
0 2490
504717697 2491
0 2492
0 2493
0 2494
254285882 2495
0 2496
435386354 2497
0 2498
72536688 2499
0 2500
97771885 2501
0 2502
0 2503
0 2504
0 2505
0 2506
0 2507
0 2508
0 2509
0 2510
0 2511
0 2512
291035049 2513
0 2514
623049391 2515
0 2516
0 2517
0 2518
363121187 2519
0 2520
564525316 2521
0 2522
16036 2523
0 2524
0 2525
0 2526
0 2527
0 2528
185150242 2529
0 2530
0 2531
0 2532
73747763 2533
0 2534
0 2535
0 2536
396160672 2537
0 2538
7377483 2539
0 2540
150746207 2541
0 2542
0 2543
0 2544
0 2545
0 2546
0 2547
0 2548
0 2549
0 2550
27532335 2551
0 2552
85084808 2553
0 2554
788520459 2555
0 2556
0 2557
111690308 2558
0 2559
0 2560
27359858 2561
0 2562
221685910 2563
0 2564
89757075 2565
0 2566
207054402 2567
0 2568
2095047270 2569
0 2570
2119717036 2571
0 2572
45850591 2573
0 2574
25113641 2575
0 2576
0 2577
0 2578
274906847 2579
0 2580
359964270 2581
0 2582
0 2583
0 2584
86011589 2585
0 2586
0 2587
0 2588
242917732 2589
0 2590
3263224 2591
0 2592
8791535 2593
0 2594
0 2595
0 2596
0 2597
81849013 2598
44752787 2599
0 2600
19667971 2601
0 2602
67199240 2603
0 2604
14770659 2605
0 2606
14288146 2607
0 2608
187756620 2609
0 2610
0 2611
0 2612
51668522 2613
0 2614
141160283 2615
816 2621
0 2622
81132 2623
446528682 2624
10046 2626
622077324 2627
7555399966 2637
9550928209 2638
10405618180 2639
5551773870 2640
2356667973 2641
1941003335 2642
0 2646
62410450 2647
6253509408 2648
365851 2649
345191676 2650
3457687905 2651
717018 2659
23955233 2660
13967929 2661
710139304 2662
0 2663
140 2664
0 2665
0 2666
17409 2667
0 2668
42429041 2669
0 2670
0 2671
76418 2672
0 2673
41740799 2674
0 2675
3059 2676
0 2677
353577243 2678
0 2679
0 2680
258028623 2681
0 2682
0 2683
0 2684
0 2685
31348595 2686
0 2687
0 2688
71430731 2689
7360176 2690
6820721768 2699
7834812485 2700
132379 2701
8347475685 2702
284681502 2703
2649587055 2704
442386598 2705
1531903781 2706
67657942 2707
1639663754 2708
0 2709
339527355 2710
85 2711
2574102076 2712
7545948 2713
607540404 2714
0 2715
1507507721 2716
89407123 2717
9450536726 2718
0 2719
153547176 2720
0 2721
2823196686 2722
0 2723
0 2724
0 2725
462387677 2726
0 2727
3436948 2728
0 2729
756029571 2730
1190826255 2735
331 2736
0 2737
1269797140 2738
0 2739
16109298 2740
0 2741
0 2742
0 2743
20822720 2744
0 2745
275879546 2746
0 2747
0 2748
2364 2749
251123551 2750
0 2751
1007707 2752
0 2753
862 2754
0 2755
210172077 2756
0 2757
29364966 2758
3974455552 2761
173122603 2762
1677981326 2763
5209467508 2764
481075839 2765
271561652 2766
247 2767
149463367 2768
0 2769
1303846416 2770
0 2771
796104688 2772
18198138 2773
10290716 2774
0 2775
6402765035 2776
0 2777
199788855 2778
0 2779
616712959 2780
173711610 2781
75806827 2782
0 2783
641877160 2784
0 2788
31487 2789
0 2790
0 2791
0 2792
0 2793
0 2797
0 2798
2277870691 2799
0 2800
109262128 2801
718851249 2802
0 2804
0 2805
532785745 2806
215172430 2807
0 2808
299643 2809
0 2813
109713 2814
2171731739 2815
0 2816
128536921 2817
625782559 2818
253276714 2819
0 2820
664329736 2821
0 2822
1894969 2823
0 2824
0 2825
0 2826
973082378 2827
21521 2828
718524043 2829
0 2830
0 2831
0 2832
0 2833
0 2834
0 2835
0 2836
0 2837
0 2838
0 2839
0 2840
176634140 2841
0 2842
0 2843
2929564 2844
478167527 2845
0 2846
0 2847
219493447 2848
1408964960 2849
0 2850
0 2851
0 2852
0 2853
0 2854
117577104 2855
0 2856
102732284 2857
0 2858
2662546661 2859
0 2860
247055834 2861
0 2862
904551679 2863
0 2864
1116438262 2865
0 2866
382433053 2867
0 2868
0 2869
0 2870
5828514 2871
0 2872
35050761 2873
0 2874
142331622 2875
764782571 2876
4411226791 2877
0 2878
0 2879
0 2880
1120881018 2881
0 2882
0 2883
0 2884
164200566 2885
0 2886
0 2887
0 2888
340556900 2889
0 2890
462980274 2891
0 2892
896611429 2893
0 2894
0 2895
0 2896
122429699 2897
8581038 2898
83311494 2899
196223908 2900
212276214 2901
0 2902
40437837 2903
0 2904
201484294 2905
0 2906
63621533 2907
0 2908
237451128 2909
0 2910
962338645 2911
374605 2912
20076821 2913
0 2914
0 2915
46417007 2916
1541734377 2917
0 2918
153553894 2919
25448944 2920
18194415 2921
0 2922
0 2923
0 2924
292429302 2925
0 2930
784101824 2931
0 2932
341803194 2933
0 2934
310533551 2935
0 2936
125139959 2937
68855687 2940
22 2941
0 2942
2629781825 2943
0 2944
6785240 2945
0 2946
1114651438 2947
0 2948
0 2949
0 2950
130225364 2951
0 2952
0 2953
0 2954
0 2955
0 2956
21363476 2957
0 2958
0 2959
0 2960
272343366 2961
0 2962
146894991 2963
0 2964
28352490 2965
0 2966
433825717 2967
0 2968
651515 2969
0 2970
95826247 2971
0 2972
94810361 2973
0 2981
0 2982
0 2983
0 2984
0 2985
0 2986
0 2987
0 2988
427375281 2989
0 2990
0 2991
0 2992
33510631 2993
0 2994
0 2995
0 2996
0 2997
0 2998
0 2999
20659458 3000
0 3008
286616833 3009
2865254967 3010
0 3011
329681 3012
93884824 3013
0 3014
143315376 3015
388804746 3016
0 3017
0 3018
1200527767 3019
0 3020
0 3021
1546149361 3022
0 3023
0 3024
69772702 3025
0 3026
0 3027
859803938 3028
0 3032
0 3033
0 3034
0 3035
0 3036
186440557 3037
0 3038
0 3039
0 3040
0 3041
0 3042
0 3043
0 3044
0 3045
0 3046
0 3047
0 3048
0 3052
0 3053
0 3054
247815276 3055
0 3056
0 3057
187449498 3058
0 3059
0 3060
113386719 3061
0 3062
0 3063
0 3064
126462444 3065
0 3066
0 3067
59992161 3068
0 3073
5160507 3074
0 3075
34314485 3076
0 3077
0 3078
0 3079
0 3080
0 3081
49324036 3082
0 3083
10635657 3084
0 3085
0 3086
0 3087
0 3088
0 3089
0 3090
0 3091
0 3092
0 3093
0 3094
0 3095
0 3096
0 3097
0 3098
0 3099
27532933 3100
89044510 3103
265609358 3104
83184398 3105
850422120 3106
70607 3107
18 3108
0 3109
369803693 3110
0 3111
285761266 3112
0 3113
735254365 3114
0 3115
184406303 3116
247524925 3117
500515857 3118
0 3119
6827437 3120
0 3121
554532372 3122
0 3123
0 3124
0 3125
11163329 3126
0 3127
0 3128
0 3129
621024953 3130
0 3131
0 3132
0 3133
0 3134
0 3135
0 3136
0 3137
0 3138
0 3139
0 3140
0 3141
0 3142
0 3143
0 3144
0 3145
0 3146
0 3147
45544445 3148
0 3149
20903 3150
67226450 3151
56200982 3152
0 3153
0 3154
0 3155
0 3156
0 3157
65214947 3158
0 3159
5253517 3160
65576605 3161
0 3162
110734639 3163
319970106 3164
0 3165
0 3166
55899695 3167
0 3168
0 3169
69505035 3170
0 3171
0 3172
0 3173
0 3174
0 3175
10829031 3176
0 3177
0 3178
0 3179
276371236 3180
0 3181
0 3182
0 3183
0 3184
0 3185
70677022 3186
0 3187
0 3188
0 3189
0 3190
0 3191
0 3192
5363395 3193
0 3194
0 3195
15004059 3196
0 3197
1670571 3198
128064628 3199
230631716 3200
0 3201
0 3202
0 3203
4822 3204
0 3205
0 3206
0 3207
11028349 3208
0 3209
0 3210
0 3211
18204997 3212
0 3213
0 3214
0 3215
0 3216
0 3217
56696455 3218
0 3219
22 3220
0 3221
634950400 3222
0 3223
38240851 3224
0 3225
0 3226
0 3227
137747442 3228
0 3229
0 3230
0 3231
116306267 3232
0 3233
0 3234
0 3235
30904162 3236
0 3237
1396989 3238
0 3239
235323025 3240
0 3241
0 3242
0 3243
186197723 3244
0 3245
0 3246
0 3247
0 3248
0 3249
0 3250
0 3251
0 3252
0 3253
0 3254
0 3255
0 3256
0 3257
345654630 3258
0 3259
0 3260
0 3261
1035441259 3262
0 3263
0 3264
0 3265
1357203 3266
0 3267
0 3268
47209150 3269
197926423 3270
0 3271
0 3272
0 3273
0 3274
0 3275
0 3276
0 3277
0 3278
0 3279
0 3280
0 3281
9569719 3282
0 3283
372890523 3284
0 3285
0 3286
0 3287
0 3288
0 3289
0 3290
0 3291
65544855 3292
0 3293
0 3294
0 3295
0 3296
0 3297
0 3298
0 3299
0 3300
0 3301
0 3302
0 3303
0 3304
0 3305
32830497 3306
0 3307
27094400 3308
0 3309
18228021 3310
0 3311
109282851 3312
0 3316
0 3317
0 3318
0 3319
0 3320
0 3321
0 3322
0 3323
0 3324
0 3325
0 3326
0 3327
49566815 3329
96703391 3330
992654518 3331
0 3332
1287589 3333
216926317 3334
0 3335
54323113 3336
456488681 3337
0 3338
59902836 3339
609698272 3340
0 3341
0 3342
16719052 3343
0 3344
0 3345
0 3346
0 3347
0 3348
0 3349
0 3350
0 3351
0 3352
9320331 3353
0 3354
0 3355
143214 3356
0 3357
0 3358
141076390 3359
0 3360
14445509 3361
184552124 3362
0 3363
0 3364
206016640 3365
160653633 3366
0 3367
0 3368
0 3369
0 3370
0 3371
0 3372
0 3373
6748515 3374
0 3375
344809215 3376
0 3377
56588408 3378
0 3379
272519648 3380
0 3381
0 3382
0 3383
8026181 3384
0 3385
0 3386
0 3387
0 3388
0 3389
0 3390
0 3391
0 3392
0 3393
0 3394
0 3395
23049127 3396
0 3397
89139556 3398
0 3399
18356964 3400
0 3401
0 3402
0 3403
101868574 3404
0 3405
0 3406
0 3407
0 3408
0 3409
79843320 3410
0 3414
0 3415
77 3416
0 3417
0 3418
3 3419
0 3421
0 3422
1426888127 3423
0 3424
100779596 3425
472519425 3426
0 3427
0 3428
0 3429
0 3430
0 3431
0 3432
0 3433
0 3434
0 3435
0 3436
0 3437
0 3438
0 3439
369436712 3440
0 3441
68107532 3442
0 3443
0 3444
0 3445
76277434 3446
0 3447
0 3448
0 3449
0 3450
0 3451
12786842 3452
0 3453
0 3454
0 3455
0 3456
0 3457
0 3458
0 3459
0 3460
0 3461
328834381 3462
0 3463
0 3464
7731219 3465
0 3466
0 3467
11871726 3468
0 3469
0 3470
0 3471
0 3472
0 3473
62222 3474
0 3475
0 3476
0 3477
0 3478
0 3479
33617125 3480
0 3481
0 3482
0 3483
3034065 3484
43324868 3494
641019604 3495
291376146 3496
0 3497
0 3498
0 3499
642810788 3500
35919658 3501
205003402 3502
0 3503
303673589 3504
777766231 3516
0 3517
0 3518
0 3519
238977 3520
682083829 3521
460 3522
0 3523
634132491 3524
0 3525
205152389 3526
58902333 3527
0 3528
0 3529
0 3530
0 3531
0 3532
0 3533
0 3534
0 3535
0 3536
168457825 3537
0 3538
0 3539
0 3540
0 3541
0 3542
0 3543
0 3544
0 3545
0 3546
223713728 3547
0 3556
0 3557
211126507 3558
0 3559
0 3560
0 3561
0 3562
344944119 3563
508659771 3564
262055449 3565
0 3566
0 3567
0 3568
0 3569
0 3570
0 3571
0 3572
0 3573
0 3574
44921849 3575
0 3576
0 3577
0 3578
16273977 3579
0 3580
0 3581
0 3582
0 3583
0 3584
103949469 3585
0 3586
128597519 3587
0 3590
103736671 3591
181 3592
266879839 3593
0 3594
232200 3595
0 3596
0 3597
0 3598
69307946 3599
0 3600
101724763 3601
0 3602
212180986 3603
0 3606
1280 3607
0 3608
0 3609
0 3610
0 3611
0 3612
0 3613
0 3614
0 3615
0 3616
0 3617
0 3618
0 3619
0 3620
0 3621
6920121 3622
0 3623
170496049 3624
0 3625
0 3626
0 3627
0 3628
0 3629
0 3630
0 3631
0 3632
0 3633
0 3634
0 3635
0 3636
0 3637
0 3638
0 3639
0 3640
0 3641
0 3642
0 3643
0 3644
0 3645
0 3646
0 3647
0 3648
0 3649
0 3650
0 3651
0 3652
0 3653
0 3654
0 3655
0 3656
0 3657
0 3658
0 3659
56431794 3660
0 3661
0 3662
0 3663
40422545 3664
0 3665
0 3666
0 3667
30116316 3668
0 3669
0 3670
8072420738 3681
1133469868 3682
484995758 3683
2391959520 3684
1984288404 3685
1319298444 3686
1575576743 3687
22013517 3688
97911930 3689
611462344 3690
3537316998 3691
228925331 3705
6066516526 3706
3109680902 3707
993727939 3708
1319899424 3709
1815082021 3710
2563749628 3711
17515679 3712
19739925 3713
6468326 3714
4692416293 3715
16046225 3716
302 3717
497877284 3718
550673992 3719
430825915 3720
11217903507 3721
2396337922 3722
12125428480 3723
3146678278 3724
0 3725
31572796 3726
0 3727
71097341 3728
49924985 3729
4509307792 3730
585618331 3731
586229075 3732
63958293 3733
482697108 3734
0 3735
0 3736
0 3737
119690712 3738
286357221 3739
0 3740
0 3741
132201814 3742
51 3743
279125788 3744
371398782 3745
1441660752 3746
373233765 3763
3620637929 3764
1899508447 3765
131506019 3766
1793750784 3767
3982444932 3768
454159055 3769
367605870 3770
1595806786 3771
0 3772
970610577 3773
51612769 3774
1492138 3775
0 3776
366752276 3777
402871661 3778
1019455249 3779
0 3780
2112310203 3781
3652497911 3782
10422659542 3783
5875568609 3784
70022441 3785
604196807 3786
0 3787
441304 3788
226444257 3789
141679788 3790
10132132 3791
386228421 3792
67210568 3793
1859442367 3794
73872837 3795
819 3796
0 3797
1055710675 3798
8518030 3799
977106 3800
0 3801
0 3802
0 3803
0 3804
126688 3805
220975045 3806
0 3807
0 3808
631151 3809
135192747 3810
0 3811
66423785 3812
149595534 3813
2469014031 3814
188129969 3824
5542701157 3825
1079222414 3826
826761184 3827
889084912 3828
0 3829
675139537 3830
206008585 3831
1005109150 3832
7457287639 3833
2198222789 3834
4896539427 3835
342529417 3836
420259204 3837
132786696 3838
579905949 3839
0 3840
624161775 3841
0 3842
715998777 3843
10858637 3844
3402648106 3845
0 3846
26170550 3847
14763637 3848
105274345 3849
9706256 3850
327559435 3851
0 3852
37287401 3853
16029237 3854
174141955 3855
30 3856
1325624823 3857
0 3863
0 3864
0 3865
35889863 3866
0 3867
76298957 3868
0 3869
0 3870
0 3871
0 3872
0 3873
0 3874
7759915 3875
0 3876
0 3877
0 3878
0 3879
105998707 3880
0 3881
0 3882
0 3883
21700299 3884
0 3885
58837293 3886
0 3893
362464281 3894
0 3895
0 3896
826608686 3897
950265167 3898
1873814693 3899
433467055 3900
7622615 3901
482330643 3902
0 3903
0 3904
99953977 3905
249 3906
4709871 3907
165644272 3908
28404583 3909
145022163 3910
0 3911
0 3912
0 3913
183397650 3914
0 3915
0 3916
0 3917
77825002 3918
52044785 3919
4511440 3920
7943059 3921
287187758 3922
357781015 3925
5245511103 3926
6404332981 3927
1516452633 3928
671453191 3929
349584847 3930
0 3931
217913240 3932
1005282434 3933
883773174 3934
45013937 3935
1029176479 3936
85220015 3937
2009086854 3938
0 3939
53370655 3940
12404723 3941
137705065 3942
3276064 3943
2639960375 3944
2667928585 3946
537570005 3947
205391530 3948
1643993796 3949
22155801 3950
2041664986 3951
51713500 3952
1289396983 3953
0 3954
218815 3955
0 3956
95531780 3957
65854022 3958
1271061813 3959
0 3960
71928521 3961
0 3962
5554024 3963
0 3964
240951072 3965
0 3966
0 3967
0 3968
294390353 3969
0 3970
0 3971
0 3972
0 3973
0 3974
0 3975
103791188 3976
320704420 3977
672338 3978
0 3979
0 3980
0 3981
0 3982
0 3983
137088201 3984
0 3985
0 3986
0 3987
0 3988
0 3989
43214073 3990
0 3991
102179534 3992
0 3993
567609412 3994
0 3995
132521736 3996
0 3997
0 3998
0 3999
175780413 4000
0 4001
0 4002
0 4003
0 4004
0 4005
0 4006
0 4007
140965517 4008
0 4009
78986546 4010
0 4011
1049930 4012
0 4013
269137937 4014
0 4015
0 4016
0 4017
0 4018
0 4019
0 4020
0 4021
0 4022
0 4023
58948877 4024
0 4025
38050794 4026
27668261 4027
36296921 4028
0 4029
203468988 4030
0 4031
15201485 4032
0 4033
0 4034
0 4035
5806584 4036
0 4037
250937407 4038
0 4039
0 4040
0 4041
430853 4042
0 4043
0 4044
0 4045
215007 4046
0 4047
0 4048
0 4049
26644660 4050
0 4051
251493667 4052
0 4054
270924400 4055
589307673 4056
0 4057
0 4058
0 4059
0 4060
0 4061
0 4062
312772 4067
0 4068
0 4069
0 4070
0 4071
0 4072
0 4073
0 4074
0 4075
632 4076
0 4077
23020847 4078
0 4079
13979449 4080
0 4081
91048046 4082
468611731 4083
0 4084
18686216 4085
0 4086
0 4087
0 4088
0 4089
46006944 4090
0 4091
0 4092
0 4093
0 4094
0 4095
0 4096
0 4097
0 4098
0 4099
143898750 4100
0 4107
23166292 4108
0 4109
98037 4110
0 4111
0 4112
247887114 4113
0 4114
0 4115
0 4116
0 4117
79 4118
0 4119
68289924 4120
0 4121
0 4122
0 4123
0 4124
198593800 4125
0 4126
0 4127
321468849 4128
0 4129
0 4130
0 4131
0 4132
0 4133
37622900 4134
0 4135
0 4136
61388788 4137
18253222 4138
0 4139
45893102 4140
0 4142
0 4143
0 4144
0 4145
0 4146
0 4147
0 4148
0 4149
0 4150
0 4151
0 4152
0 4153
0 4154
0 4155
0 4156
0 4157
0 4158
0 4159
721981411 4165
189695 4166
58711450 4167
14670774 4168
28575661 4169
0 4170
0 4171
111008426 4172
268055229 4173
0 4174
0 4175
0 4176
225722739 4177
10336529 4178
12694045 4179
0 4180
3094795 4181
0 4182
0 4183
275195 4184
0 4185
413991873 4186
0 4187
201761640 4188
130711 4189
0 4190
0 4191
1420880998 4192
0 4193
0 4194
0 4195
0 4196
0 4197
0 4198
0 4199
1762192041 4200
0 4201
0 4202
0 4203
300146597 4204
0 4205
0 4206
0 4207
35595141 4208
0 4209
0 4210
0 4211
34708633 4212
0 4213
0 4214
0 4215
145178738 4216
0 4217
58183375 4218
24657219 4219
91234969 4220
325173768 4223
450481549 4224
1463935920 4225
993401254 4226
0 4227
466873794 4228
869330903 4229
178838449 4230
0 4231
101957487 4232
1622195322 4233
684675589 4234
0 4235
1298 4236
70607911 4237
284392700 4238
0 4239
73952965 4240
14340174 4241
889747561 4242
236546948 4243
323922857 4244
307641037 4245
0 4246
0 4247
271644843 4248
0 4249
12190332 4250
0 4251
0 4252
0 4253
217038955 4254
0 4255
615562793 4256
0 4257
0 4258
0 4259
0 4260
0 4261
0 4262
0 4263
115165317 4264
2961048 4265
410474 4266
0 4267
18343311 4268
694960331 4269
0 4270
41302218 4271
884274543 4272
0 4273
0 4274
0 4275
0 4276
0 4277
26175188 4278
0 4279
0 4280
82928509 4281
0 4282
0 4283
268946631 4284
148205740 4285
0 4286
0 4287
0 4288
0 4289
0 4290
0 4291
409887873 4292
0 4293
535698890 4294
0 4295
0 4296
0 4297
0 4298
0 4299
0 4300
190563 4301
0 4302
0 4303
190945 4304
0 4305
41026960 4306
0 4307
0 4308
0 4309
0 4310
0 4311
0 4312
0 4313
0 4314
0 4315
0 4316
0 4317
0 4318
98911881 4319
446317385 4320
0 4321
0 4322
0 4323
0 4324
0 4325
156843815 4326
0 4327
0 4328
0 4329
0 4330
0 4331
0 4332
0 4333
337 4334
0 4335
0 4336
0 4337
0 4338
0 4339
0 4340
0 4341
0 4342
0 4343
4 4344
0 4345
111032698 4346
0 4347
408006 4348
0 4349
3637557574 4350
0 4351
501400166 4352
0 4353
172039724 4354
0 4355
0 4356
0 4357
0 4358
475944177 4359
549249 4360
0 4361
0 4362
331729015 4363
84671741 4364
0 4365
0 4366
0 4367
0 4368
189158 4369
570826696 4370
0 4371
122395186 4372
0 4373
0 4374
83051488 4375
66436666 4376
0 4377
225054 4378
129 4379
109717821 4380
0 4381
0 4382
0 4383
0 4384
0 4385
36895316 4386
0 4387
2442366 4388
0 4389
0 4390
0 4391
0 4392
0 4393
0 4394
0 4395
0 4396
0 4397
8811209 4398
0 4399
0 4400
0 4401
0 4402
0 4403
736506 4404
0 4405
61351497 4406
0 4407
0 4408
0 4409
0 4410
0 4411
0 4412
0 4413
42714593 4414
111629 4415
0 4416
9182831 4417
0 4418
1119149955 4419
0 4420
53630315 4421
0 4422
0 4423
0 4424
0 4425
0 4426
24894275 4427
0 4428
0 4429
0 4430
0 4431
0 4432
0 4433
0 4434
0 4435
0 4436
0 4437
0 4438
0 4439
14462355 4440
0 4441
0 4442
0 4443
34959739 4444
0 4445
99521736 4446
0 4447
64013500 4448
0 4449
114023900 4450
136104571 4451
288861019 4452
0 4453
0 4454
0 4455
5669443 4456
0 4457
0 4458
0 4459
3019592 4460
0 4461
36800427 4462
0 4463
0 4464
0 4465
0 4466
0 4467
267223 4468
0 4469
0 4470
0 4471
52483379 4472
0 4473
1743714384 4474
0 4475
1615211353 4476
0 4477
173770497 4478
119683531 4479
813588743 4480
0 4481
0 4482
0 4483
0 4484
0 4485
196573838 4486
0 4487
0 4488
0 4489
0 4490
0 4491
50445227 4492
0 4493
83139746 4494
0 4495
534040453 4496
117986177 4497
717886052 4498
0 4499
63145759 4500
0 4501
0 4502
0 4503
1 4504
0 4505
0 4506
0 4507
4719277 4508
0 4509
0 4510
0 4511
1602632 4512
0 4513
50347765 4514
0 4515
176325207 4516
0 4517
0 4518
0 4519
0 4520
0 4521
0 4522
0 4523
0 4524
0 4525
0 4526
0 4527
0 4528
0 4529
0 4530
0 4531
0 4532
0 4533
0 4534
0 4535
0 4536
0 4537
0 4538
0 4539
0 4540
0 4541
129190827 4542
0 4543
28887997 4544
0 4545
0 4546
0 4547
0 4548
0 4549
19379085 4550
0 4551
0 4552
0 4553
0 4554
0 4555
0 4556
0 4557
839126 4558
0 4559
0 4560
0 4561
57458511 4562
0 4563
19665268 4564
0 4569
286759071 4570
159584078 4571
0 4572
26971000 4573
0 4574
2349855 4575
134730909 4576
0 4577
0 4578
9109088 4579
162573760 4580
0 4586
0 4587
0 4588
0 4589
0 4590
0 4591
0 4592
0 4593
0 4594
0 4595
0 4596
0 4597
0 4598
0 4599
17241 4600
0 4601
0 4602
0 4603
0 4604
0 4605
0 4606
0 4607
0 4608
0 4609
0 4610
0 4611
49 4618
88755414 4619
266696204 4620
0 4621
0 4622
187728650 4623
0 4624
0 4625
0 4626
54009001 4627
18090476 4628
0 4629
66403115 4630
120961640 4631
0 4632
171646911 4633
0 4634
4 4635
0 4636
0 4637
0 4638
190372651 4639
0 4640
0 4641
0 4642
50323648 4643
0 4644
0 4645
0 4646
69877712 4647
0 4648
0 4649
0 4650
26922183 4651
0 4652
0 4653
0 4654
75626192 4655
0 4656
0 4657
0 4658
75802251 4659
107351799 4662
1859741498 4663
1146101644 4664
1206856944 4665
234225919 4666
981963356 4667
363544839 4668
0 4669
55889118 4670
145515725 4671
56222322 4672
953648844 4673
7912335 4674
3114587845 4675
15444239 4676
103849638 4677
0 4678
85391281 4679
0 4680
153775707 4681
0 4682
46509520 4683
0 4684
158301162 4685
38309190 4686
1171067104 4687
0 4688
0 4689
0 4690
11499085 4691
0 4692
0 4693
0 4694
97208980 4695
0 4696
0 4697
0 4698
0 4699
0 4700
0 4701
0 4702
0 4703
3744449 4704
184765403 4705
0 4706
0 4707
0 4708
0 4709
13811356 4710
196715213 4711
6678883 4712
0 4713
45181505 4714
65031952 4715
0 4716
0 4717
0 4718
0 4719
199456404 4720
0 4721
0 4722
0 4723
0 4724
0 4725
49771593 4726
0 4727
0 4728
0 4729
99927147 4730
0 4731
0 4732
0 4733
235264284 4734
0 4735
0 4736
0 4737
0 4738
0 4739
0 4740
63838376 4741
0 4742
0 4743
0 4744
0 4745
49075849 4746
0 4747
0 4748
0 4749
0 4750
0 4751
0 4752
0 4753
0 4754
0 4755
0 4756
0 4757
71632506 4758
0 4759
0 4760
0 4761
0 4762
0 4763
188986422 4764
0 4765
294467 4766
0 4767
0 4768
0 4769
0 4770
0 4771
0 4772
0 4773
0 4774
0 4775
0 4776
0 4777
0 4778
0 4779
0 4780
0 4781
0 4782
0 4783
0 4784
0 4785
22735609 4786
0 4787
149796158 4788
0 4789
397747980 4790
0 4791
0 4792
60816860 4793
2680875 4794
0 4795
0 4796
0 4797
0 4798
0 4799
0 4800
0 4801
51929437 4802
0 4803
0 4804
0 4805
0 4806
0 4807
0 4808
43915335 4809
93797517 4810
29958595 4811
1945039570 4812
17349166 4813
275996782 4814
0 4815
89392730 4816
0 4817
0 4818
0 4819
27673693 4820
43595402 4821
163120266 4822
0 4823
0 4824
0 4825
0 4826
0 4827
21205964 4828
0 4829
689659281 4830
0 4831
0 4832
0 4833
42779854 4834
0 4835
0 4836
0 4837
0 4838
0 4839
0 4840
0 4841
47072523 4842
0 4843
82421842 4844
0 4845
7840793 4846
0 4847
0 4848
0 4849
0 4850
0 4851
0 4852
0 4853
0 4854
0 4855
11390587 4856
0 4857
15387420 4858
0 4859
0 4860
0 4861
0 4862
0 4863
38127507 4864
0 4865
0 4866
0 4867
0 4868
0 4869
0 4870
0 4871
0 4872
0 4873
0 4874
0 4875
17442055 4876
0 4877
53418928 4878
0 4880
8157729 4881
0 4882
0 4883
0 4884
0 4885
0 4886
0 4887
0 4888
0 4889
0 4894
0 4895
52563042 4896
93212872 4897
24220906 4898
0 4899
0 4900
0 4901
0 4902
0 4903
125785899 4904
0 4905
0 4906
0 4907
0 4908
0 4909
0 4910
0 4911
0 4912
0 4913
0 4914
0 4915
0 4916
20443807 4917
0 4922
0 4923
0 4924
64136599 4925
0 4926
0 4927
0 4928
33365932 4929
0 4930
0 4931
211628564 4932
0 4933
0 4934
0 4935
0 4936
0 4937
0 4938
178926125 4939
0 4940
0 4941
0 4942
0 4943
0 4944
0 4945
0 4946
0 4947
0 4948
0 4949
0 4950
0 4951
0 4952
542517 4953
0 4956
58455144 4957
0 4958
45060190 4959
0 4960
196333506 4961
0 4962
225095396 4963
150896472 4964
15085982 4965
33451995 4966
1751 4967
0 4968
245527 4969
0 4970
28411564 4971
0 4972
0 4973
124204870 4974
84471414 4975
0 4976
83792915 4977
21037173 4978
131528630 4979
0 4980
0 4981
0 4982
123643629 4983
0 4984
28546248 4985
0 4986
336658235 4987
0 4988
0 4989
0 4990
0 4991
0 4992
0 4993
0 4994
0 4995
0 4996
0 4997
0 4998
24525932 4999
0 5000
0 5001
0 5002
0 5003
0 5004
26589441 5005
0 5006
0 5007
0 5008
0 5009
0 5010
0 5011
0 5012
0 5013
0 5014
0 5015
0 5016
0 5017
0 5018
0 5019
23977418 5020
0 5021
0 5022
0 5023
342096042 5024
0 5025
0 5026
0 5027
0 5028
0 5029
0 5030
0 5031
0 5032
0 5033
0 5034
0 5035
0 5036
0 5037
0 5038
0 5039
0 5040
0 5041
0 5042
0 5043
0 5044
0 5045
0 5046
0 5047
43707628 5048
0 5049
64050490 5050
0 5051
0 5052
0 5053
0 5054
0 5055
0 5056
0 5057
63681316 5058
0 5059
49424576 5060
0 5061
80404560 5062
0 5063
28890619 5064
0 5065
9706138 5066
0 5067
0 5068
0 5069
58923890 5070
0 5071
7834730 5072
0 5073
39601555 5074
0 5075
282864754 5076
0 5077
0 5078
0 5079
0 5080
0 5081
0 5082
0 5083
0 5084
0 5085
0 5086
0 5087
0 5088
0 5089
26803 5090
0 5091
34292284 5092
0 5093
0 5094
0 5095
0 5096
0 5097
0 5098
0 5099
0 5100
0 5101
48560 5102
25346052 5103
14332048 5104
0 5105
0 5106
0 5107
0 5108
0 5109
0 5110
0 5111
0 5112
0 5113
0 5114
0 5115
0 5116
0 5117
0 5118
0 5119
0 5120
0 5121
0 5122
0 5123
93708333 5124
0 5125
4679672 5126
0 5127
0 5128
0 5129
0 5130
0 5131
0 5132
0 5133
1091258 5134
0 5135
0 5136
51050448 5137
0 5138
0 5139
0 5140
0 5141
0 5142
0 5143
0 5144
0 5145
0 5146
0 5147
0 5148
0 5149
0 5150
0 5151
0 5152
0 5153
0 5154
0 5155
0 5156
0 5157
0 5158
0 5159
0 5160
0 5161
0 5162
1590794 5163
0 5164
30949193 5165
0 5166
0 5167
0 5168
32854025 5169
0 5170
0 5171
0 5172
120803056 5173
0 5174
0 5175
0 5176
22215850 5177
0 5178
118581 5179
0 5180
0 5181
0 5182
0 5183
0 5184
0 5185
0 5186
0 5187
0 5188
0 5189
0 5190
0 5191
0 5192
0 5193
0 5194
0 5195
0 5196
0 5197
0 5198
0 5199
0 5200
0 5201
0 5202
0 5203
0 5204
601329 5205
0 5206
0 5207
0 5208
0 5209
0 5210
0 5211
0 5212
0 5213
0 5214
0 5215
0 5216
0 5217
0 5218
4459620 5219
0 5220
4053014 5221
0 5222
0 5223
0 5224
17643637 5225
0 5229
0 5230
28695491 5231
54753515 5232
16909532 5233
0 5234
0 5235
0 5236
0 5237
0 5238
0 5239
0 5240
0 5241
39586802 5242
9328070 5243
0 5244
0 5245
0 5246
0 5247
0 5248
12912908 5249
213776343 5251
290320694 5252
1882594447 5253
609056008 5254
503830130 5255
206655078 5256
34035532 5257
60074540 5258
331066077 5259
2799082 5260
288232240 5261
384976859 5262
59995705 5263
185144483 5264
953298127 5265
0 5266
24581683 5267
175689400 5268
0 5269
141030157 5270
1468436937 5271
0 5272
0 5273
0 5274
0 5275
0 5276
0 5277
0 5278
0 5279
5003010 5280
0 5281
0 5282
37951546 5283
0 5284
0 5285
0 5286
0 5287
0 5288
16734703 5289
50307893 5290
90353591 5291
34702148 5292
0 5293
0 5294
130349169 5295
0 5296
0 5297
169246783 5298
0 5299
12581158 5300
201862872 5301
0 5302
0 5303
383901 5304
0 5305
10704332 5306
353686355 5307
2496824 5308
146513491 5309
10953363 5310
132388041 5311
0 5312
0 5313
0 5314
14932237 5315
0 5316
0 5317
171073067 5318
271099771 5319
4688759 5320
2556321 5321
0 5322
0 5323
0 5324
0 5325
0 5326
0 5327
471912 5328
267308271 5329
0 5330
0 5331
0 5332
96127478 5333
0 5334
0 5335
0 5336
0 5337
0 5338
0 5339
0 5340
0 5341
0 5342
303961890 5343
0 5344
0 5345
0 5346
0 5347
0 5348
0 5349
0 5350
168749663 5351
0 5352
285145819 5353
0 5354
58741765 5355
0 5356
82570321 5357
0 5358
60718408 5359
0 5360
0 5361
0 5362
0 5363
0 5364
0 5365
0 5366
0 5367
0 5368
0 5369
0 5370
10961621 5371
0 5372
0 5373
0 5374
36457177 5375
38435460 5376
267653374 5377
0 5378
0 5379
0 5380
149373173 5381
0 5382
60548330 5383
0 5384
8765740 5385
0 5386
3529071 5387
0 5388
0 5389
0 5390
27666111 5391
0 5392
0 5393
12533719 5394
139974038 5395
0 5396
31570039 5397
0 5398
50228175 5399
0 5400
0 5401
0 5402
28007199 5403
0 5404
0 5405
0 5406
0 5407
0 5408
0 5409
0 5410
5702544 5411
15727718 5412
255845865 5413
0 5414
36485057 5415
0 5416
0 5417
0 5418
12760713 5419
0 5420
0 5421
3823918 5422
488902310 5423
0 5424
0 5425
0 5426
0 5427
0 5428
0 5429
0 5430
0 5431
0 5432
4451521 5433
0 5434
6896050 5435
1498446 5436
66937278 5437
0 5438
19705160 5439
0 5440
7958973 5441
0 5442
359504043 5443
0 5444
0 5445
0 5446
0 5447
0 5448
5017299 5449
0 5450
0 5451
0 5452
0 5453
0 5454
0 5455
0 5456
16122255 5457
0 5458
0 5459
0 5460
0 5461
0 5462
0 5463
0 5464
0 5465
0 5466
0 5467
0 5468
0 5469
0 5470
0 5471
0 5472
0 5473
0 5474
73684828 5475
0 5476
0 5477
0 5478
0 5479
0 5480
0 5481
0 5482
0 5483
0 5484
0 5485
0 5486
0 5487
1119148 5488
705087220 5489
0 5490
0 5491
166356523 5492
0 5493
0 5494
425536 5495
0 5496
0 5497
0 5498
0 5499
0 5500
14522630 5501
0 5502
58390577 5503
55154342 5504
0 5505
0 5506
0 5507
19589675 5508
0 5509
0 5510
0 5511
0 5512
0 5513
0 5514
0 5515
0 5516
0 5517
0 5518
0 5519
0 5520
0 5521
0 5522
0 5523
0 5524
0 5525
238402470 5526
0 5527
0 5528
0 5529
0 5530
0 5531
0 5532
0 5533
0 5534
0 5535
0 5536
0 5537
20092460 5538
0 5539
2813147 5540
34073785 5541
71685229 5542
0 5543
0 5544
0 5545
0 5546
0 5547
0 5548
0 5549
0 5550
0 5551
0 5552
0 5553
14854964 5554
0 5555
0 5556
0 5557
0 5558
0 5559
0 5560
0 5561
0 5562
0 5563
0 5564
0 5565
0 5566
0 5567
0 5568
0 5569
0 5570
0 5571
0 5572
0 5573
0 5574
0 5575
9316778 5576
0 5577
0 5578
0 5579
0 5580
0 5581
0 5582
0 5583
0 5584
0 5585
0 5586
0 5587
0 5588
0 5589
9910858 5590
0 5591
0 5592
0 5593
14921581 5594
0 5595
34652287 5596
0 5597
0 5598
48075890 5599
0 5600
0 5601
13063466 5602
0 5603
0 5604
0 5605
0 5606
0 5607
0 5608
156283035 5609
0 5610
2818904 5611
57981872 5612
0 5613
0 5614
195790 5615
0 5616
150846 5617
91266009 5618
0 5619
0 5620
0 5621
0 5622
839421 5623
0 5624
0 5625
0 5626
1267376 5627
0 5628
0 5629
5082235 5630
0 5631
0 5632
0 5633
0 5634
0 5635
0 5636
0 5637
0 5638
0 5639
0 5640
0 5641
0 5642
0 5643
19861742 5644
0 5645
0 5646
0 5647
0 5648
0 5649
105964879 5650
0 5651
0 5652
0 5653
0 5654
0 5655
0 5656
0 5657
0 5658
0 5659
439235 5660
0 5661
0 5662
0 5663
0 5664
0 5665
14380505 5666
0 5667
0 5668
0 5669
51196683 5670
0 5672
0 5673
0 5674
0 5679
0 5680
0 5681
0 5682
0 5683
33672916 5684
0 5685
0 5686
0 5687
0 5688
0 5689
0 5690
0 5693
0 5694
4254444 5695
0 5696
0 5697
0 5698
0 5699
0 5700
0 5701
2910875 5702
0 5703
30427727 5704
0 5705
0 5706
0 5707
0 5708
0 5709
0 5710
0 5711
0 5712
0 5713
0 5714
0 5715
0 5716
0 5717
0 5718
0 5719
0 5720
0 5721
0 5722
0 5723
0 5724
0 5725
0 5726
0 5727
0 5728
0 5729
0 5730
0 5731
0 5732
0 5733
0 5734
0 5735
0 5736
0 5737
0 5738
0 5739
0 5740
0 5741
0 5742
0 5743
0 5744
0 5745
0 5746
0 5747
0 5748
0 5749
0 5750
0 5751
0 5752
0 5753
0 5754
0 5755
0 5756
0 5757
0 5758
0 5759
0 5760
4310856 5761
0 5763
104628085 5764
200593409 5765
652145153 5766
0 5767
0 5768
11600708 5769
309064462 5770
22549732 5771
0 5772
8350411 5773
0 5774
0 5775
0 5776
0 5777
0 5778
0 5779
0 5780
0 5781
0 5782
39616601 5783
0 5784
0 5785
0 5786
60758232 5787
0 5788
0 5789
0 5790
0 5791
9568707 5792
16403 5793
0 5794
0 5795
0 5796
15724393 5797
0 5798
0 5799
0 5800
28357869 5801
123739445 5802
0 5803
39969463 5804
0 5805
0 5806
0 5807
0 5808
0 5809
244003517 5810
0 5811
0 5812
0 5813
0 5814
0 5815
0 5816
0 5817
0 5818
0 5819
0 5820
0 5821
6476416 5822
0 5823
95361939 5824
0 5825
0 5826
0 5827
0 5828
0 5829
0 5830
0 5831
0 5832
0 5833
0 5834
0 5835
0 5836
0 5837
0 5838
0 5839
0 5840
0 5841
0 5842
0 5843
0 5844
0 5845
0 5846
0 5847
0 5848
0 5849
24771960 5850
0 5851
0 5852
0 5853
0 5854
0 5855
0 5856
0 5857
0 5858
0 5859
0 5860
0 5861
8635290 5862
0 5863
3283455 5864
2679510 5865
0 5866
0 5867
0 5868
30318046 5869
0 5870
0 5871
0 5872
0 5873
0 5874
0 5875
0 5876
0 5877
0 5878
0 5879
7183032 5880
8818413 5881
1246755 5882
73365654 5883
0 5884
0 5885
0 5886
0 5887
0 5888
0 5889
0 5890
0 5891
0 5892
0 5893
0 5894
0 5895
0 5896
0 5897
0 5898
0 5899
0 5900
0 5901
0 5902
55750474 5903
0 5904
0 5905
0 5906
0 5907
0 5908
0 5909
0 5910
0 5911
0 5912
5538654 5913
8124228 5914
4482501437 5923
1998601283 5924
1468736849 5925
1564548035 5926
3184878915 5927
13091967760 5936
4310869426 5938
4089100471 5940
8811151340 5942
3643361860 5944
1653838463 5945
1465670499 5946
2562780466 5947
1217774907 5957
2907743169 5958
5217418097 5959
726705044 5960
4611155864 5961
2678491277 5962
1145292721 5963
425152806 5964
8031316792 5965
3777610701 5966
1458417426 5967
3033419 5968
19754924707 5969
4022684612 5970
1278169613 5971
3765031799 5972
109410272 5973
4222302286 5974
0 5975
552955691 5976
1017619670 5977
1865069316 5978
0 5979
148991676 5980
382240098 5981
581753265 5982
0 5983
8015744 5984
681827201 5985
2132338627 5986
767373898 5996
508273982 5997
625993242 5998
10227818 5999
2380745425 6000
2193430395 6001
197892377 6002
0 6003
1902388824 6004
311595246 6005
4559604187 6006
4522171992 6007
3108663885 6008
3867156889 6009
291827590 6010
1163183697 6011
0 6012
588224239 6013
171238583 6014
106885428 6015
21009324 6016
395015443 6017
158290735 6018
1149537819 6019
114467 6020
50320943 6021
13096 6022
97489262 6023
198396654 6024
1190551806 6025
92206561 6031
1021875800 6032
185480240 6033
592686402 6034
3985507336 6035
8111679357 6036
443396195 6037
2177786330 6038
166205612 6039
955254258 6040
178715234 6041
800747296 6042
60777475 6043
423254044 6044
0 6045
0 6046
40181554 6047
69488863 6048
100385678 6049
287895195 6050
152716883 6051
1489677906 6052
468373209 6055
6871013181 6056
2814486065 6057
2688356671 6058
525484875 6059
1948512099 6060
49798885 6061
1514140094 6062
75979209 6063
1447768378 6064
285873 6065
3593263856 6066
16110793 6069
2238560911 6070
79402547 6071
1038784446 6072
294492649 6073
853885224 6074
301370916 6075
1338496080 6076
66081051 6077
563590431 6078
0 6079
195662652 6080
10114 6081
343337955 6082
0 6083
29270552 6084
0 6085
247609977 6086
0 6087
0 6088
75846874 6089
513109717 6090
0 6091
114155421 6092
0 6093
0 6094
0 6095
70660051 6096
0 6097
0 6098
0 6099
34622732 6100
3004337 6101
238072891 6102
0 6103
11708638 6104
0 6105
51917420 6106
0 6107
155847597 6108
0 6109
290311910 6110
8636430053 6115
3241914406 6116
1293708642 6117
6724293465 6119
2725585175 6120
1216782333 6121
15575915044 6126
5752635646 6127
18387767729 6128
22896300 6129
449711618 6130
948653522 6131
23060714 6132
120650516 6133
528158138 6134
2446851452 6135
188846858 6136
326348416 6137
1197181 6138
13009747088 6139
3167796426 6140
714798070 6141
1371558570 6142
0 6143
1484860 6144
550832126 6145
2778715786 6151
5557003369 6152
2051348707 6153
5372421422 6154
5421963369 6155
228667619 6156
252843478 6157
1292520062 6158
1030907771 6159
543406959 6160
228186567 6161
295586104 6162
92297 6163
101314287 6164
0 6165
105438341 6166
426244179 6167
698 6168
195393524 6169
691533159 6170
2781932061 6171
61790610 6172
383063942 6173
139956955 6174
3929984081 6175
270306 6176
768071883 6177
1387238 6178
305223033 6179
0 6180
1073426 6181
0 6182
292199165 6183
14345760 6184
796546226 6185
2552479776 6189
8708188245 6190
2657108581 6191
2596263317 6192
2032189701 6193
293777777 6194
876988452 6195
483778673 6196
2238484429 6197
15619618 6198
413503264 6199
203142858 6200
3969734468 6201
0 6202
1293447636 6203
706759537 6204
4317048902 6205
29375047 6206
415138911 6207
30754856 6208
148513154 6209
0 6210
720944430 6211
3309738811 6213
2818143 6214
786862751 6215
0 6219
21726711 6220
1226514748 6221
1355 6222
465472243 6223
468538456 6224
0 6225
48071034 6226
542998692 6227
0 6229
5178698165 6231
0 6234
107407941 6235
1600086171 6238
2308335467 6239
1457538474 6240
12852473881 6241
10046 6242
2689525226 6243
363803609 6244
716540208 6245
0 6246
253277602 6247
0 6248
0 6249
2878586 6250
1193732999 6251
238 6252
3068742436 6253
784339061 6254
0 6255
0 6256
0 6257
107832574 6258
1439758583 6259
1037913406 6260
177897761 6261
802803535 6262
1381689368 6263
2430704996 6264
0 6265
3768744 6266
0 6267
915477766 6268
0 6269
0 6270
0 6271
548575155 6272
0 6273
40357415 6274
48286398 6275
538152687 6276
0 6277
0 6278
0 6279
0 6280
0 6281
31587126 6282
0 6283
390420732 6284
526009331 6286
577234439 6289
436225634 6290
42267221 6293
4824547140 6294
518164415 6295
2091457950 6296
909837143 6297
662165126 6298
46471706 6299
377984503 6300
191361 6301
0 6302
0 6303
116322651 6304
0 6305
574686804 6306
613872820 6307
0 6308
2964325 6309
178946671 6310
2490914668 6311
0 6312
397960965 6313
184907848 6314
589270642 6315
58007108 6316
604648707 6317
0 6318
4 6319
0 6320
166589759 6321
0 6322
0 6323
0 6324
1826 6325
0 6326
38955754 6327
0 6328
170810462 6329
0 6330
171056466 6331
682889774 6334
5315342598 6335
2737141859 6336
525565684 6337
1174408713 6338
1610951820 6339
116583005 6340
648845242 6341
120587169 6342
1733964339 6343
0 6344
831400878 6345
400161154 6346
434228476 6347
0 6348
325376272 6349
0 6350
130860008 6351
0 6352
76878476 6353
0 6354
322316451 6355
117274 6358
5419900074 6359
82072620 6360
950258193 6361
257199541 6362
1635103142 6363
0 6364
382025758 6365
0 6366
178377132 6367
0 6368
516239445 6369
0 6370
0 6371
0 6372
589521222 6373
0 6374
195640615 6375
0 6376
23158298 6377
0 6378
391975510 6379
0 6380
154935545 6381
400741356 6386
337599151 6387
143266027 6388
0 6389
0 6390
9253710 6391
125769850 6392
1706095442 6393
0 6394
1087436 6395
0 6396
196453590 6397
2046124 6398
242684290 6399
0 6400
30135218 6401
355200 6402
0 6403
31988226 6404
206354795 6405
115096708 6406
660436042 6412
4267791 6413
1286974583 6414
0 6415
108939785 6416
218640552 6417
16570200 6418
0 6419
148927283 6420
27885434 6421
558005766 6422
56469156 6423
261135316 6424
99538122 6425
164372084 6426
333739360 6427
0 6428
0 6429
1202134310 6430
2221634435 6431
209610941 6432
1224820387 6433
0 6434
0 6435
0 6436
35732236 6437
0 6438
0 6439
188845859 6440
0 6441
24313217 6442
578199204 6443
0 6446
54379123 6447
157030301 6448
0 6449
0 6450
0 6451
0 6452
0 6453
0 6454
0 6455
0 6456
0 6457
0 6458
0 6459
0 6460
0 6461
11894 6462
0 6463
0 6464
59868763 6465
0 6466
72201196 6467
0 6468
0 6469
6708 6470
6250238 6471
0 6477
0 6478
0 6479
0 6480
0 6481
132342529 6482
0 6483
114322066 6484
5248005 6485
46901590 6486
0 6487
0 6488
379764479 6489
158532030 6490
57272279 6491
64756320 6492
36328676 6493
311020250 6494
0 6495
192489372 6496
0 6497
35514473 6498
6169399 6499
2882293 6500
0 6501
0 6502
0 6503
44894016 6504
0 6505
0 6506
0 6507
573452 6508
0 6509
0 6510
0 6511
6278815 6512
0 6513
0 6514
0 6515
0 6516
0 6517
29936943 6518
10708008 6519
203036368 6520
154314551 6522
521526487 6523
242921355 6524
1509609737 6525
22178250 6526
51233482 6527
0 6528
81254328 6529
58149071 6530
263480455 6531
208873 6532
16124254 6533
0 6534
0 6535
368070735 6536
0 6537
104918333 6538
8107980 6539
16742358 6540
130690425 6541
0 6542
56547237 6543
0 6544
0 6545
0 6546
109182011 6547
619266411 6550
812974148 6551
472578415 6552
122502109 6553
871309399 6554
937391121 6555
461790800 6556
25028081 6557
628687232 6558
1298779663 6559
71476008 6560
613273253 6561
285499168 6562
576751434 6563
0 6564
13031035 6565
604860469 6566
1787518522 6567
107063756 6568
1404236296 6569
1593193746 6570
818874783 6571
456115018 6572
1226498703 6573
0 6574
17197670 6575
23726337 6576
912026028 6577
49059595 6578
32740961 6579
94178729 6580
667714245 6581
0 6582
172586990 6583
44951852 6584
875558580 6585
41887111 6586
60431045 6587
0 6588
40696138 6589
127989 6590
498995192 6591
16527179 6592
1415663250 6593
0 6594
158135413 6595
17115897 6596
0 6597
89464644 6598
98067261 6599
0 6600
0 6601
0 6602
0 6603
136015418 6604
80876555 6605
0 6606
878511 6607
191351026 6608
0 6609
247043212 6610
399301559 6611
0 6612
0 6613
0 6614
0 6615
120422238 6616
4132288 6617
0 6618
0 6619
13733236 6620
0 6621
0 6622
151238141 6623
22537930 6624
43107339 6625
0 6626
18801697 6627
947757 6628
0 6629
0 6630
0 6631
0 6632
0 6633
0 6634
0 6635
0 6636
0 6637
0 6638
4772 6639
198764226 6640
0 6641
0 6642
0 6643
0 6644
0 6645
0 6646
18410119 6647
0 6648
0 6649
0 6650
0 6651
0 6652
0 6653
0 6654
0 6655
0 6656
0 6657
0 6658
0 6659
0 6660
261773066 6661
0 6662
3199634 6663
0 6664
363430063 6665
0 6666
790316143 6667
0 6668
189873712 6669
99686792 6670
4566039143 6671
7085307 6672
573015067 6673
1972627 6674
58641474 6675
36018469 6676
140225236 6677
0 6678
0 6679
4003296 6680
1497845 6681
12324 6682
316918884 6683
0 6684
0 6685
0 6686
0 6687
0 6688
12474885 6689
0 6690
25889694 6691
0 6692
0 6693
0 6694
0 6695
20544173 6696
105695751 6697
64757303 6698
469224324 6699
415450853 6700
0 6701
504 6702
218003960 6703
1095721 6704
0 6705
45182205 6706
178057042 6707
694215642 6708
114049586 6709
795199195 6710
0 6711
0 6712
716587 6713
176285872 6714
0 6715
0 6716
30819318 6717
130262654 6718
0 6719
100179104 6720
0 6721
0 6722
33544501 6723
0 6724
0 6725
242919260 6726
0 6727
0 6728
0 6729
0 6730
0 6731
0 6732
0 6733
27045922 6734
0 6735
0 6736
0 6737
15736346 6738
0 6739
0 6740
0 6741
115943967 6742
581639565 6743
0 6744
0 6745
1762686993 6746
0 6747
326090258 6748
0 6749
0 6750
0 6751
0 6752
0 6753
0 6754
0 6755
0 6756
0 6757
0 6758
0 6759
0 6760
0 6761
59882062 6762
17197184 6763
1645289 6764
0 6765
201933276 6766
0 6767
142630288 6768
0 6769
146053327 6770
0 6771
38960472 6772
0 6773
0 6774
228802232 6775
0 6776
16855483 6777
0 6778
0 6779
0 6780
888118 6781
0 6782
0 6783
0 6784
5207620 6785
0 6786
0 6787
0 6788
107231780 6789
0 6790
0 6791
0 6792
0 6793
0 6794
0 6795
0 6796
0 6797
0 6798
0 6799
0 6800
7304978 6801
29 6802
6427983448 6803
58249828 6804
1661220793 6805
0 6806
447702007 6807
710698639 6808
133571886 6809
4019447 6810
0 6811
0 6812
309442522 6813
0 6814
4265090 6815
0 6816
0 6817
0 6818
26217505 6819
0 6820
29625967 6821
0 6822
0 6823
0 6824
8812201 6825
0 6826
235733623 6827
0 6828
653526823 6829
0 6830
769376153 6831
0 6832
0 6833
98566337 6834
24277655 6835
0 6836
52063392 6837
4389573 6838
190411438 6839
0 6840
0 6841
0 6842
81329526 6843
0 6844
39525343 6845
1772987 6846
194745701 6847
0 6848
0 6849
0 6850
25599221 6851
0 6852
56004781 6853
0 6854
438311031 6855
0 6856
5571865824 6857
33344 6858
876121285 6859
0 6860
0 6861
6396604 6862
233965864 6863
0 6864
0 6865
0 6866
72741394 6867
99265096 6868
192765902 6869
903373871 6870
5370030331 6871
0 6872
48825612 6873
36 6874
2108513876 6875
0 6876
288149 6877
0 6878
415680666 6879
17701187 6880
0 6881
70823435 6882
629665127 6883
0 6884
8413176 6885
0 6886
53475778 6887
0 6888
96292706 6889
0 6890
591876524 6891
0 6892
1396279 6893
0 6894
0 6895
0 6896
0 6897
0 6898
0 6899
0 6900
3493718 6901
0 6902
29879484 6903
0 6904
58377871 6905
13 6906
1896000827 6907
0 6908
1096 6909
0 6910
6370485 6911
0 6912
0 6913
33751526 6914
377826910 6915
0 6916
28642234 6917
0 6918
0 6919
0 6920
10403404 6921
0 6922
260458647 6923
0 6924
0 6925
0 6926
0 6927
0 6928
2 6929
0 6930
0 6931
0 6932
0 6933
0 6934
0 6935
0 6936
0 6937
0 6938
0 6939
0 6940
7475445 6941
0 6942
0 6943
0 6944
10279470 6945
0 6946
293054 6947
0 6948
0 6949
0 6950
64456849 6951
0 6952
0 6953
0 6954
0 6955
0 6956
0 6957
0 6958
0 6959
0 6960
0 6961
0 6962
106149 6963
0 6964
84415977 6965
103402518 6966
0 6967
4569589 6968
0 6969
0 6970
0 6971
0 6972
0 6973
0 6974
0 6975
0 6976
0 6977
528219 6978
0 6979
54772902 6980
0 6981
147565103 6982
0 6983
3387720 6984
0 6985
0 6986
0 6987
7220999 6988
0 6989
3443165 6990
0 6991
176625861 6992
0 6993
0 6994
0 6995
0 6996
0 6997
0 6998
0 6999
0 7000
0 7001
49281665 7002
0 7003
0 7004
0 7005
5453887 7006
0 7007
15091675 7008
0 7009
107973798 7010
3047718 7011
229716352 7012
1226642339 7016
1059601037 7017
11702623 7018
106857718 7019
317594481 7020
312933876 7021
511877055 7022
0 7023
16746974 7024
0 7025
0 7026
80108632 7027
327949406 7028
0 7033
0 7034
4759319 7035
37838171 7036
0 7037
0 7038
0 7039
0 7040
12444309 7041
295729 7042
1850689 7043
0 7044
0 7045
0 7046
0 7047
0 7048
0 7049
0 7050
0 7051
0 7052
0 7053
0 7054
62617708 7055
0 7056
0 7057
0 7058
0 7059
0 7060
98418670 7061
150402677 7062
579132826 7067
0 7068
0 7069
171801605 7070
0 7071
0 7072
0 7073
166897995 7074
94007207 7075
211584861 7076
2333 7077
120607171 7078
7490787 7079
0 7080
0 7081
125089119 7082
0 7083
0 7084
0 7085
5019 7086
0 7087
24994126 7088
107876949 7089
31671557 7090
23141397 7091
0 7092
0 7093
23372734 7094
0 7095
169408799 7096
0 7100
0 7101
157299492 7102
110253284 7103
73509 7104
70303697 7105
0 7106
11823006 7107
0 7108
405357688 7109
76884025 7110
75196634 7111
734201689 7112
153198881 7113
0 7114
308509921 7115
0 7116
0 7117
298251066 7118
171559063 7119
0 7120
43043430 7121
28906642 7122
10928845 7123
0 7124
0 7125
0 7126
0 7127
16852403 7128
125379811 7129
12652590 7130
18911607 7131
0 7132
69954403 7133
11161174 7134
120690336 7135
694997372 7138
409475936 7139
624760694 7140
1199903693 7141
960307262 7142
509986437 7143
157791986 7144
492352482 7145
387830907 7146
1170633054 7147
143904335 7148
3025924339 7149
874939485 7150
354199736 7151
370128310 7152
648142912 7153
12325 7154
464916585 7155
156525753 7156
649104706 7157
0 7158
196891832 7159
56263705 7160
963983604 7161
0 7162
78322792 7163
18867776 7164
7999433 7165
65501326 7166
23140884 7167
57001546 7168
374262199 7169
1428954 7170
327061233 7171
22822637 7172
1681214752 7173
0 7174
0 7175
15127042 7176
0 7177
0 7178
0 7179
0 7180
0 7181
0 7182
0 7183
7333667 7184
1639526 7185
0 7186
0 7187
85358665 7188
0 7189
0 7190
10491961 7191
0 7192
0 7193
24777279 7194
0 7195
0 7196
0 7197
0 7198
0 7199
0 7200
0 7201
0 7202
70881806 7203
0 7204
2476240 7205
0 7206
0 7207
0 7208
0 7209
0 7210
0 7211
0 7212
0 7213
0 7214
0 7215
1557802 7216
71456866 7217
0 7218
0 7219
0 7220
0 7221
24913956 7222
6861798 7223
0 7224
5270075 7225
124363086 7226
0 7227
82741089 7228
0 7229
0 7230
0 7231
0 7232
0 7233
0 7234
0 7235
0 7236
22975323 7237
0 7238
0 7239
0 7240
0 7241
6385817 7242
114978249 7243
119756598 7244
1697133567 7245
63659661 7246
1430999049 7247
720939736 7248
0 7249
0 7250
0 7251
0 7252
34912869 7253
151563594 7254
34682431 7255
0 7256
19910210 7257
39 7258
9623670 7259
0 7260
21372370 7261
0 7262
0 7263
0 7264
100591143 7265
0 7266
0 7267
0 7268
0 7269
2864676 7270
302001386 7271
0 7272
1784656980 7273
290930642 7274
54667649 7275
88114654 7276
138292540 7277
0 7278
18535741 7279
20758657 7280
164231245 7281
0 7282
0 7283
0 7284
288982117 7285
0 7286
0 7287
0 7288
21764599 7289
0 7290
83449 7291
22968864 7292
65661655 7293
0 7294
14478589 7295
20705770 7296
808071933 7297
233516929 7298
18314 7299
890695748 7300
225260346 7301
180195 7302
49062526 7303
371 7304
329871 7305
292699069 7306
0 7307
4812526 7308
0 7309
0 7310
0 7311
0 7312
0 7313
45712306 7314
0 7315
0 7316
145526008 7317
413041705 7318
150600052 7319
1890873025 7320
0 7321
87259534 7322
3762637 7323
870196470 7324
0 7325
479798 7326
18569502 7327
314580692 7328
0 7329
0 7330
0 7331
147509 7332
0 7333
0 7334
0 7335
117209530 7336
0 7337
0 7338
9522 7339
354941868 7340
14968243 7341
10796068 7342
0 7343
0 7344
24342 7345
1112737 7346
0 7347
12348789 7348
0 7349
0 7350
0 7351
0 7352
0 7353
0 7354
0 7355
0 7356
0 7357
0 7358
0 7359
0 7360
0 7361
0 7362
2302800 7363
157970 7364
0 7365
277268723 7366
0 7367
27291852 7368
0 7369
0 7370
0 7371
207104808 7372
0 7373
0 7374
0 7375
81310670 7376
0 7377
0 7378
0 7379
25119737 7380
0 7381
0 7382
0 7383
0 7384
0 7385
0 7386
9980913 7387
217151874 7388
0 7389
0 7390
17701833 7391
0 7392
0 7393
0 7394
0 7395
0 7396
0 7397
0 7398
0 7399
0 7400
0 7401
0 7402
49716610 7403
3370792 7404
331978480 7405
0 7406
59725250 7407
0 7408
0 7409
30588733 7410
0 7411
0 7412
28756845 7413
0 7414
137037 7415
0 7416
248210491 7417
0 7418
0 7419
0 7420
0 7421
0 7422
0 7423
0 7424
0 7425
0 7426
0 7427
0 7428
14381791 7429
0 7430
0 7431
0 7432
0 7433
0 7434
6382736 7435
0 7436
0 7437
0 7438
57513401 7439
0 7440
0 7441
0 7442
0 7443
0 7444
0 7445
0 7446
21955360 7447
0 7448
0 7449
0 7450
497799 7451
0 7452
0 7453
0 7454
0 7455
4778762 7456
0 7457
0 7458
94434640 7459
0 7460
23684523 7461
0 7462
22220542 7463
0 7464
216213904 7465
0 7468
93120242 7469
111073623 7470
22021648 7471
15173493 7472
59 7473
70526073 7474
0 7475
0 7476
0 7477
0 7478
0 7479
0 7480
25618305 7481
66696451 7482
123148385 7484
615717490 7485
4545013535 7486
1632911378 7487
1186389722 7488
695691358 7489
222397787 7490
263966218 7491
918403797 7492
28463807 7493
122692075 7494
646365298 7495
5429199 7496
58487009 7497
2373897040 7498
0 7499
0 7500
0 7501
0 7502
0 7503
0 7504
0 7505
6269468 7506
0 7507
0 7508
27724901 7509
96734044 7510
168474915 7511
130830860 7512
114653821 7513
119648183 7514
85903393 7515
186918108 7516
21910807 7517
139526168 7518
369977785 7519
0 7520
22490204 7521
896950437 7522
3687763699 7523
2189 7524
2410564799 7525
0 7526
383067776 7527
106829465 7528
203774643 7529
0 7530
57708374 7531
0 7532
171291270 7533
0 7534
3309 7535
24979282 7536
696705287 7537
0 7538
2088995793 7539
0 7540
63835969 7541
207160073 7542
450109619 7543
9510369 7544
38995933 7545
45308938 7546
307292141 7547
0 7548
0 7549
3804170 7550
451278494 7551
0 7552
71493383 7553
0 7554
26950411 7555
0 7556
36581213 7557
0 7558
7815722 7559
0 7560
0 7561
0 7562
32913856 7563
0 7564
0 7565
0 7566
0 7567
0 7568
42610367 7569
1795225 7570
211983152 7571
11784869 7572
216533444 7573
0 7574
16710905 7575
0 7576
42805132 7577
0 7578
168839304 7579
0 7580
0 7581
0 7582
422674 7583
0 7584
0 7585
2205229 7586
174159547 7587
0 7588
5246 7589
0 7590
3416335 7591
0 7592
0 7593
0 7594
0 7595
0 7596
2427614 7597
12169300 7598
53279163 7599
81484 7600
77573237 7601
1 7602
35622214 7603
0 7604
13917203 7605
24463736 7606
330387412 7607
0 7608
0 7609
0 7610
34912128 7611
153137 7612
535311748 7613
0 7615
353459010 7616
0 7617
132723904 7619
740371608 7620
6505191293 7621
0 7622
416702273 7623
1479436124 7624
252665989 7625
81013720 7626
1510305339 7627
105754 7628
0 7629
0 7630
0 7631
0 7632
0 7633
0 7634
0 7635
0 7636
0 7637
0 7638
284 7639
0 7640
0 7641
24998322 7642
0 7643
1227094253 7644
0 7645
172216379 7646
0 7647
0 7648
0 7649
530610674 7650
0 7651
0 7652
0 7653
67550633 7654
109813388 7655
80012969 7656
0 7657
686533592 7658
0 7659
0 7660
32619501 7661
0 7662
0 7663
0 7664
0 7665
12491727 7666
7912 7667
0 7668
0 7669
0 7670
36201331 7671
0 7672
32773394 7673
0 7674
29191508 7675
0 7676
260145144 7677
0 7678
19053289 7679
0 7680
40595647 7681
0 7682
124957543 7683
0 7684
0 7685
0 7686
0 7687
0 7688
0 7689
0 7690
0 7691
0 7692
0 7693
0 7694
9731207 7695
339437401 7696
0 7697
0 7698
33513188 7699
0 7700
0 7701
176245979 7702
0 7703
0 7704
0 7705
0 7706
0 7707
46152861 7708
0 7709
0 7710
0 7711
0 7712
0 7713
0 7714
0 7715
0 7716
0 7717
0 7718
0 7719
10888729 7720
0 7721
0 7722
12467269 7723
0 7724
0 7725
0 7726
0 7727
7947810 7728
0 7729
3957774 7730
48226304 7731
0 7732
0 7733
0 7734
0 7735
0 7736
0 7737
0 7738
0 7739
0 7740
0 7741
0 7742
0 7743
0 7744
0 7745
0 7746
10537567 7747
100041131 7748
0 7749
12256505 7750
0 7751
6052531 7752
0 7753
10040711 7754
0 7755
0 7756
0 7757
78908550 7758
0 7759
0 7760
0 7761
0 7762
0 7763
0 7764
0 7765
0 7766
0 7767
0 7768
0 7769
0 7770
0 7771
2403451 7772
0 7773
0 7774
0 7775
25736191 7776
0 7777
42074717 7778
0 7779
8161748 7780
0 7781
0 7782
0 7783
0 7784
0 7785
0 7786
19077216 7787
0 7788
0 7789
8282699 7790
0 7791
80438 7792
42205056 7793
0 7794
0 7795
0 7796
0 7797
0 7798
0 7799
0 7800
0 7801
0 7802
7123107 7803
0 7804
0 7805
0 7806
10744634 7807
0 7808
51894904 7809
0 7810
0 7811
0 7812
71531792 7813
0 7817
0 7818
450381154 7819
0 7820
0 7821
0 7822
0 7823
0 7824
0 7825
430328 7826
0 7827
0 7828
0 7829
72175487 7830
0 7831
0 7832
0 7833
252287741 7836
91132071 7837
680790692 7838
326939008 7839
419813788 7840
0 7841
0 7842
185475450 7843
2919242 7844
347689641 7845
1064780962 7846
16809174 7847
60583900 7848
583875249 7849
0 7850
0 7851
343933405 7852
718869414 7853
184595754 7854
17674611 7855
1312117443 7856
0 7857
268121321 7858
0 7859
7338732 7860
0 7861
0 7862
26357240 7863
65493078 7864
0 7865
7808900 7866
0 7867
134784477 7868
194565240 7869
0 7870
0 7871
806845553 7872
1084058498 7873
1384935984 7874
0 7875
486287951 7876
276198996 7877
0 7878
0 7879
0 7880
149366563 7881
88555997 7882
0 7883
0 7884
8646364 7885
71852232 7886
0 7887
61981121 7888
152317917 7889
156527498 7890
0 7891
49967365 7892
12 7893
0 7894
623738 7895
340091258 7896
294570897 7897
1091026756 7898
0 7899
0 7900
0 7901
165075201 7902
0 7903
0 7904
0 7905
269785573 7906
0 7907
0 7908
0 7909
0 7910
0 7911
0 7912
31653402 7913
122515260 7914
0 7915
0 7916
0 7917
0 7918
0 7919
0 7920
0 7921
7234204 7922
0 7923
0 7924
0 7925
32618978 7926
0 7927
0 7928
0 7929
0 7930
0 7931
0 7932
0 7933
0 7934
0 7935
0 7936
0 7937
0 7938
0 7939
14653976 7940
0 7941
48935197 7942
62618346 7943
42042483 7944
0 7945
0 7946
27751297 7947
77622448 7948
0 7949
0 7950
0 7951
0 7952
126022597 7953
0 7954
0 7955
0 7956
0 7957
28112206 7958
624372041 7959
67294058 7960
457510962 7961
0 7962
102685689 7963
0 7964
53866610 7965
0 7966
0 7967
262538064 7968
0 7969
0 7970
0 7971
0 7972
192784924 7973
0 7974
0 7975
32791 7976
118278559 7977
49575149 7978
2379518543 7979
0 7980
4060895 7981
21 7982
1113580200 7983
352231 7984
6513162 7985
0 7986
9736444 7987
1857 7988
122731742 7989
0 7990
14422151 7991
42257424 7992
390698452 7993
0 7994
0 7995
0 7996
15208596 7997
0 7998
0 7999
0 8000
0 8001
0 8002
0 8003
0 8004
60465456 8005
0 8006
0 8007
0 8008
19977348 8009
0 8010
59734736 8011
26455931 8012
47283754 8013
0 8014
33412342 8015
0 8016
0 8017
0 8018
158191643 8019
0 8020
0 8021
0 8022
0 8023
0 8024
68491953 8025
0 8026
35212431 8027
15 8029
0 8030
0 8034
0 8035
180176014 8036
9810549 8037
0 8038
183636093 8039
672929815 8042
826114990 8043
209899479 8044
0 8045
3820885003 8046
10265593 8047
301961 8048
24733 8049
156152769 8050
17052658 8051
1097452999 8052
0 8053
0 8054
465473816 8055
0 8056
0 8057
0 8058
0 8059
0 8060
0 8061
0 8062
0 8063
0 8064
0 8065
0 8066
535230467 8067
0 8068
121112194 8069
0 8070
0 8071
0 8072
0 8073
0 8074
0 8075
0 8076
0 8077
0 8078
0 8079
0 8080
13568241 8081
0 8082
79315342 8083
0 8084
241128701 8085
0 8086
86828142 8087
0 8088
0 8089
0 8090
86412380 8091
0 8092
190827414 8093
0 8094
0 8095
0 8096
1916438 8097
0 8098
31683230 8099
0 8100
134692036 8101
0 8102
0 8103
0 8104
111997 8105
0 8106
20768466 8107
0 8108
0 8109
0 8110
0 8111
0 8112
0 8113
0 8114
0 8115
0 8116
0 8117
0 8118
0 8119
0 8120
0 8121
0 8122
0 8123
0 8124
0 8125
0 8126
0 8127
2738556 8128
0 8129
0 8130
18726055 8131
0 8132
0 8133
2687022 8134
0 8135
0 8136
0 8137
0 8138
0 8139
27643622 8140
0 8141
0 8142
0 8143
0 8144
0 8145
0 8146
53804817 8147
1724313583 8148
0 8149
7382463 8150
3548706 8151
0 8152
1866862 8153
0 8154
0 8155
0 8156
0 8157
604121 8158
0 8159
0 8160
0 8161
0 8162
0 8163
0 8164
0 8165
0 8166
0 8167
0 8168
0 8169
0 8170
0 8171
0 8172
0 8173
63405733 8174
0 8175
2214246212 8176
0 8177
149194033 8178
26612766 8179
1242465441 8180
171190981 8181
10506280 8182
0 8183
742082 8184
176037698 8185
302529845 8186
0 8187
0 8188
0 8189
0 8190
147193767 8191
22885303 8192
0 8193
0 8194
84125 8195
238568933 8196
56941718 8197
17727528 8198
651109 8199
314965244 8200
0 8201
3405274 8202
0 8203
0 8204
0 8205
0 8206
0 8207
0 8208
0 8209
0 8210
0 8211
0 8212
0 8213
47657112 8214
0 8215
0 8216
0 8217
0 8218
0 8219
0 8220
0 8221
0 8222
0 8223
374987486 8224
0 8225
137857941 8226
0 8227
0 8228
0 8229
0 8230
0 8231
0 8232
0 8233
0 8234
0 8235
0 8236
0 8237
7673589 8238
0 8239
0 8240
0 8241
100727345 8242
0 8243
0 8244
0 8245
0 8246
0 8247
0 8248
0 8249
0 8250
0 8251
0 8252
0 8253
0 8254
0 8255
0 8256
0 8257
0 8258
0 8259
0 8260
0 8261
34747626 8262
0 8263
0 8264
0 8265
0 8266
0 8267
39709535 8268
0 8269
0 8270
0 8271
0 8272
0 8273
54658672 8274
92971710 8277
70078483 8278
73259220 8279
0 8280
321078 8281
6551838 8282
0 8283
29453054 8284
205106272 8286
532062827 8287
4016596492 8288
461936170 8289
1089131168 8290
303529954 8291
231469131 8292
794612906 8293
929863428 8294
7759 8295
57608869 8296
1828238221 8297
72800113 8298
0 8299
42827122 8300
0 8301
4302020 8302
0 8303
0 8304
0 8305
0 8306
0 8307
0 8308
0 8309
0 8310
0 8311
0 8312
0 8313
93824445 8314
0 8315
23469020 8316
0 8317
994181349 8318
5611223 8319
258101969 8320
6848289 8321
222669871 8322
207383 8323
99747988 8324
0 8325
337491045 8326
0 8327
68265768 8328
0 8329
51839184 8330
406269 8331
671709786 8332
0 8333
469595 8334
52552228 8335
0 8336
0 8337
223165119 8338
0 8339
1001730 8340
0 8341
77155705 8342
0 8343
0 8344
568316 8345
8825616 8346
0 8347
4396165 8348
39050961 8349
113054204 8350
0 8351
62569548 8352
0 8353
21094 8354
0 8355
0 8356
0 8357
85144764 8358
0 8359
0 8360
0 8361
10618941 8362
0 8363
188460685 8364
0 8365
0 8366
0 8367
0 8368
0 8369
0 8370
0 8371
0 8372
0 8373
0 8374
0 8375
168263781 8376
0 8377
0 8378
37555404 8379
0 8380
0 8381
18654266 8382
0 8383
0 8384
143829258 8385
0 8386
0 8387
0 8388
0 8389
0 8390
0 8391
6757223 8392
0 8393
12661176 8394
0 8395
0 8396
51535424 8397
0 8398
0 8399
0 8400
0 8401
0 8402
35318787 8403
0 8404
0 8405
0 8406
4708346 8407
0 8408
76827777 8409
0 8410
0 8411
0 8412
34334907 8413
0 8416
64637276 8417
0 8418
0 8419
0 8420
52767974 8421
0 8422
21634514 8423
0 8424
20784941 8425
0 8426
0 8427
0 8428
0 8429
0 8430
0 8431
0 8432
31713357 8433
0 8434
0 8435
0 8436
65396987 8437
0 8438
0 8439
0 8440
0 8441
0 8442
2375934 8443
0 8444
0 8445
0 8446
4269252 8447
0 8448
0 8449
0 8450
0 8451
0 8452
0 8453
0 8454
0 8455
0 8456
0 8457
0 8458
0 8459
0 8460
0 8461
0 8462
0 8463
0 8464
0 8465
0 8466
0 8467
0 8468
0 8469
0 8470
51164629 8471
0 8472
0 8473
0 8474
0 8475
0 8476
0 8477
0 8478
0 8479
0 8480
0 8481
0 8482
0 8483
0 8484
0 8485
0 8486
12419301 8487
0 8488
76236 8489
0 8491
0 8492
0 8493
0 8494
0 8495
0 8496
0 8497
0 8498
0 8502
0 8503
0 8504
0 8505
0 8506
0 8507
0 8508
0 8509
0 8510
0 8511
0 8512
0 8513
0 8514
0 8515
58664272 8516
0 8517
0 8518
0 8519
0 8520
0 8521
0 8522
41859143 8523
0 8524
0 8525
23371311 8526
243006015 8529
305926345 8530
0 8531
102740943 8532
242580162 8533
101968576 8534
70786367 8535
72775111 8536
0 8537
278959686 8538
96553658 8539
0 8540
187833274 8541
2198068 8542
0 8543
471503873 8544
32184433 8545
139409346 8546
0 8547
66072922 8548
0 8549
66539228 8550
150450 8551
396409612 8552
0 8553
49736554 8554
0 8555
155835378 8556
0 8557
495972466 8558
0 8559
0 8560
0 8561
0 8562
0 8563
0 8564
0 8565
0 8566
0 8567
0 8568
0 8569
0 8570
0 8571
47938166 8572
0 8573
0 8574
0 8575
0 8576
0 8577
69961900 8578
0 8579
0 8580
0 8581
0 8582
0 8583
0 8584
0 8585
450340 8586
0 8587
0 8588
0 8589
0 8590
0 8591
0 8592
0 8593
291188 8594
0 8595
0 8596
28599747 8597
0 8598
14779 8599
0 8600
26116224 8601
0 8602
0 8603
0 8604
0 8605
0 8606
8187507 8607
0 8608
0 8609
0 8610
0 8611
0 8612
0 8613
0 8614
0 8615
0 8616
0 8617
0 8618
0 8619
0 8620
0 8621
0 8622
1223332 8623
16386457 8624
0 8625
163840619 8626
0 8627
0 8628
0 8629
0 8630
0 8631
0 8632
4349638 8633
0 8634
0 8635
0 8636
0 8637
0 8638
0 8639
0 8640
0 8641
0 8642
0 8643
0 8644
0 8645
0 8646
26691787 8647
148074154 8648
0 8649
8036686 8650
0 8651
0 8652
0 8653
94003851 8654
0 8655
0 8656
0 8657
0 8658
0 8659
0 8660
0 8661
0 8662
0 8663
0 8664
0 8665
0 8666
0 8667
0 8668
0 8669
7423130 8670
0 8671
0 8672
0 8673
0 8674
0 8675
0 8676
0 8677
2584951 8678
0 8679
0 8680
0 8681
0 8682
0 8683
0 8684
0 8685
55788978 8686
0 8687
59415956 8688
0 8689
0 8690
0 8691
11317950 8692
0 8693
0 8694
0 8695
0 8696
0 8697
0 8698
0 8699
0 8700
11806596 8701
1138776 8702
0 8703
12204860 8704
0 8705
0 8706
0 8707
36276877 8708
0 8709
4682778 8710
0 8711
0 8712
0 8713
0 8714
0 8715
0 8716
0 8717
0 8718
0 8719
5699928 8720
0 8721
86342459 8722
0 8723
0 8724
0 8725
0 8726
0 8727
0 8728
0 8729
74633018 8730
0 8731
0 8732
0 8733
0 8734
0 8735
0 8736
0 8737
0 8738
0 8739
0 8740
0 8741
20032527 8742
0 8743
58433034 8744
0 8745
0 8746
0 8747
0 8748
0 8749
0 8750
0 8751
157575738 8752
0 8753
0 8754
0 8755
0 8756
0 8757
2387067 8758
36148484 8759
0 8760
0 8761
0 8762
0 8763
0 8764
0 8765
0 8766
0 8767
0 8768
0 8769
0 8770
0 8771
1585985 8772
0 8773
0 8774
0 8775
0 8776
0 8777
103118732 8778
0 8779
10756340 8780
0 8781
0 8782
0 8783
0 8784
0 8785
0 8786
0 8787
0 8788
0 8789
0 8790
0 8791
0 8792
0 8793
16348346 8794
0 8795
0 8796
0 8797
0 8798
0 8799
0 8800
0 8801
0 8802
0 8803
0 8804
0 8805
0 8806
0 8807
0 8808
0 8809
0 8810
0 8811
41814506 8812
0 8813
15769036 8814
0 8815
0 8816
0 8817
22629936 8818
0 8819
0 8820
0 8821
53165733 8822
0 8823
0 8824
0 8825
0 8826
0 8827
1292948 8828
0 8829
951 8830
0 8831
0 8832
0 8833
7218394 8834
0 8835
35657117 8836
0 8839
0 8840
0 8841
0 8842
0 8843
0 8844
0 8845
0 8846
0 8847
51563312 8848
33042657 8849
73917291 8850
0 8851
31892555 8852
42095530 8853
0 8854
0 8855
0 8856
0 8857
0 8858
10668491 8859
0 8860
22073131 8861
48689960 8862
290409797 8864
326732069 8865
314729212 8866
2550586923 8867
1017045564 8868
281124154 8869
4211157 8870
121297828 8871
222712269 8872
245536857 8873
947668694 8874
782765823 8875
53408435 8876
225165518 8877
1466923488 8878
0 8879
74092768 8880
98298128 8881
33916831 8882
67876302 8883
312487040 8884
0 8885
115044109 8886
2166945079 8887
0 8888
0 8889
19177 8890
23868150 8891
0 8892
0 8893
0 8894
0 8895
0 8896
0 8897
0 8898
0 8899
0 8900
0 8901
0 8902
55070704 8903
35109819 8904
131706988 8905
0 8906
0 8907
0 8908
0 8909
0 8910
0 8911
3919 8912
20541262 8913
748074 8914
0 8915
5300926 8916
177262116 8917
89929220 8918
688748916 8919
0 8920
318929567 8921
2432 8922
0 8923
198449 8924
0 8925
0 8926
42730 8927
0 8928
0 8929
0 8930
0 8931
0 8932
0 8933
0 8934
21799105 8935
84661273 8936
8948293 8937
0 8938
137636930 8939
0 8940
0 8941
74582318 8942
50253430 8943
0 8944
5914 8945
0 8946
27882836 8947
0 8948
0 8949
214249714 8950
373888814 8951
845990 8952
149703366 8953
0 8954
48740278 8955
0 8956
0 8957
668725 8958
4045155 8959
0 8960
32970110 8961
0 8962
0 8963
0 8964
0 8965
0 8966
54435389 8967
0 8968
0 8969
0 8970
2 8971
0 8972
0 8973
14339468 8974
206332 8975
0 8976
0 8977
0 8978
27564535 8979
0 8980
0 8981
36828604 8982
100611770 8983
0 8984
0 8985
0 8986
57924411 8987
0 8988
0 8989
0 8990
0 8991
0 8992
0 8993
0 8994
0 8995
0 8996
0 8997
0 8998
0 8999
0 9000
0 9001
0 9002
0 9003
0 9004
0 9005
0 9006
12867439 9007
20464824 9008
0 9009
0 9010
0 9011
0 9012
3505652 9013
0 9014
51058346 9015
9416032 9016
69997372 9017
0 9018
0 9019
0 9020
29284293 9021
0 9022
0 9023
0 9024
2706340 9025
0 9026
22928387 9027
0 9028
0 9029
0 9030
0 9031
0 9032
0 9033
0 9034
5233988 9035
0 9036
0 9037
0 9038
0 9039
0 9040
1777354 9041
0 9042
68287779 9043
254689499 9044
338139 9045
388405951 9046
0 9047
141798100 9048
447221 9049
227242309 9050
0 9051
0 9052
16240471 9053
0 9054
0 9055
0 9056
0 9057
45298526 9058
0 9059
0 9060
0 9061
0 9062
0 9063
0 9064
0 9065
24146301 9066
0 9067
0 9068
0 9069
47609711 9070
0 9071
0 9072
13557466 9073
206392966 9074
0 9075
711277015 9076
0 9077
63304489 9078
42805329 9079
468658922 9080
0 9081
0 9082
0 9083
0 9084
4362055 9085
49525695 9086
0 9087
0 9088
0 9089
0 9090
0 9091
0 9092
0 9093
4519824 9094
0 9095
4011697 9096
0 9097
102192065 9098
0 9099
0 9100
21838037 9101
378048693 9102
0 9103
195488 9104
0 9105
26034128 9106
0 9107
0 9108
0 9109
1285 9110
0 9111
0 9112
0 9113
0 9114
0 9115
0 9116
0 9117
0 9118
0 9119
0 9120
0 9121
0 9122
0 9123
0 9124
474433 9125
61348792 9126
0 9127
799382949 9128
43779732 9129
84830702 9130
0 9131
0 9132
0 9133
236177 9134
0 9135
4575400 9136
0 9137
47013570 9138
0 9139
0 9140
0 9141
79848730 9142
0 9143
22800463 9144
3121234 9145
535925019 9146
0 9147
0 9148
45367306 9149
0 9150
0 9151
0 9152
0 9153
0 9154
0 9155
0 9156
135788 9157
0 9158
0 9159
0 9160
0 9161
0 9162
1876140 9163
0 9164
0 9165
0 9166
8064263 9167
0 9168
0 9169
0 9170
0 9171
0 9172
0 9173
0 9174
0 9175
0 9176
0 9177
0 9178
14671100 9179
0 9180
42362815 9181
0 9182
26667512 9183
0 9184
0 9185
0 9186
166349316 9187
0 9188
0 9189
0 9190
26434030 9191
0 9192
364773378 9193
0 9194
0 9195
0 9196
0 9197
0 9198
0 9199
0 9200
0 9201
0 9202
0 9203
0 9204
0 9205
0 9206
0 9207
0 9208
0 9209
0 9210
0 9211
0 9212
0 9213
0 9214
0 9215
0 9216
0 9217
19964256 9218
0 9219
0 9220
0 9221
0 9222
0 9223
0 9224
53 9225
0 9226
0 9227
0 9228
0 9229
0 9230
112938145 9231
0 9232
0 9233
0 9234
0 9235
0 9236
13367222 9237
0 9238
0 9239
0 9240
0 9241
0 9242
0 9243
0 9244
0 9245
0 9246
0 9247
0 9248
0 9249
0 9250
0 9251
0 9252
0 9253
0 9254
0 9255
0 9256
6025546 9257
0 9258
0 9259
0 9260
0 9261
0 9262
0 9263
0 9264
0 9265
0 9266
15026597 9267
0 9268
30716299 9269
0 9270
0 9271
0 9272
0 9273
0 9274
0 9275
0 9276
2261610 9277
0 9278
0 9279
0 9280
68928666 9281
0 9282
0 9283
0 9284
0 9285
0 9286
0 9287
21975776 9288
0 9289
4180971 9290
0 9291
26085800 9292
0 9293
31459911 9294
0 9295
5896849 9296
0 9297
60693217 9298
0 9299
28562460 9300
0 9301
0 9302
0 9303
4363 9304
0 9305
10706930 9306
0 9307
0 9308
0 9309
0 9310
0 9311
0 9312
0 9313
0 9314
0 9315
0 9316
0 9317
0 9318
0 9319
0 9320
0 9321
0 9322
0 9323
0 9324
0 9325
14912424 9326
0 9327
0 9328
0 9329
0 9330
0 9331
0 9332
0 9333
0 9334
0 9335
0 9336
0 9337
0 9338
0 9339
5193818 9340
0 9341
0 9342
0 9343
0 9344
0 9345
0 9346
0 9347
0 9348
0 9349
0 9350
0 9351
6387244 9352
0 9353
0 9354
0 9355
0 9356
0 9357
0 9358
0 9359
0 9360
0 9361
0 9362
0 9363
0 9364
0 9365
9661684 9366
52304289 9367
0 9368
169614306 9369
0 9370
0 9371
0 9372
11054307 9373
0 9374
4925758 9375
0 9376
0 9377
0 9378
13 9379
0 9380
73199348 9381
4614870950 9382
0 9383
107246262 9384
1536609617 9385
675351 9386
222834688 9387
6628647 9388
67312301 9389
152885229 9390
30567557 9391
0 9392
0 9393
14673518 9394
0 9395
0 9396
0 9397
0 9398
12617473 9399
111161030 9400
0 9401
70472587 9402
801010649 9403
0 9404
0 9405
129934936 9406
0 9407
0 9408
0 9409
0 9410
0 9411
0 9412
0 9413
0 9414
0 9415
0 9416
0 9417
0 9418
0 9419
0 9420
0 9421
29038766 9422
0 9423
0 9424
0 9425
0 9426
0 9427
13945 9428
0 9429
26667506 9430
2906333 9431
727152263 9432
0 9433
34362216 9434
0 9435
16455871 9436
0 9437
16299379 9438
30845875 9439
105862127 9440
0 9441
0 9442
0 9443
23002865 9444
0 9445
0 9446
0 9447
17064339 9448
0 9449
0 9450
0 9451
121860072 9452
0 9453
61552750 9454
10853102 9455
447977580 9456
0 9457
0 9458
0 9459
0 9460
0 9461
0 9462
0 9463
0 9464
4214285 9465
24266946 9466
0 9467
0 9468
0 9469
0 9470
0 9471
0 9472
0 9473
0 9474
0 9475
19168427 9476
0 9477
32329629 9478
0 9479
2008470 9480
0 9481
0 9482
0 9483
0 9484
0 9485
0 9486
0 9487
1336961 9488
0 9489
0 9490
0 9491
0 9492
0 9493
0 9494
0 9495
209572417 9496
0 9497
49911719 9498
0 9499
0 9500
0 9501
0 9502
0 9503
683472 9504
0 9505
0 9506
0 9507
0 9508
60479770 9509
346853 9510
0 9511
28501316 9512
0 9513
99029277 9514
0 9515
0 9516
0 9517
0 9518
0 9519
0 9520
0 9521
0 9522
0 9523
0 9524
0 9525
0 9526
0 9527
0 9528
0 9529
0 9530
0 9531
0 9532
0 9533
0 9534
0 9535
0 9536
69506167 9537
0 9538
0 9539
0 9540
15108725 9541
0 9542
0 9543
0 9544
0 9545
0 9546
0 9547
0 9548
0 9549
0 9550
6248027 9551
0 9552
0 9553
0 9554
0 9555
0 9556
0 9557
484130 9558
3332497 9559
0 9560
0 9561
0 9562
430829 9563
0 9564
0 9565
40233833 9566
0 9567
0 9568
0 9569
0 9570
0 9571
41999670 9572
0 9573
0 9574
0 9575
169294830 9576
0 9577
0 9578
9445405 9579
16286178 9580
512984 9581
99703070 9582
0 9583
7 9584
0 9585
11147109 9586
16682979 9587
0 9588
0 9589
0 9590
0 9591
0 9592
0 9593
0 9594
0 9595
0 9596
0 9597
16050559 9598
7317312 9599
572952059 9600
0 9601
27946377 9602
102006676 9603
0 9604
0 9605
0 9606
0 9607
1243881 9608
66402760 9609
0 9610
0 9611
14637949 9612
0 9613
18596718 9614
460432677 9615
0 9616
0 9617
0 9618
0 9619
0 9620
0 9621
0 9622
0 9623
0 9624
14430150 9625
0 9626
0 9627
0 9628
0 9629
0 9630
0 9631
24398865 9632
0 9633
0 9634
75558733 9635
0 9636
0 9637
0 9638
0 9639
0 9640
0 9641
0 9642
0 9643
0 9644
0 9645
0 9646
0 9647
8894496 9648
0 9649
13584093 9650
0 9651
0 9652
0 9653
0 9654
0 9655
119426 9656
0 9657
0 9658
0 9659
4185829 9660
0 9661
0 9662
0 9663
17590991 9664
0 9665
0 9666
0 9667
0 9668
0 9669
0 9670
0 9671
0 9672
0 9673
0 9674
0 9675
27001306 9676
0 9677
0 9678
0 9679
0 9680
0 9681
2174932 9682
0 9683
0 9684
0 9685
46075323 9686
0 9687
0 9688
0 9689
0 9690
0 9691
0 9692
0 9693
2924082 9694
0 9695
10594679 9696
0 9697
0 9698
1827665 9699
19763861 9700
0 9701
0 9702
0 9703
10824414 9704
0 9705
268348267 9706
0 9707
0 9708
0 9709
0 9710
1699555 9711
0 9712
0 9713
9983386 9714
0 9715
0 9716
1956635 9717
0 9718
0 9719
0 9720
0 9721
0 9722
0 9723
0 9724
0 9725
0 9726
0 9727
0 9728
0 9729
0 9730
0 9731
530595 9732
0 9733
0 9734
0 9735
7333246 9736
0 9737
0 9738
0 9739
0 9740
0 9741
3587765 9742
0 9743
0 9744
0 9745
0 9746
0 9747
0 9748
0 9749
0 9750
24025543 9751
0 9752
0 9753
1540730 9754
0 9755
0 9756
21303248 9757
0 9758
0 9759
0 9760
0 9761
0 9762
3898543 9763
0 9764
0 9765
0 9766
12365978 9767
0 9768
35323068 9769
0 9770
0 9771
0 9772
50180899 9773
0 9775
0 9776
0 9777
6224893 9778
0 9779
0 9780
0 9781
0 9782
82356110 9783
5526694 9784
72077688 9787
58719085 9788
20233823 9789
131434928 9790
0 9791
90633603 9792
367168706 9793
184164886 9794
190972707 9795
134031833 9796
2091449 9797
64109 9798
0 9799
54386123 9800
9995411 9801
23968346 9802
306659 9803
132207052 9804
0 9805
46096741 9806
0 9807
167267545 9808
0 9809
438546462 9810
24952738 9811
0 9812
1662294 9813
0 9814
0 9815
0 9816
0 9817
0 9818
0 9819
0 9820
0 9821
0 9822
15761842 9823
0 9824
0 9825
0 9826
62702310 9827
0 9828
0 9829
0 9830
0 9831
0 9832
0 9833
0 9834
0 9835
0 9836
3523564 9837
0 9838
0 9839
0 9840
0 9841
0 9842
0 9843
111995 9844
0 9845
0 9846
0 9847
49114280 9848
0 9849
4177515 9850
0 9851
0 9852
0 9853
0 9854
0 9855
1729904 9856
0 9857
0 9858
0 9859
0 9860
0 9861
16171201 9862
0 9863
0 9864
0 9865
0 9866
0 9867
18625819 9868
0 9869
0 9870
0 9871
786233 9872
0 9873
0 9874
10248618 9875
0 9876
0 9877
362999 9878
0 9879
0 9880
0 9881
0 9882
22232681 9883
0 9884
0 9885
0 9886
0 9887
0 9888
14413823 9889
0 9890
0 9891
0 9892
0 9893
0 9894
0 9895
21888447 9896
0 9897
12743305 9898
0 9899
0 9900
0 9901
0 9902
0 9903
1760438 9904
0 9905
0 9906
0 9907
0 9908
0 9909
1029296 9910
10185443 9911
0 9912
501429 9913
0 9914
0 9915
0 9916
0 9917
0 9918
17251034 9919
0 9920
0 9921
0 9922
0 9923
0 9924
21488614 9925
0 9926
0 9927
0 9928
0 9929
0 9930
0 9931
0 9932
0 9933
0 9934
0 9935
0 9936
0 9937
14144951 9938
0 9939
11301134 9940
0 9941
0 9942
0 9943
0 9944
0 9945
0 9946
0 9947
6479119 9948
0 9949
0 9950
0 9951
0 9952
12334282 9953
0 9954
0 9955
0 9956
872828 9957
0 9958
39778599 9959
249831498 9961
561701192 9962
922870005 9963
2078178235 9964
2011817673 9965
577487866 9966
731086777 9967
329719393 9968
83619605 9969
389948244 9970
565467184 9971
1162540647 9972
0 9973
135454348 9974
573615767 9975
3457282148 9976
625328 9977
59186097 9978
104719822 9979
0 9980
0 9981
301425 9982
0 9983
0 9984
46036709 9985
0 9986
0 9987
0 9988
0 9989
0 9990
430652 9991
0 9992
0 9993
785855 9994
0 9995
0 9996
114995693 9997
901163 9998
265928304 9999
3473060 10000
0 10001
0 10002
12071669 10003
7290913 10004
0 10005
0 10006
0 10007
0 10008
0 10009
0 10010
50709009 10011
0 10012
0 10013
862614 10014
23986105 10015
0 10016
0 10017
0 10018
23694700 10019
0 10020
0 10021
24128769 10022
233993409 10023
555426217 10024
3625160 10025
28017202 10026
79392449 10027
18779747 10028
12213111 10029
122954506 10030
0 10031
0 10032
0 10033
48208339 10034
48908275 10035
204224848 10036
0 10037
1259459 10038
0 10039
60322390 10040
7609819 10041
825940760 10042
1049395873 10043
1007693934 10044
7369124 10045
438088837 10046
295151223 10047
0 10048
165221878 10049
79266776 10050
139455016 10051
0 10052
0 10053
57606989 10054
8014555 10055
128922049 10056
385777662 10057
363535932 10058
0 10059
3114867 10060
5058748 10061
337852998 10062
0 10063
4015691 10064
14658224 10065
41715835 10066
0 10067
17215870 10068
0 10069
84954296 10070
0 10071
0 10072
0 10073
20035613 10074
0 10075
5431362 10076
100446082 10077
343273656 10078
47534316 10079
277352025 10080
0 10081
11840328 10082
0 10083
4812155 10084
278308 10085
187365732 10086
0 10087
0 10088
0 10089
13565437 10090
80601140 10091
267436817 10092
1636 10093
0 10094
1406017 10095
0 10096
0 10097
0 10098
8082447 10099
0 10100
0 10101
0 10102
0 10103
0 10104
3974414 10105
0 10106
0 10107
10742303 10108
79614314 10109
0 10110
26688235 10111
0 10112
0 10113
13245709 10114
57626714 10115
0 10116
0 10117
0 10118
0 10119
0 10120
8811946 10121
0 10122
48802 10123
0 10124
15451543 10125
0 10126
15096720 10127
7166283 10128
137579380 10129
6103116 10130
210474018 10131
0 10132
14666721 10133
0 10134
29035903 10135
0 10136
42288818 10137
48130487 10138
567526774 10139
0 10140
0 10141
0 10142
0 10143
0 10144
17601223 10145
0 10146
7909267 10147
0 10148
0 10149
17764908 10150
132583297 10151
0 10152
895869134 10153
0 10154
80350419 10155
0 10156
0 10157
0 10158
0 10159
0 10160
0 10161
42193383 10162
0 10163
0 10164
35986795 10165
0 10166
0 10167
0 10168
0 10169
0 10170
0 10171
0 10172
0 10173
0 10174
0 10175
1094994 10176
0 10177
0 10178
0 10179
0 10180
0 10181
0 10182
0 10183
222112 10184
0 10185
4760144 10186
0 10187
0 10188
0 10189
0 10190
0 10191
0 10192
0 10193
0 10194
0 10195
0 10196
0 10197
5972025 10198
0 10199
0 10200
0 10201
0 10202
0 10203
0 10204
0 10205
0 10206
0 10207
0 10208
0 10209
0 10210
12846867 10211
0 10212
0 10213
0 10214
0 10215
0 10216
0 10217
0 10218
0 10219
0 10220
0 10221
0 10222
0 10223
0 10224
0 10225
0 10226
0 10227
0 10228
0 10229
0 10230
20660969 10231
0 10232
0 10233
0 10234
0 10235
0 10236
0 10237
0 10238
72765 10239
0 10240
4240240 10241
0 10242
0 10243
0 10244
0 10245
0 10246
0 10247
12231201 10248
0 10249
0 10250
0 10251
37313235 10252
0 10253
26236455 10254
138026581 10255
170701999 10256
0 10257
0 10258
0 10259
0 10260
34653057 10261
0 10262
0 10263
0 10264
0 10265
14068831 10266
4049401 10267
0 10268
0 10269
0 10270
74581170 10271
0 10272
0 10273
0 10274
0 10275
0 10276
0 10277
0 10278
5630260 10279
0 10280
0 10281
0 10282
0 10283
0 10284
6204554 10285
11438494 10286
35065984 10287
0 10288
4184476 10289
0 10290
0 10291
0 10292
0 10293
0 10294
271855 10295
0 10296
0 10297
0 10298
0 10299
5709586 10300
1903931 10301
0 10302
0 10303
0 10304
0 10305
0 10306
0 10307
0 10308
0 10309
0 10310
0 10311
0 10312
0 10313
0 10314
0 10315
0 10316
0 10317
11712728 10318
0 10319
7133961 10320
0 10321
0 10322
0 10323
9935828 10324
0 10325
0 10326
0 10327
0 10328
0 10329
9094936 10330
0 10331
0 10332
0 10333
5632352 10334
0 10335
0 10336
0 10337
7905299 10338
0 10339
41283268 10340
0 10341
8697411 10342
0 10343
0 10344
0 10345
0 10346
6096754 10347
88085982 10348
0 10349
0 10350
0 10351
0 10352
0 10353
403368 10354
0 10355
0 10356
0 10357
0 10358
53726 10359
56434105 10360
53424 10361
195019637 10362
2642402411 10363
173778575 10364
1034991717 10365
66255917 10366
126119381 10367
14217040 10368
805977837 10369
0 10370
32062235 10371
44258103 10372
18735279 10373
260320167 10374
439097536 10375
0 10376
0 10377
44774601 10378
0 10379
11483440 10380
0 10381
594966159 10382
0 10383
0 10384
67633354 10385
21862331 10386
0 10387
594929958 10388
0 10389
0 10390
0 10391
6777908 10392
4355129 10393
47690806 10394
0 10395
204993211 10396
0 10397
0 10398
0 10399
0 10400
0 10401
19637625 10402
0 10403
0 10404
101092614 10405
0 10406
0 10407
0 10408
0 10409
0 10410
0 10411
0 10412
0 10413
0 10414
50723780 10415
0 10416
38657289 10417
0 10418
29472358 10419
27473568 10420
39743025 10421
0 10422
28977170 10423
0 10424
0 10425
0 10426
14197728 10427
0 10428
25455233 10429
0 10430
96935809 10431
0 10432
36979470 10433
0 10434
0 10435
0 10436
1460777 10437
19348342 10438
26295370 10439
13836618 10440
178216179 10441
0 10442
0 10443
0 10444
0 10445
0 10446
0 10447
0 10448
0 10449
0 10450
0 10451
13380966 10452
0 10453
32950007 10454
0 10455
141371879 10456
0 10457
126584393 10458
238112416 10459
0 10460
0 10461
0 10462
0 10463
0 10464
9568488 10465
943820184 10466
0 10467
51172 10468
28379600 10469
500079153 10470
0 10471
0 10472
94118 10473
0 10474
74537378 10475
187016838 10476
0 10477
0 10478
0 10479
0 10480
0 10481
0 10482
0 10483
0 10484
0 10485
0 10486
0 10487
0 10488
0 10489
1944980 10490
0 10491
0 10492
26796169 10493
14970120 10494
65615237 10495
0 10496
0 10497
0 10498
0 10499
0 10500
0 10501
0 10502
0 10503
9838987 10504
0 10505
0 10506
0 10507
0 10508
55022 10509
4611986 10510
0 10511
0 10512
0 10513
0 10514
0 10515
0 10516
0 10517
0 10518
0 10519
0 10520
111 10521
0 10522
149527144 10523
5290940 10524
38570950 10525
0 10526
0 10527
0 10528
11835101 10529
0 10530
33658060 10531
0 10532
217687271 10533
0 10534
0 10535
0 10536
0 10537
0 10538
0 10539
0 10540
0 10541
0 10542
0 10543
0 10544
0 10545
0 10546
2855717 10547
0 10548
12507511 10549
0 10550
18211249 10551
4299853 10552
127271852 10553
0 10554
0 10555
0 10556
0 10557
0 10558
0 10559
26582927 10560
0 10561
43460877 10562
0 10563
0 10564
0 10565
0 10566
0 10567
0 10568
0 10569
0 10570
0 10571
22417860 10572
581 10573
0 10574
0 10575
0 10576
0 10577
0 10578
0 10579
0 10580
0 10581
0 10582
0 10583
0 10584
0 10585
0 10586
20705398 10587
0 10588
96463749 10589
0 10590
0 10591
0 10592
0 10593
0 10594
6952670 10595
0 10596
4905946 10597
0 10598
0 10599
0 10600
12340956 10601
0 10602
27941956 10603
0 10604
41885369 10605
0 10606
0 10607
0 10608
0 10609
0 10610
0 10611
0 10612
0 10613
0 10614
0 10615
0 10616
0 10617
0 10618
0 10619
0 10620
0 10621
0 10622
0 10623
4818160 10624
0 10625
572997 10626
0 10627
0 10628
0 10629
0 10630
0 10631
0 10632
0 10633
0 10634
0 10635
13142283 10636
0 10637
0 10638
0 10639
0 10640
0 10641
0 10642
0 10643
0 10644
0 10645
0 10646
0 10647
6849295 10648
0 10649
813181 10650
0 10651
9216795 10652
0 10653
33538843 10654
2702811 10655
0 10656
0 10657
0 10658
0 10659
0 10660
0 10661
0 10662
0 10663
5771050 10664
82765662 10665
0 10666
0 10667
38240724 10668
0 10669
0 10670
9154295 10671
4004868 10672
24306512 10673
162530257 10674
0 10675
0 10676
0 10677
16091506 10678
0 10679
1 10680
0 10681
0 10682
0 10683
0 10684
1818250 10685
21791746 10686
0 10687
0 10688
0 10689
0 10690
0 10691
0 10692
0 10693
0 10694
0 10695
8911 10696
0 10697
0 10698
0 10699
20866041 10700
0 10701
90872 10702
0 10703
21990326 10704
2039054 10705
276786242 10706
0 10707
9776489 10708
0 10709
0 10710
0 10711
0 10712
0 10713
6886878 10714
3607115 10715
0 10716
0 10717
0 10718
3236934 10719
0 10720
52405336 10721
0 10722
1837990 10723
4122986 10724
290991279 10725
0 10728
14716749 10729
0 10730
113506485 10731
0 10732
109008495 10733
0 10734
15255355 10735
0 10736
90739251 10737
0 10738
0 10739
1108072356 10741
4066395192 10742
369701 10743
108423270 10744
298386317 10745
2241084669 10746
0 10747
144733425 10748
0 10749
0 10750
0 10751
728811 10752
57729911 10753
0 10754
10197712 10755
0 10756
11737161 10757
0 10758
138194016 10759
0 10760
1036120715 10761
31913317 10762
185955228 10763
0 10764
0 10765
592 10766
81333603 10767
0 10768
490574673 10769
0 10770
0 10771
0 10772
41101822 10773
0 10774
1007182 10775
0 10776
21182728 10777
0 10778
0 10779
0 10780
101784976 10781
0 10782
123081905 10783
0 10784
149669561 10785
0 10786
0 10787
0 10788
0 10789
0 10790
0 10791
0 10792
0 10793
0 10794
0 10795
0 10796
50277158 10797
0 10798
0 10799
0 10800
0 10801
0 10802
0 10803
0 10804
0 10805
0 10806
0 10807
0 10808
0 10809
0 10810
0 10811
0 10812
0 10813
0 10814
14813189 10815
0 10816
0 10817
0 10818
20467257 10819
0 10820
11597890 10821
0 10822
0 10823
0 10824
4520880 10825
0 10826
0 10827
0 10828
0 10829
0 10830
4649064 10831
83061882 10832
0 10833
0 10834
0 10835
0 10836
0 10837
0 10838
0 10839
0 10840
5922153 10841
423509110 10842
0 10843
0 10844
21683414 10845
0 10846
11064274 10847
282302 10848
0 10849
7136796 10850
243221494 10851
0 10852
0 10853
0 10854
0 10855
0 10856
0 10857
0 10858
0 10859
32861019 10860
0 10861
0 10862
181974488 10863
0 10864
0 10865
0 10866
0 10867
0 10868
0 10869
0 10870
0 10871
0 10872
0 10873
0 10874
0 10875
0 10876
21574769 10877
0 10878
0 10879
0 10880
9145355 10881
0 10882
124500462 10883
0 10884
0 10885
0 10886
0 10887
0 10888
0 10889
0 10890
8485816 10891
0 10892
0 10893
0 10894
0 10895
0 10896
4824282 10897
0 10898
0 10899
0 10900
34151498 10901
0 10902
115404373 10903
0 10904
0 10905
0 10906
0 10907
0 10908
0 10909
0 10910
17043976 10911
0 10912
6141638 10913
0 10914
0 10915
0 10916
0 10917
0 10918
0 10919
0 10920
0 10921
0 10922
0 10923
0 10924
0 10925
0 10926
0 10927
0 10928
0 10929
0 10930
0 10931
0 10932
0 10933
0 10934
0 10935
0 10936
0 10937
0 10938
0 10939
0 10940
0 10941
0 10942
0 10943
0 10944
115730162 10945
0 10946
0 10947
314304 10948
10555356 10949
0 10950
7692166 10951
28922252 10952
159102992 10953
0 10954
0 10955
0 10956
0 10957
0 10958
0 10959
0 10960
0 10961
0 10962
0 10963
0 10964
0 10965
0 10966
0 10967
0 10968
0 10969
0 10970
7228264 10971
356857 10972
0 10973
0 10974
0 10975
0 10976
0 10977
24600273 10978
0 10979
0 10980
0 10981
0 10982
67225 10983
0 10984
0 10985
0 10986
0 10987
0 10988
8468098 10989
0 10990
60797160 10991
0 10992
0 10993
0 10994
0 10995
0 10996
0 10997
0 10998
0 10999
0 11000
0 11001
131755 11002
0 11003
0 11004
0 11005
0 11006
0 11007
0 11008
0 11009
0 11010
0 11011
0 11012
0 11013
6144091 11014
0 11015
37810122 11016
0 11017
0 11018
0 11019
0 11020
0 11021
0 11022
0 11023
1070103 11024
0 11025
0 11026
0 11027
0 11028
0 11029
7947913 11030
0 11031
0 11032
0 11033
94078046 11034
0 11035
0 11036
0 11037
0 11038
0 11039
0 11040
0 11041
0 11042
2770345 11043
40017363 11044
0 11046
0 11047
6384976 11048
0 11049
190046534 11051
411201160 11052
204446644 11053
55199336 11054
91124076 11055
271820200 11056
0 11057
58131694 11058
567553306 11059
0 11060
0 11061
0 11062
0 11063
0 11064
613369 11065
14766473 11066
79603465 11067
0 11068
0 11069
0 11070
0 11071
0 11072
0 11073
0 11074
0 11075
0 11076
5326658 11077
10334417 11078
21563319 11079
45015385 11080
0 11081
7387045 11082
0 11083
6305918 11084
0 11085
83739500 11086
0 11087
0 11088
0 11089
0 11090
0 11091
38474682 11092
0 11093
0 11094
0 11095
28124281 11096
0 11097
0 11098
14981082 11099
0 11100
0 11101
0 11102
4215744 11103
0 11104
0 11105
0 11106
3930428 11107
0 11108
0 11109
0 11110
17222960 11111
0 11112
57051670 11113
0 11114
11992797 11115
0 11116
30754533 11117
0 11118
0 11119
0 11120
144428359 11121
0 11122
0 11123
0 11124
10086222 11125
0 11126
95535565 11127
5 11128
0 11129
26590099 11130
0 11131
0 11132
0 11133
0 11134
0 11135
0 11136
0 11137
0 11138
38082412 11139
0 11140
0 11141
0 11142
0 11143
0 11144
0 11145
0 11146
0 11147
0 11148
0 11149
0 11150
0 11151
0 11152
0 11153
0 11154
0 11155
0 11156
0 11157
0 11158
0 11159
0 11160
0 11161
0 11162
0 11163
0 11164
0 11165
0 11166
0 11167
0 11168
12290838 11169
18506704 11170
15496619 11171
0 11172
0 11173
0 11174
0 11175
0 11176
0 11177
2594726 11178
0 11179
0 11180
0 11181
442644 11182
0 11183
0 11184
0 11185
4947907 11186
0 11187
14723584 11188
0 11189
0 11190
0 11191
0 11192
0 11193
0 11194
0 11195
0 11196
0 11197
0 11198
0 11199
0 11200
0 11201
0 11202
0 11203
0 11204
0 11205
0 11206
0 11207
0 11208
0 11209
0 11210
0 11211
0 11212
0 11213
0 11214
6170187 11215
0 11216
2163283 11217
0 11218
1763328 11219
0 11220
0 11221
0 11222
0 11223
7898760 11224
0 11225
0 11226
0 11227
0 11228
0 11229
19745524 11230
0 11231
10194295 11232
24842524 11233
0 11234
0 11235
0 11236
0 11237
0 11238
0 11239
0 11240
0 11241
0 11242
0 11243
0 11244
6659228 11245
0 11246
0 11247
0 11248
0 11249
0 11250
12566791 11251
0 11252
0 11253
0 11254
3022222 11255
0 11256
57257620 11257
0 11258
0 11259
0 11260
15639813 11261
1920568112 11263
1773015843 11264
1217894032 11265
1037658677 11266
1321372548 11267
17674537 11268
96847619 11269
155231956 11270
703057118 11271
3321877821 11272
1176459663 11273
518279534 11274
240339274 11275
290771386 11276
333098 11277
94386532 11278
0 11279
7389014 11280
1348266 11281
28011696 11282
193639201 11283
12752088 11284
7656540 11285
99724847 11286
240210874 11287
374656241 11288
121752474 11289
98719173 11290
149646724 11291
2149208 11292
292818883 11293
13027480 11294
0 11295
0 11296
0 11297
32343639 11298
0 11299
232138 11300
128126140 11301
18423161 11302
0 11303
6093785 11304
0 11305
2050632 11306
47253323 11307
60714095 11308
0 11309
22071698 11310
84680188 11311
595102945 11312
124749002 11313
66866467 11314
316167412 11315
0 11316
17721277 11317
972092 11318
0 11319
2834180 11320
39732848 11321
0 11322
0 11323
0 11324
14392790 11325
0 11326
48678283 11327
0 11328
169954 11329
10617995 11330
68703095 11331
85759136 11332
578385857 11333
366030781 11334
1797877 11335
86081077 11336
1309297 11337
0 11338
0 11339
10878484 11340
18729969 11341
143288083 11342
3854964 11343
802848847 11344
0 11345
0 11346
0 11347
3690335 11348
6283525 11349
20012978 11350
2941545 11351
0 11352
3642 11353
3097432 11354
28112145 11355
0 11356
0 11357
15344279 11358
78087401 11359
0 11360
13255905 11361
0 11362
11502646 11363
22633421 11364
358231591 11365
2406261 11366
883727261 11367
0 11368
0 11369
0 11370
0 11371
8814250 11372
0 11373
134679972 11374
91506340 11375
0 11376
24318865 11377
0 11378
0 11379
0 11380
0 11381
0 11382
0 11383
0 11384
2185925 11385
0 11386
0 11387
69260798 11388
0 11389
0 11390
95288533 11391
0 11392
0 11393
0 11394
0 11395
0 11396
1870156 11397
0 11398
11388817 11399
0 11400
18636658 11401
0 11402
20410498 11403
0 11404
0 11405
0 11406
3791667 11407
15673616 11408
16686768 11409
3443242 11410
108365068 11411
0 11412
820511 11413
0 11414
0 11415
84980128 11416
0 11417
0 11418
0 11419
0 11420
0 11421
0 11422
0 11423
0 11424
0 11425
0 11426
0 11427
0 11428
0 11429
36270886 11430
0 11431
0 11432
0 11433
0 11434
84876582 11435
147816 11436
0 11437
0 11438
0 11439
0 11440
8656812 11441
33502 11442
0 11443
13004155 11444
0 11445
0 11446
0 11447
0 11448
0 11449
0 11450
0 11451
0 11452
13391503 11453
12580663 11454
17614669 11455
0 11456
0 11457
45479146 11458
31478795 11459
0 11460
1523629 11461
39474332 11462
0 11463
5319646 11464
0 11465
12174813 11466
0 11467
13395077 11468
10313617 11469
6527106 11470
0 11471
50374757 11472
69042616 11473
0 11474
84984144 11475
10176886 11476
115260099 11477
0 11478
0 11479
0 11480
0 11481
0 11482
0 11483
0 11484
0 11485
0 11486
45236320 11487
0 11488
0 11489
2188735 11490
0 11491
0 11492
10203837 11493
0 11494
0 11495
0 11496
8539054 11497
0 11498
7746252 11499
49091070 11500
0 11501
14391493 11502
149600542 11503
0 11504
0 11505
0 11506
0 11507
4697839 11508
3917385 11509
0 11510
0 11511
0 11512
10571 11513
0 11514
0 11515
0 11516
0 11517
11574168 11518
5394623 11519
0 11520
0 11521
0 11522
0 11523
0 11524
0 11525
1862876 11526
0 11527
0 11528
0 11529
0 11530
0 11531
2534288 11532
0 11533
0 11534
20330831 11535
5180320 11536
0 11537
0 11538
26897506 11539
0 11540
0 11541
10903090 11542
0 11543
0 11544
0 11545
0 11546
0 11547
2046953 11548
0 11549
31458416 11550
7932575 11551
0 11552
0 11553
0 11554
0 11555
0 11556
0 11557
543 11558
0 11559
0 11560
0 11561
0 11562
0 11563
21559486 11564
0 11565
34215577 11566
0 11567
0 11568
17194111 11569
0 11570
0 11571
0 11572
0 11573
0 11574
0 11575
0 11576
0 11577
0 11578
1574332 11579
9358663 11580
3554911 11581
0 11582
0 11583
0 11584
7993300 11585
6549785 11586
0 11587
0 11588
19724563 11589
0 11590
0 11591
0 11592
0 11593
0 11594
0 11595
58304 11596
97564985 11597
0 11598
0 11599
0 11600
0 11601
0 11602
26945094 11603
3886122 11604
0 11605
0 11606
0 11607
0 11608
0 11609
14069849 11610
0 11611
12545187 11612
1283 11613
47104367 11614
4708615 11615
262382624 11616
17600246 11617
0 11618
0 11619
0 11620
10382216 11621
24014507 11622
215442790 11623
0 11624
0 11625
0 11626
0 11627
0 11628
0 11629
0 11630
11575428 11631
42556025 11632
0 11633
0 11634
7374867 11635
0 11636
0 11637
0 11638
0 11639
7517370 11640
103897127 11641
0 11642
0 11643
0 11644
0 11645
0 11646
0 11647
0 11648
1679582 11649
485 11650
0 11651
0 11652
0 11653
458731 11654
0 11655
0 11656
0 11657
9024303 11658
0 11659
0 11660
1854041 11661
0 11662
0 11663
0 11664
0 11665
0 11666
0 11667
0 11668
9551836 11669
0 11670
15453724 11671
8268018 11672
0 11673
0 11674
2007333 11675
7621161 11676
118724721 11677
0 11678
5934616 11679
0 11680
51898093 11681
4225276 11682
639744442 11683
0 11684
0 11685
0 11686
0 11687
513 11688
0 11689
0 11690
0 11691
14229306 11692
0 11693
365865 11694
0 11695
4030803 11696
0 11697
6334283 11698
0 11699
16733673 11700
0 11701
0 11702
0 11703
0 11704
0 11705
10698812 11706
0 11707
0 11708
0 11709
0 11710
0 11711
10403487 11712
0 11713
5889952 11714
0 11715
0 11716
6200154 11717
20914911 11718
0 11719
0 11720
9652281 11721
0 11722
0 11723
0 11724
0 11725
2818603 11726
2024314 11727
18215471 11728
2828362 11729
142968861 11730
0 11731
360920 11732
15936832 11733
388781194 11734
0 11735
0 11736
3761498 11737
0 11738
2553166 11739
0 11740
0 11741
0 11742
6681384 11743
0 11744
0 11745
0 11746
0 11747
0 11748
0 11749
0 11750
0 11751
3596161 11752
0 11753
18444009 11754
0 11755
0 11756
0 11757
0 11758
0 11759
0 11760
0 11761
5290530 11762
0 11763
0 11764
0 11765
0 11766
0 11767
0 11768
0 11769
0 11770
0 11771
0 11772
0 11773
0 11774
1334945 11775
0 11776
20348169 11777
0 11778
0 11779
0 11780
0 11781
0 11782
41657368 11783
0 11784
0 11785
28660339 11786
0 11787
9108326 11788
4106831 11789
0 11790
0 11791
20702065 11792
0 11793
0 11794
0 11795
0 11796
0 11797
3647502 11798
0 11799
0 11800
0 11801
1020253 11802
0 11803
86843929 11804
0 11805
0 11806
2615859 11807
56929454 11808
0 11809
0 11810
0 11811
0 11812
0 11813
0 11814
0 11815
0 11816
0 11817
0 11818
0 11819
0 11820
0 11821
0 11822
0 11823
0 11824
0 11825
0 11826
0 11827
11641485 11828
0 11829
37096273 11830
0 11831
0 11832
0 11833
0 11834
2259142 11835
0 11836
0 11837
0 11838
0 11839
0 11840
0 11841
0 11842
0 11843
4072537 11844
0 11845
0 11846
1772894 11847
0 11848
1954518 11849
0 11850
0 11851
0 11852
0 11853
0 11854
0 11855
0 11856
0 11857
7278431 11858
0 11859
5889342 11860
0 11861
0 11862
0 11863
0 11864
1796853 11865
3554140 11866
0 11867
0 11868
0 11869
5162749 11870
0 11871
93301474 11872
0 11873
0 11874
9114650 11875
254225465 11876
0 11877
28176 11878
4552065 11879
0 11880
0 11881
0 11882
11980809 11883
0 11884
0 11885
0 11886
0 11887
0 11888
0 11889
0 11890
0 11891
0 11892
4226346 11893
0 11894
28926566 11895
0 11896
0 11897
0 11898
0 11899
0 11900
0 11901
0 11902
0 11903
2393022 11904
0 11905
11687301 11906
0 11907
0 11908
3120479 11909
64796483 11910
0 11911
0 11912
0 11913
0 11914
0 11915
1362540 11916
0 11917
26132355 11918
250652957 11919
0 11920
879463 11921
0 11922
0 11923
0 11924
0 11925
0 11926
0 11927
0 11928
0 11929
0 11930
0 11931
2435746 11932
0 11933
12917872 11934
49184288 11935
4276044461 11938
1742686231 11939
1213451089 11940
872405457 11941
1151376611 11942
2646179236 11943
5365555737 11945
1361926024 11946
1031137257 11947
532254664 11948
1620105572 11949
1206327621 11950
188003065 11951
1246290921 11952
260832230 11953
610234176 11954
2909001 11955
476117197 11956
0 11957
52045097 11958
151029994 11959
1186885911 11960
97656969 11961
59911241 11962
201002711 11963
0 11964
95469088 11965
216114990 11966
0 11967
3813400 11968
7167726 11969
81705443 11970
92990832 11971
751799883 11972
56068756 11973
60713654 11974
292799699 11975
9953398 11976
0 11977
2989081 11978
69986582 11979
72047827 11980
455961123 11981
154486117 11982
3604672 11983
83810274 11984
17479212 11985
701883647 11986
18489776 11987
1038325971 11988
1637983955 11990
1457808916 11991
618493865 11992
1263948015 11993
336740490 11994
322406589 11995
154182751 11996
791484773 11997
0 11998
8287535 11999
107465804 12000
950103501 12001
47026412 12002
81220386 12003
122155563 12004
0 12005
9047013 12006
0 12007
47881126 12008
33556065 12009
364707177 12010
62274170 12011
5151802 12012
7490136 12013
138357 12014
248451494 12015
0 12016
222001070 12017
11739245 12018
63564757 12019
0 12020
21368072 12021
19841599 12022
367428300 12023
0 12024
5459040 12025
75742680 12026
0 12027
16181405 12028
0 12029
0 12030
71401167 12031
75693098 12032
13804133 12033
84862761 12034
0 12035
5035004 12036
0 12037
12999927 12038
0 12039
8826104 12040
0 12041
62477040 12042
37971048 12043
330037747 12044
0 12045
13068490 12046
0 12047
0 12048
29778879 12049
0 12050
0 12051
0 12052
60712171 12053
1992953 12054
110305797 12055
116655565 12056
0 12057
23583194 12058
0 12059
0 12060
26397166 12061
32363480 12062
21562703 12063
354381775 12064
1278779 12065
16211950 12066
0 12067
0 12068
12984182 12069
0 12070
10167157 12071
142743135 12072
2367049 12073
260950920 12074
0 12075
0 12076
0 12077
0 12078
0 12079
0 12080
14194084 12081
15756414 12082
56655482 12083
0 12084
18500964 12085
0 12086
0 12087
0 12088
0 12089
18662676 12090
0 12091
0 12092
9180309 12093
10644985 12094
8036304 12095
20532983 12096
17978661 12097
0 12098
13597534 12099
0 12100
0 12101
0 12102
0 12103
40128 12104
24183422 12105
0 12106
15743121 12107
2732462 12108
45738936 12109
14502040 12110
291574711 12111
0 12112
1404308 12113
0 12114
0 12115
2549209 12116
0 12117
0 12118
0 12119
0 12120
5275384 12121
2454691 12122
25716991 12123
20230925 12124
0 12125
0 12126
0 12127
13113536 12128
2771262 12129
74025206 12130
13260087 12131
0 12132
95416724 12133
1557041 12134
292619110 12135
13428389 12136
0 12137
13236230 12138
26254518 12139
0 12140
13413111 12141
172058800 12142
0 12143
111855 12144
1983918 12145
7646188 12146
9310826 12147
0 12148
5718546 12149
62189339 12150
25802990 12151
1909006 12152
59948761 12153
9959911 12154
617522933 12155
3415885 12156
26595243 12157
553218790 12158
0 12159
99263567 12160
0 12161
0 12162
0 12163
0 12164
0 12165
17338980 12166
0 12167
96302936 12168
0 12169
0 12170
0 12171
9264193 12172
4021854 12173
0 12174
0 12175
31854611 12176
633721 12177
0 12178
1202830 12179
0 12180
155518076 12181
0 12182
8736455 12183
73654330 12184
0 12185
0 12186
10720645 12187
0 12188
0 12189
0 12190
0 12191
0 12192
0 12193
4375169 12194
0 12195
0 12196
698596 12197
1436700 12198
0 12199
0 12200
0 12201
17846086 12202
0 12203
15793380 12204
0 12205
0 12206
0 12207
0 12208
0 12209
9970806 12210
0 12211
0 12212
0 12213
0 12214
1591805 12215
0 12216
47862803 12217
0 12218
0 12219
0 12220
8322807 12221
1368 12222
9017506 12223
0 12224
0 12225
41647099 12226
0 12227
163201334 12228
1476244 12229
1507700 12230
26648995 12231
0 12232
13445857 12233
0 12234
0 12235
0 12236
0 12237
0 12238
8464342 12239
4525807 12240
0 12241
0 12242
0 12243
1244386 12244
26577163 12245
0 12246
0 12247
9580296 12248
0 12249
42970254 12250
0 12251
141780344 12252
2475498 12253
6888864 12254
242929610 12255
0 12256
0 12257
0 12258
0 12259
0 12260
0 12261
688877 12262
5621003 12263
0 12264
0 12265
716703 12266
0 12267
92053 12268
9611542 12269
74479597 12270
0 12271
150831021 12272
0 12273
0 12274
0 12275
0 12276
2103072 12277
13938865 12278
0 12279
46669179 12280
0 12281
0 12282
0 12283
12295874 12284
0 12285
0 12286
2313885 12287
2632127 12288
0 12289
0 12290
0 12291
21558690 12292
0 12293
146913913 12294
24941206 12295
776499 12296
0 12297
23829970 12298
0 12299
156588419 12300
7530870 12301
36988314 12302
582034871 12303
0 12304
0 12305
0 12306
21816100 12307
685136 12308
76895036 12309
478078484 12310
0 12311
0 12312
42938 12313
0 12314
5569755 12315
65274021 12316
0 12317
0 12318
19033691 12319
0 12320
6345790 12321
0 12322
0 12323
0 12324
4456550 12325
2763624 12326
36383134 12327
3450517 12328
7684986 12329
167819575 12330
713753 12331
8616556 12332
0 12333
66101403 12334
440416012 12335
1896097 12336
18563015 12337
6819304 12338
200414386 12339
565679010 12340
0 12341
12768078 12342
146433104 12343
398364240 12344
207011273 12345
